package,file,width,height,orange_ratio,bright_orange_ratio,orange_bbox_width,orange_bbox_height,orange_bbox_aspect,avg_orange_r,avg_orange_g,avg_orange_b,left_orange_samples,right_orange_samples,component_score,component_width,component_height,component_aspect,component_area,component_left_height,component_mid_height,component_diamond_ratio,component_left_area_ratio,component_right_area_ratio,component_min_x,component_min_y,component_max_x,component_max_y,score,long_orange_bar,diamond_long_bar,targetstatus_family,source
EFUI_STATUS,targetstatus_loc_int_i164.png,1024,64,0.261963,0.202148,620.0,48.0,12.9167,202.02,94.73,9.07,821,252,79.2308,604.0,16.0,37.75,601,16.0,16.0,1.0,0.2446,0.1165,16.0,32.0,616.0,44.0,221.0879,True,False,True,D:\Dwonloads\umodel_lostark_v7\extracted\lostark_ui_by_package_png\EFUI_STATUS\Texture2D\targetstatus_loc_int_i164.png
EFUI_STATUS,targetstatus_loc_int_i18c.png,1024,1024,0.032806,0.031265,988.0,204.0,4.8431,190.11,81.36,8.7,661,1489,81.6389,684.0,132.0,5.1818,1845,132.0,56.0,2.3571,0.4331,0.0986,308.0,812.0,988.0,940.0,217.5336,True,True,True,D:\Dwonloads\umodel_lostark_v7\extracted\lostark_ui_by_package_png\EFUI_STATUS\Texture2D\targetstatus_loc_int_i18c.png
EFUI_STATUS,targetstatus_loc_int_i143.png,1024,1024,0.136185,0.13446,904.0,932.0,0.97,209.52,124.01,28.2,4759,4166,84.0,904.0,28.0,32.2857,1344,24.0,28.0,0.8571,0.2455,0.1168,0.0,636.0,900.0,660.0,211.9143,True,False,True,D:\Dwonloads\umodel_lostark_v7\extracted\lostark_ui_by_package_png\EFUI_STATUS\Texture2D\targetstatus_loc_int_i143.png
EFUI_STATUS,targetstatus_loc_int_i2.png,1024,1024,0.083069,0.072723,840.0,904.0,0.9292,212.49,97.05,51.98,2792,2652,84.0,840.0,64.0,13.125,2093,16.0,64.0,0.25,0.0841,0.1443,0.0,804.0,836.0,864.0,211.0,True,False,True,D:\Dwonloads\umodel_lostark_v7\extracted\lostark_ui_by_package_png\EFUI_STATUS\Texture2D\targetstatus_loc_int_i2.png
EFUI_STATUS,targetstatus_loc_int_i333.png,1024,1024,0.024124,0.02002,912.0,148.0,6.1622,182.57,102.77,34.44,389,1192,74.9231,492.0,32.0,15.375,984,32.0,32.0,1.0,0.252,0.122,484.0,992.0,972.0,1020.0,210.4656,True,False,True,D:\Dwonloads\umodel_lostark_v7\extracted\lostark_ui_by_package_png\EFUI_STATUS\Texture2D\targetstatus_loc_int_i333.png
EFUI_STATUS,targetstatus_loc_int_i337.png,1024,1024,0.023773,0.01973,512.0,144.0,3.5556,170.76,121.53,44.14,1144,414,74.6154,484.0,32.0,15.125,968,32.0,32.0,1.0,0.2479,0.124,0.0,992.0,480.0,1020.0,200.5487,True,False,True,D:\Dwonloads\umodel_lostark_v7\extracted\lostark_ui_by_package_png\EFUI_STATUS\Texture2D\targetstatus_loc_int_i337.png
EFUI_STATUS,targetstatus_loc_int_i33b.png,1024,1024,0.011734,0.004791,644.0,24.0,26.8333,186.82,57.16,12.92,430,339,80.3077,632.0,24.0,26.3333,767,24.0,20.0,1.2,0.2321,0.1095,16.0,1000.0,644.0,1020.0,199.5128,True,False,True,D:\Dwonloads\umodel_lostark_v7\extracted\lostark_ui_by_package_png\EFUI_STATUS\Texture2D\targetstatus_loc_int_i33b.png
EFUI_STATUS,targetstatus_loc_int_i331.png,1024,1024,0.018158,0.012405,508.0,144.0,3.5278,187.89,86.18,28.51,852,338,74.7692,488.0,16.0,30.5,486,16.0,16.0,1.0,0.2469,0.1193,0.0,992.0,484.0,1004.0,191.0812,True,False,True,D:\Dwonloads\umodel_lostark_v7\extracted\lostark_ui_by_package_png\EFUI_STATUS\Texture2D\targetstatus_loc_int_i331.png
EFUI_STATUS,targetstatus_loc_int_i1ba.png,1024,1024,0.012543,0.009659,500.0,148.0,3.3784,175.52,102.21,52.51,617,205,49.1538,220.0,52.0,4.2308,584,52.0,52.0,1.0,0.2568,0.0771,28.0,944.0,244.0,992.0,158.4651,True,False,True,D:\Dwonloads\umodel_lostark_v7\extracted\lostark_ui_by_package_png\EFUI_STATUS\Texture2D\targetstatus_loc_int_i1ba.png
EFUI_STATUS,targetstatus_loc_int_i13e.png,1024,1024,0.021042,0.017288,452.0,220.0,2.0545,189.67,100.92,48.26,1198,181,38.7692,280.0,144.0,1.9444,1235,144.0,144.0,1.0,0.383,0.0753,140.0,800.0,416.0,940.0,156.2439,False,False,True,D:\Dwonloads\umodel_lostark_v7\extracted\lostark_ui_by_package_png\EFUI_STATUS\Texture2D\targetstatus_loc_int_i13e.png
EFUI_STATUS,headstatus_i6.png,1024,128,0.037598,0.020874,756.0,80.0,9.45,164.82,104.85,46.56,93,215,46.0,80.0,68.0,1.1765,45,68.0,8.0,8.5,0.4889,0.0444,4.0,12.0,80.0,76.0,149.03,True,False,False,D:\Dwonloads\umodel_lostark_v7\extracted\lostark_ui_by_package_png\EFUI_STATUS\Texture2D\headstatus_i6.png
EFUI_FIELDBOSS,sylmaelfieldboss_i1.png,1024,1024,0.078888,0.048859,880.0,904.0,0.9735,187.44,69.22,17.04,1733,3437,73.6923,460.0,20.0,23.0,574,20.0,20.0,1.0,0.2509,0.122,544.0,884.0,1000.0,900.0,147.2637,True,False,False,D:\Dwonloads\umodel_lostark_v7\extracted\lostark_ui_by_package_png\EFUI_FIELDBOSS\Texture2D\sylmaelfieldboss_i1.png
EFUI_RAIDMEMBERFRAME,raidmemberframe_i6.png,1024,256,0.058228,0.033081,1024.0,192.0,5.3333,145.69,102.29,2.97,461,493,64.1099,248.0,28.0,8.8571,433,28.0,28.0,1.0,0.2564,0.1132,472.0,112.0,716.0,136.0,147.2051,True,False,False,D:\Dwonloads\umodel_lostark_v7\extracted\lostark_ui_by_package_png\EFUI_RAIDMEMBERFRAME\Texture2D\raidmemberframe_i6.png
EFUI_RAIDENTRANCE,raidentrance_i2e.png,1024,1024,0.044693,0.033203,868.0,456.0,1.9035,169.75,127.05,54.62,755,2174,72.6154,640.0,96.0,6.6667,1749,48.0,96.0,0.5,0.267,0.1407,292.0,116.0,928.0,208.0,146.0154,True,False,False,D:\Dwonloads\umodel_lostark_v7\extracted\lostark_ui_by_package_png\EFUI_RAIDENTRANCE\Texture2D\raidentrance_i2e.png
EFUI_LOWENENTRANCE,lowenentrance_i13.png,1024,1024,0.047958,0.038956,908.0,628.0,1.4459,200.11,114.41,58.93,878,2265,84.0,880.0,24.0,36.6667,1311,24.0,24.0,1.0,0.2441,0.1152,4.0,608.0,880.0,628.0,144.9714,True,False,False,D:\Dwonloads\umodel_lostark_v7\extracted\lostark_ui_by_package_png\EFUI_LOWENENTRANCE\Texture2D\lowenentrance_i13.png
EFUI_BACKGROUNDIMG,raid_img_04.png,1188,656,0.162899,0.114722,1188.0,645.05,1.8417,171.51,89.07,68.83,3394,2486,70.4196,482.62,97.45,4.9524,729,97.45,32.48,3.0,0.4568,0.0206,0.0,468.7,477.98,561.52,140.391,True,True,False,D:\Dwonloads\umodel_lostark_v7\extracted\lostark_ui_by_package_png\EFUI_BACKGROUNDIMG\Texture2D\raid_img_04.png
EFUI_ABYSSRAID,abyssraid_i1e0.png,2048,1024,0.221313,0.17276,1552.0,392.0,3.9592,167.08,94.79,8.76,2645,4607,53.8776,1552.0,392.0,3.9592,7252,328.0,392.0,0.8367,0.187,0.0655,128.0,120.0,1672.0,504.0,138.4205,True,False,False,D:\Dwonloads\umodel_lostark_v7\extracted\lostark_ui_by_package_png\EFUI_ABYSSRAID\Texture2D\abyssraid_i1e0.png
EFUI_RAIDPROCESS,raidprocess_i7e.png,2048,1024,0.221313,0.17276,1552.0,392.0,3.9592,167.08,94.79,8.76,2645,4607,53.8776,1552.0,392.0,3.9592,7252,328.0,392.0,0.8367,0.187,0.0655,128.0,120.0,1672.0,504.0,138.4205,True,False,False,D:\Dwonloads\umodel_lostark_v7\extracted\lostark_ui_by_package_png\EFUI_RAIDPROCESS\Texture2D\raidprocess_i7e.png
EFUI_IDENTITYKIMASTERGAUGE,identitykimastergauge_i1.png,1024,64,0.178711,0.128174,504.0,60.0,8.4,175.01,121.06,15.51,541,191,65.8462,256.0,24.0,10.6667,366,24.0,24.0,1.0,0.2322,0.112,248.0,40.0,500.0,60.0,137.8062,True,False,False,D:\Dwonloads\umodel_lostark_v7\extracted\lostark_ui_by_package_png\EFUI_IDENTITYKIMASTERGAUGE\Texture2D\identitykimastergauge_i1.png
EFUI_RAIDPROCESS,raidprocess_i2.png,1024,1024,0.072906,0.043304,848.0,888.0,0.955,179.17,68.85,19.06,1974,2804,64.6154,224.0,24.0,9.3333,306,24.0,24.0,1.0,0.2255,0.0882,624.0,960.0,844.0,980.0,137.7297,False,False,False,D:\Dwonloads\umodel_lostark_v7\extracted\lostark_ui_by_package_png\EFUI_RAIDPROCESS\Texture2D\raidprocess_i2.png
EFUI_STATUS,targetstatus_loc_int_i203.png,1024,1024,0.016266,0.009857,576.0,220.0,2.6182,175.27,77.53,39.41,598,468,28.0,20.0,16.0,1.25,11,8.0,16.0,0.5,0.2727,0.0909,556.0,840.0,572.0,852.0,136.4719,False,False,True,D:\Dwonloads\umodel_lostark_v7\extracted\lostark_ui_by_package_png\EFUI_STATUS\Texture2D\targetstatus_loc_int_i203.png
EFUI_ABYSSRAID,abyssraid_i33.png,1024,1024,0.023468,0.011734,908.0,704.0,1.2898,195.78,106.76,29.14,557,981,69.8462,360.0,16.0,22.5,307,16.0,16.0,1.0,0.2215,0.1401,0.0,1004.0,356.0,1016.0,135.9792,True,False,False,D:\Dwonloads\umodel_lostark_v7\extracted\lostark_ui_by_package_png\EFUI_ABYSSRAID\Texture2D\abyssraid_i33.png
EFUI_BACKGROUNDIMG,raid_img_03.png,1188,656,0.12126,0.07275,1132.31,566.16,2.0,154.33,78.74,69.45,954,3423,65.2857,993.09,194.91,5.0952,3430,97.45,194.91,0.5,0.1522,0.0397,120.66,301.64,1109.11,491.91,134.4616,True,False,False,D:\Dwonloads\umodel_lostark_v7\extracted\lostark_ui_by_package_png\EFUI_BACKGROUNDIMG\Texture2D\raid_img_03.png
EFUI_ABYSSRAIDENTRACE,abyssraidentrace_ib1.png,2048,256,0.016602,0.005737,1528.0,104.0,14.6923,138.3,90.32,43.4,57,79,55.5,208.0,32.0,6.5,73,24.0,32.0,0.75,0.2055,0.0548,680.0,64.0,880.0,88.0,133.8584,True,False,False,D:\Dwonloads\umodel_lostark_v7\extracted\lostark_ui_by_package_png\EFUI_ABYSSRAIDENTRACE\Texture2D\abyssraidentrace_ib1.png
EFUI_CONTENTSGAUGE,contentsgauge_i11.png,1024,1024,0.04985,0.028366,988.0,1008.0,0.9802,179.93,95.73,46.02,1192,2075,65.8462,256.0,16.0,16.0,247,16.0,16.0,1.0,0.2591,0.1174,504.0,1008.0,756.0,1020.0,132.9605,True,False,False,D:\Dwonloads\umodel_lostark_v7\extracted\lostark_ui_by_package_png\EFUI_CONTENTSGAUGE\Texture2D\contentsgauge_i11.png
EFUI_OCCUPYINGGAUGE,occupyinggauge_i26.png,1024,256,0.031799,0.018372,404.0,84.0,4.8095,160.43,90.69,44.67,482,39,66.717,404.0,84.0,4.8095,519,84.0,48.0,1.75,0.3372,0.0462,48.0,52.0,448.0,132.0,132.2218,True,True,False,D:\Dwonloads\umodel_lostark_v7\extracted\lostark_ui_by_package_png\EFUI_OCCUPYINGGAUGE\Texture2D\occupyinggauge_i26.png
EFUI_STATUS,targetstatus_loc_int_i20a.png,1024,1024,0.00737,0.007141,416.0,88.0,4.7273,241.08,122.72,1.05,359,124,28.0,100.0,80.0,1.25,118,60.0,80.0,0.75,0.322,0.1017,428.0,936.0,524.0,1012.0,131.8611,True,False,True,D:\Dwonloads\umodel_lostark_v7\extracted\lostark_ui_by_package_png\EFUI_STATUS\Texture2D\targetstatus_loc_int_i20a.png
EFUI_COLOSSEUM,colosseumheadstatus_i5.png,1024,128,0.107666,0.099487,780.0,100.0,7.8,210.69,128.16,41.89,235,647,56.2692,280.0,48.0,5.8333,350,24.0,44.0,0.5455,0.2171,0.1,628.0,0.0,904.0,44.0,131.3321,True,False,False,D:\Dwonloads\umodel_lostark_v7\extracted\lostark_ui_by_package_png\EFUI_COLOSSEUM\Texture2D\colosseumheadstatus_i5.png
EFUI_STATUS,targetstatus_loc_int_i2fc.png,1024,1024,0.0009,0.000702,348.0,24.0,14.5,229.1,79.53,41.32,34,25,28.0,28.0,20.0,1.4,27,16.0,20.0,0.8,0.3333,0.1481,328.0,888.0,352.0,904.0,131.3035,True,False,True,D:\Dwonloads\umodel_lostark_v7\extracted\lostark_ui_by_package_png\EFUI_STATUS\Texture2D\targetstatus_loc_int_i2fc.png
EFUI_RAIDMEMBERWND,raidmemberwnd_i8.png,1024,256,0.010986,0.008057,428.0,76.0,5.6316,159.69,114.13,32.91,0,180,83.5481,284.0,32.0,8.875,84,28.0,4.0,7.0,0.2857,0.1905,592.0,0.0,872.0,28.0,131.2937,True,True,False,D:\Dwonloads\umodel_lostark_v7\extracted\lostark_ui_by_package_png\EFUI_RAIDMEMBERWND\Texture2D\raidmemberwnd_i8.png
EFUI_IDENTITYDRAGONKNIGHTEMBERETHGAUGE,identitydragonknightemberethgauge_i4.png,1024,128,0.032349,0.016235,756.0,64.0,11.8125,214.51,73.25,37.92,143,122,50.6154,224.0,8.0,28.0,57,4.0,4.0,1.0,0.2456,0.1404,44.0,52.0,264.0,56.0,129.1883,True,False,False,D:\Dwonloads\umodel_lostark_v7\extracted\lostark_ui_by_package_png\EFUI_IDENTITYDRAGONKNIGHTEMBERETHGAUGE\Texture2D\identitydragonknightemberethgauge_i4.png
EFUI_EPICGATEABYSSENTRANCE,epicgateabyssentrance_ib0.png,2048,256,0.016602,0.005737,1528.0,104.0,14.6923,138.3,90.32,43.4,57,79,55.5,208.0,32.0,6.5,73,24.0,32.0,0.75,0.2055,0.0548,680.0,64.0,880.0,88.0,128.8584,True,False,False,D:\Dwonloads\umodel_lostark_v7\extracted\lostark_ui_by_package_png\EFUI_EPICGATEABYSSENTRANCE\Texture2D\epicgateabyssentrance_ib0.png
EFUI_AOSHUDHEADSTATUS,aoshudheadstatus_i5.png,1024,64,0.138916,0.086182,476.0,44.0,10.8182,217.95,113.93,7.01,411,158,45.25,92.0,16.0,5.75,92,16.0,16.0,1.0,0.3043,0.1304,524.0,0.0,612.0,12.0,128.1955,True,False,False,D:\Dwonloads\umodel_lostark_v7\extracted\lostark_ui_by_package_png\EFUI_AOSHUDHEADSTATUS\Texture2D\aoshudheadstatus_i5.png
EFUI_STATUS,targetstatus_loc_int_i1_nopack.png,76,72,0.018823,0.015168,26.0,8.0,3.25,223.82,89.27,37.49,16,87,14.0,10.0,8.0,1.25,51,4.0,8.0,0.5,0.1961,0.0784,41.0,41.0,50.0,48.0,126.2657,False,False,True,D:\Dwonloads\umodel_lostark_v7\extracted\lostark_ui_by_package_png\EFUI_STATUS\Texture2D\targetstatus_loc_int_i1_nopack.png
EFUI_EPICGATECOMMANDERPROCESS,epicgatecommanderprocess_i3c.png,2048,1024,0.221313,0.17276,1552.0,392.0,3.9592,167.08,94.79,8.76,2645,4607,53.8776,1552.0,392.0,3.9592,7252,328.0,392.0,0.8367,0.187,0.0655,128.0,120.0,1672.0,504.0,125.4205,True,False,False,D:\Dwonloads\umodel_lostark_v7\extracted\lostark_ui_by_package_png\EFUI_EPICGATECOMMANDERPROCESS\Texture2D\epicgatecommanderprocess_i3c.png
EFUI_EPICGATEPROCESS,epicgateprocess_i99.png,2048,1024,0.221313,0.17276,1552.0,392.0,3.9592,167.08,94.79,8.76,2645,4607,53.8776,1552.0,392.0,3.9592,7252,328.0,392.0,0.8367,0.187,0.0655,128.0,120.0,1672.0,504.0,125.4205,True,False,False,D:\Dwonloads\umodel_lostark_v7\extracted\lostark_ui_by_package_png\EFUI_EPICGATEPROCESS\Texture2D\epicgateprocess_i99.png
EFUI_STATUS,targetstatus_loc_int_i5.png,1024,1024,0.006577,0.004013,356.0,116.0,3.069,174.39,111.32,27.96,405,26,28.0,56.0,96.0,0.5833,204,72.0,96.0,0.75,0.2647,0.0931,64.0,876.0,116.0,968.0,124.9989,False,False,True,D:\Dwonloads\umodel_lostark_v7\extracted\lostark_ui_by_package_png\EFUI_STATUS\Texture2D\targetstatus_loc_int_i5.png
EFUI_RAIDENTRANCE,raidentrance_i1d4.png,2048,512,0.012817,0.003052,736.0,120.0,6.1333,126.47,66.48,24.49,125,85,73.8462,464.0,40.0,11.6,191,24.0,40.0,0.6,0.178,0.0419,496.0,56.0,952.0,88.0,124.9711,True,False,False,D:\Dwonloads\umodel_lostark_v7\extracted\lostark_ui_by_package_png\EFUI_RAIDENTRANCE\Texture2D\raidentrance_i1d4.png
EFUI_STATUS,targetstatus_loc_int_ib.png,1024,1024,0.003021,0.002747,388.0,80.0,4.85,221.14,130.27,43.39,159,39,28.0,80.0,68.0,1.1765,164,56.0,68.0,0.8235,0.3476,0.0915,308.0,936.0,384.0,1000.0,124.1943,True,False,True,D:\Dwonloads\umodel_lostark_v7\extracted\lostark_ui_by_package_png\EFUI_STATUS\Texture2D\targetstatus_loc_int_ib.png
EFUI_STATUS,targetstatus_loc_int_i13f.png,1024,1024,0.00676,0.00621,432.0,200.0,2.16,225.86,91.93,25.7,124,319,28.0,100.0,100.0,1.0,318,88.0,100.0,0.88,0.3176,0.1164,456.0,804.0,552.0,900.0,124.1135,False,False,True,D:\Dwonloads\umodel_lostark_v7\extracted\lostark_ui_by_package_png\EFUI_STATUS\Texture2D\targetstatus_loc_int_i13f.png
EFUI_TRINITYENTRANCE,trinityentrance_i5.png,1024,1024,0.032593,0.016922,1020.0,888.0,1.1486,160.88,87.8,30.06,663,1473,62.375,260.0,32.0,8.125,491,32.0,32.0,1.0,0.2485,0.1059,588.0,968.0,844.0,996.0,123.8684,True,False,False,D:\Dwonloads\umodel_lostark_v7\extracted\lostark_ui_by_package_png\EFUI_TRINITYENTRANCE\Texture2D\trinityentrance_i5.png
EFUI_CONFRONTHUD,confronthud_i66.png,1024,1024,0.02272,0.02272,384.0,84.0,4.5714,199.84,137.11,36.65,1133,356,56.4835,384.0,84.0,4.5714,1489,68.0,84.0,0.8095,0.1934,0.0658,100.0,512.0,480.0,592.0,122.2735,True,False,False,D:\Dwonloads\umodel_lostark_v7\extracted\lostark_ui_by_package_png\EFUI_CONFRONTHUD\Texture2D\confronthud_i66.png
EFUI_RAIDCHALLENGEENTRANCE,raidchallengeentrance_i2a.png,1024,1024,0.017944,0.008301,832.0,812.0,1.0246,153.91,87.92,27.7,234,942,64.4615,220.0,20.0,11.0,111,4.0,20.0,0.2,0.1261,0.0631,52.0,988.0,268.0,1004.0,122.209,False,False,False,D:\Dwonloads\umodel_lostark_v7\extracted\lostark_ui_by_package_png\EFUI_RAIDCHALLENGEENTRANCE\Texture2D\raidchallengeentrance_i2a.png
EFUI_TRINITYENTRANCE,trinityentrance_ia2_nopack.png,936,624,0.140077,0.112619,672.75,522.84,1.2867,188.86,90.93,62.0,1545,4587,63.4562,446.06,73.12,6.1,1135,73.12,65.81,1.1111,0.348,0.0458,135.28,552.09,577.69,621.56,121.0669,True,False,False,D:\Dwonloads\umodel_lostark_v7\extracted\lostark_ui_by_package_png\EFUI_TRINITYENTRANCE\Texture2D\trinityentrance_ia2_nopack.png
EFUI_TOWNTOPHUD,towntophud_i4.png,1024,64,0.063477,0.037354,776.0,44.0,17.6364,170.39,136.7,70.37,111,149,43.0,32.0,24.0,1.3333,21,24.0,8.0,3.0,0.381,0.2381,272.0,8.0,300.0,28.0,120.0857,True,False,False,D:\Dwonloads\umodel_lostark_v7\extracted\lostark_ui_by_package_png\EFUI_TOWNTOPHUD\Texture2D\towntophud_i4.png
EFUI_CONTENTSGAUGE,contentsgauge_i5.png,1024,1024,0.030731,0.025192,1000.0,856.0,1.1682,204.95,115.32,56.83,329,1685,51.25,124.0,16.0,7.75,112,16.0,16.0,1.0,0.2589,0.0982,708.0,920.0,828.0,932.0,118.5357,False,False,False,D:\Dwonloads\umodel_lostark_v7\extracted\lostark_ui_by_package_png\EFUI_CONTENTSGAUGE\Texture2D\contentsgauge_i5.png
EFUI_COMMONBATTLEMVP,commonbattlemvp_i6.png,1024,1024,0.100098,0.015015,896.0,864.0,1.037,125.68,86.08,54.2,499,6061,64.9231,232.0,16.0,14.5,147,16.0,16.0,1.0,0.2993,0.0748,552.0,704.0,780.0,716.0,117.7377,False,False,False,D:\Dwonloads\umodel_lostark_v7\extracted\lostark_ui_by_package_png\EFUI_COMMONBATTLEMVP\Texture2D\commonbattlemvp_i6.png
EFUI_ABYSSRAIDOBSERVERMODE,abyssraidobservermode_i38.png,1024,1024,0.016129,0.009872,744.0,256.0,2.9062,149.46,103.47,9.68,161,896,60.7885,248.0,32.0,7.75,494,32.0,32.0,1.0,0.2571,0.1113,776.0,224.0,1020.0,252.0,117.5795,True,False,False,D:\Dwonloads\umodel_lostark_v7\extracted\lostark_ui_by_package_png\EFUI_ABYSSRAIDOBSERVERMODE\Texture2D\abyssraidobservermode_i38.png
EFUI_ABYSSRAIDENTRACE,abyssraidentrace_i9.png,1024,1024,0.042297,0.01796,732.0,944.0,0.7754,145.19,102.44,44.23,256,2516,46.0,120.0,20.0,6.0,123,16.0,20.0,0.8,0.2033,0.0976,848.0,828.0,964.0,844.0,117.4167,False,False,False,D:\Dwonloads\umodel_lostark_v7\extracted\lostark_ui_by_package_png\EFUI_ABYSSRAIDENTRACE\Texture2D\abyssraidentrace_i9.png
EFUI_TOWNMANAGEMENT,townbuildingstatus_i1.png,1024,128,0.176147,0.105103,936.0,104.0,9.0,163.11,128.3,16.57,1088,355,38.0,28.0,16.0,1.75,10,16.0,4.0,4.0,0.6,0.1,476.0,20.0,500.0,32.0,116.9714,True,False,False,D:\Dwonloads\umodel_lostark_v7\extracted\lostark_ui_by_package_png\EFUI_TOWNMANAGEMENT\Texture2D\townbuildingstatus_i1.png
EFUI_BACKGROUNDIMG,raid_img_08.png,1188,656,0.06998,0.017287,1188.0,380.53,3.122,134.82,109.22,84.51,874,1652,43.0,116.02,23.2,5.0,39,4.64,23.2,0.2,0.1795,0.1538,635.77,334.12,747.14,352.69,116.6294,False,False,False,D:\Dwonloads\umodel_lostark_v7\extracted\lostark_ui_by_package_png\EFUI_BACKGROUNDIMG\Texture2D\raid_img_08.png
EFUI_LOWENENTRANCE,lowenentrance_i5.png,1024,1024,0.058945,0.036179,968.0,952.0,1.0168,173.68,108.18,24.33,756,3107,53.251,324.0,76.0,4.2632,1418,76.0,72.0,1.0556,0.2377,0.115,504.0,704.0,824.0,776.0,115.0796,True,False,False,D:\Dwonloads\umodel_lostark_v7\extracted\lostark_ui_by_package_png\EFUI_LOWENENTRANCE\Texture2D\lowenentrance_i5.png
EFUI_CONFRONTHUD,confronthud_i62.png,1024,1024,0.265625,0.104645,1004.0,912.0,1.1009,152.19,101.81,65.21,7601,9807,43.8333,112.0,108.0,1.037,67,76.0,24.0,3.1667,0.4627,0.0746,784.0,268.0,892.0,372.0,114.1762,False,False,False,D:\Dwonloads\umodel_lostark_v7\extracted\lostark_ui_by_package_png\EFUI_CONFRONTHUD\Texture2D\confronthud_i62.png
EFUI_INDICATOR,indicator_i1.png,1024,1024,0.017731,0.011185,1004.0,408.0,2.4608,181.03,106.68,31.87,95,1067,63.25,92.0,16.0,5.75,26,16.0,4.0,4.0,0.3846,0.1154,764.0,968.0,852.0,980.0,113.189,False,False,False,D:\Dwonloads\umodel_lostark_v7\extracted\lostark_ui_by_package_png\EFUI_INDICATOR\Texture2D\indicator_i1.png
EFUI_BACKGROUNDIMG,raid_img_11.png,1188,656,0.513713,0.331339,1188.0,654.33,1.8156,164.46,103.93,53.53,6205,12338,42.0,1188.0,417.66,2.8444,16145,348.05,417.66,0.8333,0.21,0.1458,0.0,0.0,1183.36,413.02,111.9714,False,False,False,D:\Dwonloads\umodel_lostark_v7\extracted\lostark_ui_by_package_png\EFUI_BACKGROUNDIMG\Texture2D\raid_img_11.png
EFUI_RAIDPROCESS,raidprocess_i84.png,1024,1024,0.140869,0.089066,896.0,872.0,1.0275,181.29,60.38,16.56,4060,5172,37.8462,256.0,136.0,1.8824,1046,96.0,128.0,0.75,0.2352,0.1157,620.0,20.0,872.0,152.0,111.6462,False,False,False,D:\Dwonloads\umodel_lostark_v7\extracted\lostark_ui_by_package_png\EFUI_RAIDPROCESS\Texture2D\raidprocess_i84.png
EFUI_WEEKLYRAID,weeklyraid_i3.png,1024,1024,0.004395,0.002609,632.0,64.0,9.875,157.72,109.2,23.48,197,91,57.6667,140.0,36.0,3.8889,91,36.0,8.0,4.5,0.2967,0.2198,544.0,856.0,680.0,888.0,111.2057,True,False,False,D:\Dwonloads\umodel_lostark_v7\extracted\lostark_ui_by_package_png\EFUI_WEEKLYRAID\Texture2D\weeklyraid_i3.png
EFUI_EPICGATEKAZEROTHENTRANCE,epicgatekazerothentrance_i184.png,1024,1024,0.022629,0.009583,964.0,832.0,1.1587,147.37,81.38,37.56,165,1318,59.3846,192.0,24.0,8.0,109,8.0,24.0,0.3333,0.1284,0.055,616.0,872.0,804.0,892.0,110.5787,False,False,False,D:\Dwonloads\umodel_lostark_v7\extracted\lostark_ui_by_package_png\EFUI_EPICGATEKAZEROTHENTRANCE\Texture2D\epicgatekazerothentrance_i184.png
EFUI_OCCUPYINGGAUGE,occupyinggauge_i4.png,1024,1024,0.019272,0.019257,300.0,312.0,0.9615,242.56,105.69,21.88,0,1263,64.7692,228.0,16.0,14.25,171,16.0,16.0,1.0,0.3509,0.0702,604.0,348.0,828.0,360.0,110.5452,False,False,False,D:\Dwonloads\umodel_lostark_v7\extracted\lostark_ui_by_package_png\EFUI_OCCUPYINGGAUGE\Texture2D\occupyinggauge_i4.png
EFUI_RAIDPROCESS,raidprocess_i33.png,1024,1024,0.076477,0.041473,896.0,584.0,1.5342,179.61,56.83,14.35,2788,2224,36.3333,28.0,24.0,1.1667,13,20.0,12.0,1.6667,0.5385,0.0769,228.0,212.0,252.0,232.0,110.1333,False,False,False,D:\Dwonloads\umodel_lostark_v7\extracted\lostark_ui_by_package_png\EFUI_RAIDPROCESS\Texture2D\raidprocess_i33.png
EFUI_FIELDBOSS,sylmaelfieldboss_i8f.png,1024,1024,0.028259,0.021484,852.0,828.0,1.029,218.95,73.46,26.57,699,1153,36.75,20.0,28.0,0.7143,17,28.0,16.0,1.75,0.5294,0.1176,132.0,756.0,148.0,780.0,109.9214,False,False,False,D:\Dwonloads\umodel_lostark_v7\extracted\lostark_ui_by_package_png\EFUI_FIELDBOSS\Texture2D\sylmaelfieldboss_i8f.png
EFUI_ABYSSRAID,abyssraid_i5f.png,2048,256,0.008545,0.0,320.0,16.0,20.0,97.96,57.83,13.16,70,0,68.3077,320.0,16.0,20.0,70,16.0,16.0,1.0,0.2429,0.0714,368.0,120.0,680.0,128.0,109.8606,False,False,False,D:\Dwonloads\umodel_lostark_v7\extracted\lostark_ui_by_package_png\EFUI_ABYSSRAID\Texture2D\abyssraid_i5f.png
EFUI_RAIDPROCESS,raidprocess_ic0.png,1024,1024,0.029037,0.02182,844.0,868.0,0.9724,218.48,73.36,27.24,707,1196,36.75,20.0,28.0,0.7143,17,28.0,16.0,1.75,0.5294,0.1176,132.0,756.0,148.0,780.0,109.8071,False,False,False,D:\Dwonloads\umodel_lostark_v7\extracted\lostark_ui_by_package_png\EFUI_RAIDPROCESS\Texture2D\raidprocess_ic0.png
EFUI_RAIDPROCESS,raidprocess_ib4.png,1024,1024,0.038879,0.027252,896.0,892.0,1.0045,202.29,70.53,24.61,551,1997,36.0,40.0,36.0,1.1111,32,32.0,20.0,1.6,0.2812,0.0938,716.0,136.0,752.0,168.0,109.8,False,False,False,D:\Dwonloads\umodel_lostark_v7\extracted\lostark_ui_by_package_png\EFUI_RAIDPROCESS\Texture2D\raidprocess_ib4.png
EFUI_RAIDPROCESS,raidprocess_i88.png,1024,1024,0.054398,0.030426,840.0,544.0,1.5441,182.75,56.61,16.76,483,3082,36.1538,212.0,112.0,1.8929,650,68.0,112.0,0.6071,0.1985,0.0831,644.0,648.0,852.0,756.0,109.1538,False,False,False,D:\Dwonloads\umodel_lostark_v7\extracted\lostark_ui_by_package_png\EFUI_RAIDPROCESS\Texture2D\raidprocess_i88.png
EFUI_BATTLEFIELDENTRANCE,battlefieldentrance_i2.png,1024,1024,0.086105,0.060608,1024.0,976.0,1.0492,173.68,93.48,42.62,1794,3849,46.0,36.0,16.0,2.25,12,16.0,4.0,4.0,0.5,0.0833,888.0,912.0,920.0,924.0,108.6286,False,False,False,D:\Dwonloads\umodel_lostark_v7\extracted\lostark_ui_by_package_png\EFUI_BATTLEFIELDENTRANCE\Texture2D\battlefieldentrance_i2.png
EFUI_ICONATLAS_B,bossmon_img_5.png,984,240,0.048072,0.016633,849.47,238.31,3.5645,137.38,87.73,65.61,221,542,39.25,46.12,34.59,1.3333,52,34.59,15.37,2.25,0.5,0.0577,937.87,203.72,980.16,234.47,108.0087,True,False,False,D:\Dwonloads\umodel_lostark_v7\extracted\lostark_ui_by_package_png\EFUI_ICONATLAS_B\Texture2D\bossmon_img_5.png
EFUI_INDICATOR,indicator_i11_nopack.png,180,60,0.141111,0.090093,168.0,52.0,3.2308,180.65,73.36,22.14,1412,112,52.0,24.0,2.0,12.0,28,2.0,1.0,2.0,0.3929,0.1071,88.0,35.0,111.0,36.0,106.9231,False,False,False,D:\Dwonloads\umodel_lostark_v7\extracted\lostark_ui_by_package_png\EFUI_INDICATOR\Texture2D\indicator_i11_nopack.png
EFUI_INDICATOR,indicator_i1c.png,1024,512,0.075409,0.050873,720.0,388.0,1.8557,173.17,119.98,36.29,329,2142,48.3333,160.0,40.0,4.0,157,40.0,24.0,1.6667,0.4076,0.1083,748.0,212.0,904.0,248.0,106.619,False,False,False,D:\Dwonloads\umodel_lostark_v7\extracted\lostark_ui_by_package_png\EFUI_INDICATOR\Texture2D\indicator_i1c.png
EFUI_FIELDBOSS,sylmaelfieldboss_i6d_nopack.png,300,300,0.222977,0.123047,292.97,282.42,1.0373,179.53,57.07,14.2,5762,8851,41.3333,28.12,24.61,1.1429,66,18.75,7.03,2.6667,0.4242,0.0758,56.25,226.17,83.2,249.61,106.5186,False,False,False,D:\Dwonloads\umodel_lostark_v7\extracted\lostark_ui_by_package_png\EFUI_FIELDBOSS\Texture2D\sylmaelfieldboss_i6d_nopack.png
EFUI_FIELDBOSS,sylmaelfieldboss_i6e_nopack.png,300,300,0.217453,0.118668,292.97,280.08,1.046,179.8,56.77,14.32,5523,8728,41.3333,28.12,24.61,1.1429,68,18.75,7.03,2.6667,0.4559,0.0588,56.25,226.17,83.2,249.61,106.5186,False,False,False,D:\Dwonloads\umodel_lostark_v7\extracted\lostark_ui_by_package_png\EFUI_FIELDBOSS\Texture2D\sylmaelfieldboss_i6e_nopack.png
EFUI_CONTENTSGAUGE,contentsgauge_ia.png,1024,1024,0.041351,0.022141,972.0,976.0,0.9959,180.39,88.0,42.62,107,2603,38.6667,128.0,36.0,3.5556,207,32.0,36.0,0.8889,0.2415,0.0918,420.0,920.0,544.0,952.0,105.5524,False,False,False,D:\Dwonloads\umodel_lostark_v7\extracted\lostark_ui_by_package_png\EFUI_CONTENTSGAUGE\Texture2D\contentsgauge_ia.png
EFUI_EPICGATEPROCESS,epicgateprocess_i8.png,1024,1024,0.004349,0.004166,372.0,20.0,18.6,239.02,187.47,5.21,0,285,69.8462,360.0,20.0,18.0,284,16.0,16.0,1.0,0.2394,0.1162,504.0,960.0,860.0,976.0,105.3703,True,False,False,D:\Dwonloads\umodel_lostark_v7\extracted\lostark_ui_by_package_png\EFUI_EPICGATEPROCESS\Texture2D\epicgateprocess_i8.png
EFUI_STATUS,targetstatus_loc_int_i341.png,1024,1024,0.002411,0.002258,76.0,76.0,1.0,243.9,72.41,0.52,158,0,28.0,76.0,76.0,1.0,158,72.0,76.0,0.9474,0.3608,0.0759,0.0,948.0,72.0,1020.0,105.0316,False,False,True,D:\Dwonloads\umodel_lostark_v7\extracted\lostark_ui_by_package_png\EFUI_STATUS\Texture2D\targetstatus_loc_int_i341.png
EFUI_RAIDCHALLENGEENTRANCE,raidchallengeentrance_i49.png,1024,1024,0.010086,0.004425,764.0,896.0,0.8527,146.71,104.1,62.61,35,626,57.3333,136.0,36.0,3.7778,59,36.0,4.0,9.0,0.3729,0.2712,564.0,980.0,696.0,1012.0,104.7329,False,False,False,D:\Dwonloads\umodel_lostark_v7\extracted\lostark_ui_by_package_png\EFUI_RAIDCHALLENGEENTRANCE\Texture2D\raidchallengeentrance_i49.png
EFUI_CONTENTSGAUGE,contentsgauge_i18.png,1024,1024,0.03508,0.017929,940.0,700.0,1.3429,154.5,94.19,40.49,691,1608,37.3,124.0,40.0,3.1,90,28.0,28.0,1.0,0.2222,0.1,492.0,972.0,612.0,1008.0,103.6576,False,False,False,D:\Dwonloads\umodel_lostark_v7\extracted\lostark_ui_by_package_png\EFUI_CONTENTSGAUGE\Texture2D\contentsgauge_i18.png
EFUI_BATTLEFIELDENTRANCE,battlefieldentrance_i8a.png,1024,128,0.036255,0.012329,948.0,100.0,9.48,132.04,94.44,61.12,112,185,34.5,28.0,8.0,3.5,8,8.0,4.0,2.0,0.5,0.125,24.0,52.0,48.0,56.0,103.644,True,False,False,D:\Dwonloads\umodel_lostark_v7\extracted\lostark_ui_by_package_png\EFUI_BATTLEFIELDENTRANCE\Texture2D\battlefieldentrance_i8a.png
EFUI_FIELDBOSS,sylmaelfieldboss_i6f_nopack.png,300,300,0.217041,0.118713,291.8,285.94,1.0205,179.8,56.92,14.41,5525,8699,38.0,25.78,24.61,1.0476,63,16.41,8.2,2.0,0.381,0.0476,56.25,226.17,80.86,249.61,103.1685,False,False,False,D:\Dwonloads\umodel_lostark_v7\extracted\lostark_ui_by_package_png\EFUI_FIELDBOSS\Texture2D\sylmaelfieldboss_i6f_nopack.png
EFUI_FIELDBOSS,sylmaelfieldboss_i72_nopack.png,300,300,0.211884,0.160416,261.33,251.95,1.0372,183.05,65.83,19.47,4751,9135,37.8708,256.64,135.94,1.8879,12703,94.92,128.91,0.7364,0.2277,0.0988,16.41,19.92,271.88,154.69,102.6041,False,False,False,D:\Dwonloads\umodel_lostark_v7\extracted\lostark_ui_by_package_png\EFUI_FIELDBOSS\Texture2D\sylmaelfieldboss_i72_nopack.png
EFUI_MODENTRANCEWND,modentrancewnd_i8d.png,1024,1024,0.016541,0.012222,844.0,112.0,7.5357,164.02,129.01,49.96,646,438,44.0,128.0,24.0,5.3333,150,20.0,24.0,0.8333,0.1867,0.0733,144.0,808.0,268.0,828.0,102.4078,True,False,False,D:\Dwonloads\umodel_lostark_v7\extracted\lostark_ui_by_package_png\EFUI_MODENTRANCEWND\Texture2D\modentrancewnd_i8d.png
EFUI_REVERSERUINNORMAL,reverseruinentrancenormal_loc_int_i4.png,1024,1024,0.02182,0.015701,416.0,608.0,0.6842,164.08,118.75,50.64,0,1430,60.4615,272.0,68.0,4.0,193,68.0,4.0,17.0,0.7358,0.0415,608.0,568.0,876.0,632.0,102.3797,True,True,False,D:\Dwonloads\umodel_lostark_v7\extracted\lostark_ui_by_package_png\EFUI_REVERSERUINNORMAL\Texture2D\reverseruinentrancenormal_loc_int_i4.png
EFUI_FIELDBOSS,sylmaelfieldboss_i73_nopack.png,300,300,0.185837,0.148376,247.27,236.72,1.0446,185.82,68.37,20.9,3977,8202,37.375,243.75,127.73,1.9083,11012,87.89,121.87,0.7212,0.2258,0.107,23.44,28.12,266.02,154.69,101.9074,False,False,False,D:\Dwonloads\umodel_lostark_v7\extracted\lostark_ui_by_package_png\EFUI_FIELDBOSS\Texture2D\sylmaelfieldboss_i73_nopack.png
EFUI_ICONATLAS_M,monster_icon_boss_3.png,868,540,0.066701,0.026017,864.61,481.47,1.7958,146.31,100.13,65.64,771,1944,36.3333,23.73,16.95,1.4,18,16.95,10.17,1.6667,0.5,0.0556,742.55,54.25,762.89,67.81,101.6849,False,False,False,D:\Dwonloads\umodel_lostark_v7\extracted\lostark_ui_by_package_png\EFUI_ICONATLAS_M\Texture2D\monster_icon_boss_3.png
EFUI_ICONATLAS_M,monster_icon_boss_1.png,868,540,0.095986,0.041691,840.88,457.73,1.837,148.95,93.62,45.9,816,3091,36.3333,20.34,20.34,1.0,13,16.95,10.17,1.6667,0.5385,0.0769,515.38,315.33,532.33,332.28,101.3458,False,False,False,D:\Dwonloads\umodel_lostark_v7\extracted\lostark_ui_by_package_png\EFUI_ICONATLAS_M\Texture2D\monster_icon_boss_1.png
EFUI_FIELDBOSS,sylmaelfieldboss_i74_nopack.png,300,300,0.162109,0.128906,239.06,216.8,1.1027,186.18,67.88,21.58,3247,7377,36.9243,232.03,113.67,2.0412,9805,78.52,111.33,0.7053,0.2233,0.1009,26.95,39.84,257.81,152.34,101.3395,False,False,False,D:\Dwonloads\umodel_lostark_v7\extracted\lostark_ui_by_package_png\EFUI_FIELDBOSS\Texture2D\sylmaelfieldboss_i74_nopack.png
EFUI_FIELDBOSS,sylmaelfieldboss_i75_nopack.png,300,300,0.120697,0.073517,216.8,206.25,1.0511,180.93,57.33,19.15,1790,6120,36.113,210.94,111.33,1.8947,7242,64.45,111.33,0.5789,0.1819,0.0938,41.02,43.36,250.78,153.52,100.2101,False,False,False,D:\Dwonloads\umodel_lostark_v7\extracted\lostark_ui_by_package_png\EFUI_FIELDBOSS\Texture2D\sylmaelfieldboss_i75_nopack.png
EFUI_ICONATLAS_B,bossmon_img_2.png,984,952,0.034778,0.008569,949.41,872.53,1.0881,133.85,85.11,59.06,854,1354,43.0,61.5,73.03,0.8421,113,69.19,23.06,3.0,0.5398,0.0796,142.22,534.28,199.87,603.47,100.1315,False,False,False,D:\Dwonloads\umodel_lostark_v7\extracted\lostark_ui_by_package_png\EFUI_ICONATLAS_B\Texture2D\bossmon_img_2.png
EFUI_FIELDBOSS,sylmaelfieldboss_i76_nopack.png,300,300,0.050491,0.025085,195.7,196.88,0.994,197.81,53.3,24.13,561,2748,35.4369,193.36,94.92,2.037,2539,50.39,64.45,0.7818,0.1394,0.1414,50.39,60.94,242.58,154.69,99.2327,False,False,False,D:\Dwonloads\umodel_lostark_v7\extracted\lostark_ui_by_package_png\EFUI_FIELDBOSS\Texture2D\sylmaelfieldboss_i76_nopack.png
EFUI_EPICGATEABYSSENTRANCE,epicgateabyssentrance_i7.png,1024,1024,0.025345,0.007675,660.0,884.0,0.7466,135.84,86.37,43.26,5,1656,44.125,172.0,32.0,5.375,231,24.0,32.0,0.75,0.2035,0.0649,364.0,24.0,532.0,52.0,98.9701,False,False,False,D:\Dwonloads\umodel_lostark_v7\extracted\lostark_ui_by_package_png\EFUI_EPICGATEABYSSENTRANCE\Texture2D\epicgateabyssentrance_i7.png
EFUI_ICONATLAS_C,colosseumbattlegaugeguide_0.png,276,16,0.090365,0.059896,268.45,9.7,27.6667,199.61,99.83,6.35,22,325,23.8571,24.8,7.55,3.2857,159,7.55,7.55,1.0,0.3082,0.1195,97.03,4.31,120.75,10.78,98.6921,True,False,False,D:\Dwonloads\umodel_lostark_v7\extracted\lostark_ui_by_package_png\EFUI_ICONATLAS_C\Texture2D\colosseumbattlegaugeguide_0.png
EFUI_COLOSSEUMENTRANCES3,colosseumentrances3_i1.png,1024,1024,0.019516,0.014374,748.0,960.0,0.7792,181.64,119.95,59.14,2,1277,47.5,104.0,16.0,6.5,87,16.0,16.0,1.0,0.2644,0.0575,712.0,944.0,812.0,956.0,98.2207,False,False,False,D:\Dwonloads\umodel_lostark_v7\extracted\lostark_ui_by_package_png\EFUI_COLOSSEUMENTRANCES3\Texture2D\colosseumentrances3_i1.png
EFUI_INDICATOR,indicator_i3b_nopack.png,180,60,0.13287,0.082593,168.0,52.0,3.2308,178.93,68.17,18.55,1365,70,42.0,20.0,1.0,20.0,20,1.0,1.0,1.0,0.3,0.1,92.0,25.0,111.0,25.0,96.9231,False,False,False,D:\Dwonloads\umodel_lostark_v7\extracted\lostark_ui_by_package_png\EFUI_INDICATOR\Texture2D\indicator_i3b_nopack.png
EFUI_BATTLEFIELDENTRANCE,battlefieldreward_ie.png,1024,128,0.038086,0.026245,568.0,64.0,8.875,173.61,116.62,26.18,235,77,28.0,80.0,64.0,1.25,235,60.0,64.0,0.9375,0.3106,0.0766,4.0,4.0,80.0,64.0,96.5393,True,False,False,D:\Dwonloads\umodel_lostark_v7\extracted\lostark_ui_by_package_png\EFUI_BATTLEFIELDENTRANCE\Texture2D\battlefieldreward_ie.png
EFUI_CONFRONTHUD,confronthud_i5c.png,1024,1024,0.07515,0.07515,788.0,644.0,1.2236,240.95,177.64,26.08,4272,653,28.9231,388.0,296.0,1.3108,4770,252.0,296.0,0.8514,0.2319,0.0834,40.0,688.0,424.0,980.0,96.1802,False,False,False,D:\Dwonloads\umodel_lostark_v7\extracted\lostark_ui_by_package_png\EFUI_CONFRONTHUD\Texture2D\confronthud_i5c.png
EFUI_EPICRAIDENTRANCE,epicraidentrance_i24.png,1024,1024,0.012909,0.004883,1004.0,824.0,1.2184,143.97,84.38,34.45,86,760,42.9021,196.0,44.0,4.4545,337,36.0,44.0,0.8182,0.1751,0.0178,356.0,708.0,548.0,748.0,96.164,False,False,False,D:\Dwonloads\umodel_lostark_v7\extracted\lostark_ui_by_package_png\EFUI_EPICRAIDENTRANCE\Texture2D\epicraidentrance_i24.png
EFUI_TOPHUD,tophud_i3.png,1024,256,0.065063,0.041992,980.0,224.0,4.375,166.27,125.06,56.23,369,697,28.0,20.0,24.0,0.8333,19,16.0,24.0,0.6667,0.3158,0.1579,988.0,4.0,1004.0,24.0,96.125,True,False,False,D:\Dwonloads\umodel_lostark_v7\extracted\lostark_ui_by_package_png\EFUI_TOPHUD\Texture2D\tophud_i3.png
EFUI_SYLMAEL,sylmaelheadstatus_i1.png,1024,256,0.017334,0.01239,588.0,212.0,2.7736,202.3,96.3,28.79,91,193,46.0,104.0,36.0,2.8889,77,36.0,8.0,4.5,0.5065,0.0779,548.0,0.0,648.0,32.0,95.9239,False,False,False,D:\Dwonloads\umodel_lostark_v7\extracted\lostark_ui_by_package_png\EFUI_SYLMAEL\Texture2D\sylmaelheadstatus_i1.png
EFUI_PUNCHMACHINEENTRANCE,punchmachineentrance_i1a.png,1024,512,0.073853,0.044495,656.0,372.0,1.7634,174.3,84.43,14.51,1228,1192,38.0,36.0,68.0,0.5294,75,64.0,32.0,2.0,0.4933,0.0533,0.0,60.0,32.0,124.0,95.3714,False,False,False,D:\Dwonloads\umodel_lostark_v7\extracted\lostark_ui_by_package_png\EFUI_PUNCHMACHINEENTRANCE\Texture2D\punchmachineentrance_i1a.png
EFUI_RAIDPROCESS,raidprocess_ia4.png,1024,1024,0.018341,0.015854,928.0,328.0,2.8293,229.3,92.01,37.69,786,416,28.0,32.0,32.0,1.0,17,16.0,20.0,0.8,0.3529,0.1176,288.0,644.0,316.0,672.0,94.9498,False,False,False,D:\Dwonloads\umodel_lostark_v7\extracted\lostark_ui_by_package_png\EFUI_RAIDPROCESS\Texture2D\raidprocess_ia4.png
EFUI_STATUS,targetstatus_loc_int_i18d.png,1024,1024,0.000244,6.1e-05,44.0,16.0,2.75,137.94,61.75,30.5,16,0,22.0,16.0,16.0,1.0,13,16.0,16.0,1.0,0.4615,0.0,168.0,1000.0,180.0,1012.0,94.8605,False,False,True,D:\Dwonloads\umodel_lostark_v7\extracted\lostark_ui_by_package_png\EFUI_STATUS\Texture2D\targetstatus_loc_int_i18d.png
EFUI_EPICRAIDENTRANCE,epicraidentrance_i4c.png,1024,1024,0.014572,0.002991,888.0,816.0,1.0882,129.59,96.13,54.61,247,708,48.5,164.0,24.0,6.8333,114,8.0,24.0,0.3333,0.1667,0.0614,428.0,964.0,588.0,984.0,94.3769,False,False,False,D:\Dwonloads\umodel_lostark_v7\extracted\lostark_ui_by_package_png\EFUI_EPICRAIDENTRANCE\Texture2D\epicraidentrance_i4c.png
EFUI_ICONATLAS_R,raidentrance_info_0.png,316,164,0.390831,0.221981,312.3,164.17,1.9023,153.67,118.37,58.5,2175,11132,36.7831,228.36,144.42,1.5812,10545,103.69,137.02,0.7568,0.184,0.0818,83.94,0.0,311.06,143.19,94.2445,False,False,False,D:\Dwonloads\umodel_lostark_v7\extracted\lostark_ui_by_package_png\EFUI_ICONATLAS_R\Texture2D\raidentrance_info_0.png
EFUI_IDENTITYBARD,identitybard_i1.png,1024,1024,0.043381,0.028366,920.0,892.0,1.0314,183.09,126.03,31.81,1244,1599,28.0,56.0,92.0,0.6087,204,68.0,92.0,0.7391,0.25,0.1176,64.0,76.0,116.0,164.0,94.1429,False,False,False,D:\Dwonloads\umodel_lostark_v7\extracted\lostark_ui_by_package_png\EFUI_IDENTITYBARD\Texture2D\identitybard_i1.png
EFUI_MOD,modboss_i2.png,1024,512,0.006134,0.005463,268.0,12.0,22.3333,180.32,139.0,2.59,0,201,52.3077,268.0,12.0,22.3333,201,12.0,12.0,1.0,0.2537,0.1194,696.0,124.0,960.0,132.0,93.8927,True,False,False,D:\Dwonloads\umodel_lostark_v7\extracted\lostark_ui_by_package_png\EFUI_MOD\Texture2D\modboss_i2.png
EFUI_EPICGATECOMMANDERPROCESS,epicgatecommanderprocess_ibc.png,2048,2048,0.090836,0.011871,1840.0,848.0,2.1698,120.76,55.01,40.54,537,5416,38.6154,640.0,752.0,0.8511,5546,712.0,752.0,0.9468,0.2068,0.0415,656.0,168.0,1288.0,912.0,93.4867,False,False,False,D:\Dwonloads\umodel_lostark_v7\extracted\lostark_ui_by_package_png\EFUI_EPICGATECOMMANDERPROCESS\Texture2D\epicgatecommanderprocess_ibc.png
EFUI_WEEKLYRAID,weeklyraid_i1.png,1024,1024,0.011353,0.005386,592.0,872.0,0.6789,141.77,106.51,44.62,500,244,46.6,124.0,20.0,6.2,121,16.0,20.0,0.8,0.1736,0.0992,200.0,976.0,320.0,992.0,93.3903,False,False,False,D:\Dwonloads\umodel_lostark_v7\extracted\lostark_ui_by_package_png\EFUI_WEEKLYRAID\Texture2D\weeklyraid_i1.png
EFUI_FIELDBOSS,sylmaelfieldboss_i66_nopack.png,300,300,0.214294,0.123093,292.97,284.77,1.0288,181.16,58.34,14.61,5483,8561,28.0,126.56,144.14,0.878,6346,120.7,105.47,1.1444,0.1927,0.0531,164.06,8.2,289.45,151.17,93.1853,False,False,False,D:\Dwonloads\umodel_lostark_v7\extracted\lostark_ui_by_package_png\EFUI_FIELDBOSS\Texture2D\sylmaelfieldboss_i66_nopack.png
EFUI_FIELDBOSS,sylmaelfieldboss_i67_nopack.png,300,300,0.214294,0.123093,292.97,284.77,1.0288,181.16,58.34,14.61,5483,8561,28.0,126.56,144.14,0.878,6346,120.7,105.47,1.1444,0.1927,0.0531,164.06,8.2,289.45,151.17,93.1853,False,False,False,D:\Dwonloads\umodel_lostark_v7\extracted\lostark_ui_by_package_png\EFUI_FIELDBOSS\Texture2D\sylmaelfieldboss_i67_nopack.png
EFUI_FIELDBOSS,sylmaelfieldboss_i68_nopack.png,300,300,0.214294,0.123093,292.97,284.77,1.0288,181.16,58.34,14.61,5483,8561,28.0,126.56,144.14,0.878,6346,120.7,105.47,1.1444,0.1927,0.0531,164.06,8.2,289.45,151.17,93.1853,False,False,False,D:\Dwonloads\umodel_lostark_v7\extracted\lostark_ui_by_package_png\EFUI_FIELDBOSS\Texture2D\sylmaelfieldboss_i68_nopack.png
EFUI_FIELDBOSS,sylmaelfieldboss_i69_nopack.png,300,300,0.221985,0.121933,292.97,284.77,1.0288,179.58,57.13,14.23,5709,8839,28.0,127.73,146.48,0.872,6402,121.87,107.81,1.1304,0.1913,0.0486,164.06,5.86,290.62,151.17,93.1853,False,False,False,D:\Dwonloads\umodel_lostark_v7\extracted\lostark_ui_by_package_png\EFUI_FIELDBOSS\Texture2D\sylmaelfieldboss_i69_nopack.png
EFUI_FIELDBOSS,sylmaelfieldboss_i6a_nopack.png,300,300,0.221985,0.121933,292.97,284.77,1.0288,179.58,57.13,14.23,5709,8839,28.0,127.73,146.48,0.872,6402,121.87,107.81,1.1304,0.1913,0.0486,164.06,5.86,290.62,151.17,93.1853,False,False,False,D:\Dwonloads\umodel_lostark_v7\extracted\lostark_ui_by_package_png\EFUI_FIELDBOSS\Texture2D\sylmaelfieldboss_i6a_nopack.png
EFUI_FIELDBOSS,sylmaelfieldboss_i6b_nopack.png,300,300,0.221985,0.121933,292.97,284.77,1.0288,179.58,57.13,14.23,5709,8839,28.0,127.73,146.48,0.872,6402,121.87,107.81,1.1304,0.1913,0.0486,164.06,5.86,290.62,151.17,93.1853,False,False,False,D:\Dwonloads\umodel_lostark_v7\extracted\lostark_ui_by_package_png\EFUI_FIELDBOSS\Texture2D\sylmaelfieldboss_i6b_nopack.png
EFUI_FIELDBOSS,sylmaelfieldboss_i6c_nopack.png,300,300,0.222977,0.122711,292.97,284.77,1.0288,179.6,57.03,14.24,5745,8868,28.0,127.73,146.48,0.872,6386,121.87,107.81,1.1304,0.1915,0.0476,164.06,5.86,290.62,151.17,93.1853,False,False,False,D:\Dwonloads\umodel_lostark_v7\extracted\lostark_ui_by_package_png\EFUI_FIELDBOSS\Texture2D\sylmaelfieldboss_i6c_nopack.png
EFUI_FIELDBOSS,sylmaelfieldboss_i70_nopack.png,300,300,0.207626,0.118195,288.28,277.73,1.038,181.17,58.09,14.98,5339,8268,28.0,124.22,123.05,1.0095,6146,111.33,99.61,1.1176,0.1892,0.0498,165.23,16.41,288.28,138.28,93.1183,False,False,False,D:\Dwonloads\umodel_lostark_v7\extracted\lostark_ui_by_package_png\EFUI_FIELDBOSS\Texture2D\sylmaelfieldboss_i70_nopack.png
EFUI_FIELDBOSS,sylmaelfieldboss_i71_nopack.png,300,300,0.201645,0.118713,284.77,275.39,1.034,181.64,58.57,14.91,5261,7954,28.0,119.53,126.56,0.9444,5982,101.95,94.92,1.0741,0.1825,0.0667,165.23,9.38,283.59,134.77,93.0681,False,False,False,D:\Dwonloads\umodel_lostark_v7\extracted\lostark_ui_by_package_png\EFUI_FIELDBOSS\Texture2D\sylmaelfieldboss_i71_nopack.png
EFUI_ICONATLAS_B,battlefield_entrance_0.png,704,64,0.090353,0.060971,426.25,63.25,6.7391,183.32,120.03,32.59,0,532,36.3333,46.75,41.25,1.1333,113,41.25,24.75,1.6667,0.4159,0.0442,514.25,11.0,558.25,49.5,92.8574,True,False,False,D:\Dwonloads\umodel_lostark_v7\extracted\lostark_ui_by_package_png\EFUI_ICONATLAS_B\Texture2D\battlefield_entrance_0.png
EFUI_TRINITYENTRANCE,trinityentrance_i3_nopack.png,644,624,0.212623,0.073762,644.0,528.28,1.219,138.88,91.99,79.05,4918,8581,35.5,37.73,22.64,1.6667,41,22.64,15.09,1.5,0.439,0.0488,218.86,153.45,254.08,173.58,92.7,False,False,False,D:\Dwonloads\umodel_lostark_v7\extracted\lostark_ui_by_package_png\EFUI_TRINITYENTRANCE\Texture2D\trinityentrance_i3_nopack.png
EFUI_CONFRONTHUD,confronthud_i80_nopack.png,32,40,0.146875,0.146875,14.0,22.0,0.6364,184.43,101.57,24.68,66,122,36.4615,14.0,22.0,0.6364,188,22.0,13.0,1.6923,0.4628,0.0638,9.0,9.0,22.0,30.0,92.6615,False,False,False,D:\Dwonloads\umodel_lostark_v7\extracted\lostark_ui_by_package_png\EFUI_CONFRONTHUD\Texture2D\confronthud_i80_nopack.png
EFUI_EPICGATEKAZEROTHENTRANCE,epicgatekazerothentrance_i1b.png,1024,1024,0.029266,0.016327,768.0,932.0,0.824,167.82,78.78,47.77,446,1472,35.2727,120.0,72.0,1.6667,254,64.0,44.0,1.4545,0.248,0.1024,852.0,84.0,968.0,152.0,92.571,False,False,False,D:\Dwonloads\umodel_lostark_v7\extracted\lostark_ui_by_package_png\EFUI_EPICGATEKAZEROTHENTRANCE\Texture2D\epicgatekazerothentrance_i1b.png
EFUI_EPICGATEKAZEROTHENTRANCE,epicgatekazerothentrance_i3.png,1024,1024,0.015671,0.010849,1000.0,936.0,1.0684,180.13,94.42,39.54,344,683,44.2857,152.0,28.0,5.4286,247,28.0,28.0,1.0,0.2591,0.0972,828.0,620.0,976.0,644.0,92.39,False,False,False,D:\Dwonloads\umodel_lostark_v7\extracted\lostark_ui_by_package_png\EFUI_EPICGATEKAZEROTHENTRANCE\Texture2D\epicgatekazerothentrance_i3.png
EFUI_COMMONBATTLEMVP,commonbattlemvp_ie.png,1024,1024,0.020645,0.007431,416.0,136.0,3.0588,139.92,96.89,59.21,302,1051,48.0645,416.0,124.0,3.3548,1351,40.0,124.0,0.3226,0.1614,0.0318,236.0,164.0,648.0,284.0,92.1723,True,False,False,D:\Dwonloads\umodel_lostark_v7\extracted\lostark_ui_by_package_png\EFUI_COMMONBATTLEMVP\Texture2D\commonbattlemvp_ie.png
EFUI_EPICGATECOMMANDERENTRANCE,epicgatecommanderentrance_i3.png,1024,1024,0.015366,0.007324,988.0,852.0,1.1596,150.53,87.73,36.23,546,461,47.8,132.0,20.0,6.6,145,20.0,20.0,1.0,0.2207,0.0966,564.0,812.0,692.0,828.0,91.9944,False,False,False,D:\Dwonloads\umodel_lostark_v7\extracted\lostark_ui_by_package_png\EFUI_EPICGATECOMMANDERENTRANCE\Texture2D\epicgatecommanderentrance_i3.png
EFUI_LOSTSURVIVALENTRANCE,lostsurvivalentrance_ib.png,1024,1024,0.021408,0.010773,832.0,864.0,0.963,157.51,101.97,26.86,1148,255,42.0,52.0,4.0,13.0,13,4.0,4.0,1.0,0.3077,0.1538,220.0,948.0,268.0,948.0,91.6441,False,False,False,D:\Dwonloads\umodel_lostark_v7\extracted\lostark_ui_by_package_png\EFUI_LOSTSURVIVALENTRANCE\Texture2D\lostsurvivalentrance_ib.png
EFUI_CONFRONTHUD,confronthud_i86_nopack.png,36,40,0.16875,0.16875,18.0,22.0,0.8182,186.49,104.03,28.15,76,167,35.3333,18.0,22.0,0.8182,243,22.0,15.0,1.4667,0.4033,0.0494,9.0,9.0,26.0,30.0,91.5904,False,False,False,D:\Dwonloads\umodel_lostark_v7\extracted\lostark_ui_by_package_png\EFUI_CONFRONTHUD\Texture2D\confronthud_i86_nopack.png
EFUI_LOWENENTRANCE,lowenentrance_i50.png,2048,1024,0.015839,0.007965,960.0,408.0,2.3529,155.29,100.15,85.47,340,179,46.5897,232.0,72.0,3.2222,161,32.0,72.0,0.4444,0.118,0.1242,640.0,8.0,864.0,72.0,91.3561,False,False,False,D:\Dwonloads\umodel_lostark_v7\extracted\lostark_ui_by_package_png\EFUI_LOWENENTRANCE\Texture2D\lowenentrance_i50.png
EFUI_FIELDBOSS,sylmaelfieldboss_i9d.png,1024,1024,0.009079,0.006561,772.0,220.0,3.5091,219.36,74.56,28.99,207,388,37.0,60.0,56.0,1.0714,41,36.0,20.0,1.8,0.4634,0.122,176.0,664.0,232.0,716.0,90.8579,True,False,False,D:\Dwonloads\umodel_lostark_v7\extracted\lostark_ui_by_package_png\EFUI_FIELDBOSS\Texture2D\sylmaelfieldboss_i9d.png
EFUI_ICONATLAS_B,bossmon_img_1.png,984,952,0.027974,0.009514,984.0,907.12,1.0847,141.38,114.62,87.88,578,1198,32.0,15.37,19.22,0.8,9,19.22,3.84,5.0,0.7778,0.0,615.0,342.09,626.53,357.47,90.5708,False,False,False,D:\Dwonloads\umodel_lostark_v7\extracted\lostark_ui_by_package_png\EFUI_ICONATLAS_B\Texture2D\bossmon_img_1.png
EFUI_BATTLEFIELDENTRANCE,battlefieldranking_ie.png,1024,256,0.026489,0.017517,332.0,48.0,6.9167,156.2,116.91,21.96,301,133,28.0,56.0,44.0,1.2727,67,40.0,40.0,1.0,0.3731,0.1045,276.0,4.0,328.0,44.0,89.9433,True,False,False,D:\Dwonloads\umodel_lostark_v7\extracted\lostark_ui_by_package_png\EFUI_BATTLEFIELDENTRANCE\Texture2D\battlefieldranking_ie.png
EFUI_TRINITYTOPHUD,trinitytophud_i2.png,512,64,0.04541,0.020752,498.0,56.0,8.8929,144.58,111.6,53.85,349,23,22.0,46.0,50.0,0.92,277,36.0,50.0,0.72,0.2563,0.0289,10.0,6.0,54.0,54.0,89.5643,True,False,False,D:\Dwonloads\umodel_lostark_v7\extracted\lostark_ui_by_package_png\EFUI_TRINITYTOPHUD\Texture2D\trinitytophud_i2.png
EFUI_TRINITYENTRANCE,trinityentrance_i53.png,1024,1024,0.011978,0.006943,428.0,676.0,0.6331,151.8,82.91,35.5,0,785,62.9038,264.0,32.0,8.25,518,32.0,32.0,1.0,0.2529,0.1139,656.0,808.0,916.0,836.0,89.3455,True,False,False,D:\Dwonloads\umodel_lostark_v7\extracted\lostark_ui_by_package_png\EFUI_TRINITYENTRANCE\Texture2D\trinityentrance_i53.png
EFUI_FIELDBOSS,sylmaelfieldboss_i77_nopack.png,300,300,0.031281,0.015442,174.61,165.23,1.0567,203.63,50.97,26.06,437,1613,28.0,94.92,75.0,1.2656,967,35.16,45.7,0.7692,0.1406,0.0641,59.77,66.8,153.52,140.62,88.9363,False,False,False,D:\Dwonloads\umodel_lostark_v7\extracted\lostark_ui_by_package_png\EFUI_FIELDBOSS\Texture2D\sylmaelfieldboss_i77_nopack.png
EFUI_CONFRONTHUD,confronthud_i93_nopack.png,64,56,0.604632,0.604632,59.0,52.0,1.1346,198.19,143.47,24.14,835,1332,32.0,10.0,22.0,0.4545,83,22.0,5.0,4.4,0.6145,0.012,16.0,16.0,25.0,37.0,88.8429,False,False,False,D:\Dwonloads\umodel_lostark_v7\extracted\lostark_ui_by_package_png\EFUI_CONFRONTHUD\Texture2D\confronthud_i93_nopack.png
EFUI_ICONATLAS_C,characterpreset_bard_1.png,1024,320,0.027002,0.006396,1016.0,312.0,3.2564,137.69,92.92,81.16,364,189,28.0,20.0,16.0,1.25,10,12.0,12.0,1.0,0.4,0.1,344.0,12.0,360.0,24.0,88.4697,True,False,False,D:\Dwonloads\umodel_lostark_v7\extracted\lostark_ui_by_package_png\EFUI_ICONATLAS_C\Texture2D\characterpreset_bard_1.png
EFUI_EPICGATEKAZEROTHENTRANCE,epicgatekazerothentrance_if3.png,1024,1024,0.036911,0.0242,616.0,1020.0,0.6039,171.67,84.28,49.22,0,2419,38.0,32.0,32.0,1.0,16,32.0,4.0,8.0,0.625,0.125,876.0,696.0,904.0,724.0,87.8,False,False,False,D:\Dwonloads\umodel_lostark_v7\extracted\lostark_ui_by_package_png\EFUI_EPICGATEKAZEROTHENTRANCE\Texture2D\epicgatekazerothentrance_if3.png
EFUI_EPICGATECOMMANDERPROCESS,epicgatecommanderprocess_id0.png,1024,1024,0.035065,0.012085,660.0,780.0,0.8462,138.21,76.02,42.19,1393,905,36.0,208.0,192.0,1.0833,1016,52.0,180.0,0.2889,0.062,0.1033,168.0,212.0,372.0,400.0,87.5135,False,False,False,D:\Dwonloads\umodel_lostark_v7\extracted\lostark_ui_by_package_png\EFUI_EPICGATECOMMANDERPROCESS\Texture2D\epicgatecommanderprocess_id0.png
EFUI_INDICATOR,indicator_i3c_nopack.png,184,68,0.021819,0.009191,158.0,36.0,4.3889,145.64,71.86,52.22,204,69,42.0,12.0,1.0,12.0,12,1.0,1.0,1.0,0.3333,0.0833,100.0,39.0,111.0,39.0,86.8661,False,False,False,D:\Dwonloads\umodel_lostark_v7\extracted\lostark_ui_by_package_png\EFUI_INDICATOR\Texture2D\indicator_i3c_nopack.png
EFUI_BATTLEFIELDBIDDING,battlefieldbidding_i1.png,1024,256,0.032043,0.009644,228.0,60.0,3.8,132.63,99.44,48.22,525,0,45.3385,196.0,60.0,3.2667,517,52.0,60.0,0.8667,0.1702,0.0484,80.0,8.0,272.0,64.0,86.5592,False,False,False,D:\Dwonloads\umodel_lostark_v7\extracted\lostark_ui_by_package_png\EFUI_BATTLEFIELDBIDDING\Texture2D\battlefieldbidding_i1.png
EFUI_EPICGATECOMMANDERENTRANCE,epicgatecommanderentrance_i201.png,1024,1024,0.021637,0.006943,784.0,804.0,0.9751,140.84,83.03,46.48,249,1169,40.75,68.0,16.0,4.25,30,16.0,12.0,1.3333,0.4333,0.0667,312.0,732.0,376.0,744.0,86.0386,False,False,False,D:\Dwonloads\umodel_lostark_v7\extracted\lostark_ui_by_package_png\EFUI_EPICGATECOMMANDERENTRANCE\Texture2D\epicgatecommanderentrance_i201.png
EFUI_MODENTRANCEWND,modentrancewnd_i4.png,1024,1024,0.016312,0.004837,884.0,968.0,0.9132,136.75,91.54,65.78,208,861,44.8,112.0,20.0,5.6,85,12.0,20.0,0.6,0.2235,0.0941,396.0,32.0,504.0,48.0,85.6838,False,False,False,D:\Dwonloads\umodel_lostark_v7\extracted\lostark_ui_by_package_png\EFUI_MODENTRANCEWND\Texture2D\modentrancewnd_i4.png
EFUI_EPICGATECOMMANDERPROCESS,epicgatecommanderprocess_i5a.png,1024,1024,0.05899,0.032333,728.0,684.0,1.0643,153.0,89.54,47.72,633,3233,27.2308,500.0,292.0,1.7123,3589,144.0,292.0,0.4932,0.1446,0.0259,268.0,292.0,764.0,580.0,85.6308,False,False,False,D:\Dwonloads\umodel_lostark_v7\extracted\lostark_ui_by_package_png\EFUI_EPICGATECOMMANDERPROCESS\Texture2D\epicgatecommanderprocess_i5a.png
EFUI_ASSAULTRAIDENTRANCEFRAME,assaultraidentranceframe_i47.png,1024,1024,0.004929,0.003952,408.0,112.0,3.6429,200.2,138.69,62.31,297,26,42.0,100.0,8.0,12.5,37,4.0,8.0,0.5,0.1892,0.0811,136.0,756.0,232.0,760.0,85.3306,True,False,False,D:\Dwonloads\umodel_lostark_v7\extracted\lostark_ui_by_package_png\EFUI_ASSAULTRAIDENTRANCEFRAME\Texture2D\assaultraidentranceframe_i47.png
EFUI_ICONATLAS_M,monster_icon_boss_4.png,520,540,0.04153,0.013205,345.94,497.81,0.6949,152.09,81.91,58.59,86,2540,32.0,12.66,31.64,0.4,29,29.53,14.77,2.0,0.5172,0.0345,286.88,90.7,297.42,120.23,85.1473,False,False,False,D:\Dwonloads\umodel_lostark_v7\extracted\lostark_ui_by_package_png\EFUI_ICONATLAS_M\Texture2D\monster_icon_boss_4.png
EFUI_CONFRONTHUD,confronthud_i78_nopack.png,72,72,0.48071,0.48071,68.0,68.0,1.0,231.23,163.35,10.62,972,1520,28.0,68.0,68.0,1.0,2492,66.0,68.0,0.9706,0.3194,0.1573,2.0,2.0,69.0,69.0,84.9714,False,False,False,D:\Dwonloads\umodel_lostark_v7\extracted\lostark_ui_by_package_png\EFUI_CONFRONTHUD\Texture2D\confronthud_i78_nopack.png
EFUI_CONFRONTHUD,confronthud_i94_nopack.png,64,64,0.647217,0.647217,60.0,58.0,1.0345,194.38,146.17,12.82,934,1717,28.0,60.0,58.0,1.0345,2651,52.0,58.0,0.8966,0.2173,0.0751,2.0,3.0,61.0,60.0,84.8571,False,False,False,D:\Dwonloads\umodel_lostark_v7\extracted\lostark_ui_by_package_png\EFUI_CONFRONTHUD\Texture2D\confronthud_i94_nopack.png
EFUI_CONFRONTHUD,confronthud_i95_nopack.png,64,64,0.687012,0.687012,60.0,59.0,1.0169,198.42,130.57,18.39,963,1851,28.0,60.0,59.0,1.0169,2814,52.0,59.0,0.8814,0.205,0.0707,2.0,3.0,61.0,61.0,84.8571,False,False,False,D:\Dwonloads\umodel_lostark_v7\extracted\lostark_ui_by_package_png\EFUI_CONFRONTHUD\Texture2D\confronthud_i95_nopack.png
EFUI_CONFRONTHUD,confronthud_i96_nopack.png,64,64,0.503174,0.503174,60.0,58.0,1.0345,186.49,130.97,10.23,746,1315,28.0,60.0,58.0,1.0345,1815,52.0,58.0,0.8966,0.2931,0.1102,2.0,3.0,61.0,60.0,84.8571,False,False,False,D:\Dwonloads\umodel_lostark_v7\extracted\lostark_ui_by_package_png\EFUI_CONFRONTHUD\Texture2D\confronthud_i96_nopack.png
EFUI_CONFRONTHUD,confronthud_i97_nopack.png,64,64,0.499756,0.498291,60.0,59.0,1.0169,189.5,133.82,15.27,738,1309,28.0,60.0,59.0,1.0169,1804,52.0,59.0,0.8814,0.2916,0.1081,2.0,3.0,61.0,61.0,84.8571,False,False,False,D:\Dwonloads\umodel_lostark_v7\extracted\lostark_ui_by_package_png\EFUI_CONFRONTHUD\Texture2D\confronthud_i97_nopack.png
EFUI_CONFRONTHUD,confronthud_i91_nopack.png,64,56,0.609375,0.609375,58.0,52.0,1.1154,198.42,143.51,24.5,775,1409,28.0,58.0,52.0,1.1154,2101,48.0,52.0,0.9231,0.2608,0.1123,4.0,2.0,61.0,53.0,84.8286,False,False,False,D:\Dwonloads\umodel_lostark_v7\extracted\lostark_ui_by_package_png\EFUI_CONFRONTHUD\Texture2D\confronthud_i91_nopack.png
EFUI_BATTLEFIELDENTRANCE,battlefieldentrance_i75_nopack.png,76,76,0.582756,0.571503,76.0,74.0,1.027,220.23,172.6,57.15,1264,2102,35.7273,16.0,17.0,0.9412,141,17.0,11.0,1.5455,0.2199,0.156,30.0,28.0,45.0,44.0,84.813,False,False,False,D:\Dwonloads\umodel_lostark_v7\extracted\lostark_ui_by_package_png\EFUI_BATTLEFIELDENTRANCE\Texture2D\battlefieldentrance_i75_nopack.png
EFUI_CONFRONTHUD,confronthud_i90_nopack.png,56,64,0.602679,0.595982,52.0,59.0,0.8814,192.17,138.34,22.03,791,1369,28.0,52.0,59.0,0.8814,1890,54.0,59.0,0.9153,0.2995,0.109,2.0,2.0,53.0,60.0,84.7429,False,False,False,D:\Dwonloads\umodel_lostark_v7\extracted\lostark_ui_by_package_png\EFUI_CONFRONTHUD\Texture2D\confronthud_i90_nopack.png
EFUI_CONFRONTHUD,confronthud_i92_nopack.png,56,64,0.622768,0.622768,52.0,59.0,0.8814,198.72,144.24,25.01,793,1439,28.0,52.0,59.0,0.8814,2025,54.0,59.0,0.9153,0.28,0.1042,2.0,3.0,53.0,61.0,84.7429,False,False,False,D:\Dwonloads\umodel_lostark_v7\extracted\lostark_ui_by_package_png\EFUI_CONFRONTHUD\Texture2D\confronthud_i92_nopack.png
EFUI_CONFRONTHUD,confronthud_i7a_nopack.png,44,40,0.219318,0.214773,26.0,23.0,1.1304,189.58,108.36,30.09,97,289,28.0,26.0,23.0,1.1304,386,23.0,23.0,1.0,0.2513,0.0648,9.0,8.0,34.0,30.0,84.3714,False,False,False,D:\Dwonloads\umodel_lostark_v7\extracted\lostark_ui_by_package_png\EFUI_CONFRONTHUD\Texture2D\confronthud_i7a_nopack.png
EFUI_CONFRONTHUD,confronthud_i79_nopack.png,40,40,0.194375,0.194375,22.0,23.0,0.9565,185.93,104.51,26.16,80,231,28.0,22.0,23.0,0.9565,311,20.0,22.0,0.9091,0.2572,0.1318,9.0,9.0,30.0,31.0,84.3143,False,False,False,D:\Dwonloads\umodel_lostark_v7\extracted\lostark_ui_by_package_png\EFUI_CONFRONTHUD\Texture2D\confronthud_i79_nopack.png
EFUI_CONFRONTHUD,confronthud_i8c_nopack.png,40,40,0.18125,0.18125,22.0,23.0,0.9565,187.72,107.31,31.6,83,207,28.0,22.0,23.0,0.9565,290,20.0,23.0,0.8696,0.2862,0.1207,9.0,9.0,30.0,31.0,84.3143,False,False,False,D:\Dwonloads\umodel_lostark_v7\extracted\lostark_ui_by_package_png\EFUI_CONFRONTHUD\Texture2D\confronthud_i8c_nopack.png
EFUI_CONFRONTHUD,confronthud_i81_nopack.png,40,40,0.19,0.19,21.0,23.0,0.913,187.56,106.11,30.22,74,230,28.0,21.0,23.0,0.913,304,20.0,23.0,0.8696,0.2928,0.1316,10.0,9.0,30.0,31.0,84.3,False,False,False,D:\Dwonloads\umodel_lostark_v7\extracted\lostark_ui_by_package_png\EFUI_CONFRONTHUD\Texture2D\confronthud_i81_nopack.png
EFUI_CONFRONTHUD,confronthud_i7d_nopack.png,36,40,0.167361,0.167361,19.0,22.0,0.8636,184.2,99.65,22.73,43,198,28.0,19.0,22.0,0.8636,241,17.0,22.0,0.7727,0.2448,0.0456,8.0,9.0,26.0,30.0,84.2714,False,False,False,D:\Dwonloads\umodel_lostark_v7\extracted\lostark_ui_by_package_png\EFUI_CONFRONTHUD\Texture2D\confronthud_i7d_nopack.png
EFUI_CONFRONTHUD,confronthud_i7e_nopack.png,36,40,0.192361,0.192361,19.0,22.0,0.8636,186.84,107.4,30.08,63,214,28.0,19.0,22.0,0.8636,277,22.0,22.0,1.0,0.296,0.0614,8.0,9.0,26.0,30.0,84.2714,False,False,False,D:\Dwonloads\umodel_lostark_v7\extracted\lostark_ui_by_package_png\EFUI_CONFRONTHUD\Texture2D\confronthud_i7e_nopack.png
EFUI_CONFRONTHUD,confronthud_i7c_nopack.png,36,40,0.189583,0.189583,18.0,22.0,0.8182,186.74,104.17,29.07,67,206,28.0,18.0,22.0,0.8182,273,22.0,22.0,1.0,0.3223,0.0879,9.0,9.0,26.0,30.0,84.2571,False,False,False,D:\Dwonloads\umodel_lostark_v7\extracted\lostark_ui_by_package_png\EFUI_CONFRONTHUD\Texture2D\confronthud_i7c_nopack.png
EFUI_CONFRONTHUD,confronthud_i7f_nopack.png,36,40,0.194444,0.194444,18.0,22.0,0.8182,185.79,102.79,24.85,88,192,28.0,18.0,22.0,0.8182,280,22.0,22.0,1.0,0.3929,0.0786,9.0,9.0,26.0,30.0,84.2571,False,False,False,D:\Dwonloads\umodel_lostark_v7\extracted\lostark_ui_by_package_png\EFUI_CONFRONTHUD\Texture2D\confronthud_i7f_nopack.png
EFUI_CONFRONTHUD,confronthud_i83_nopack.png,36,40,0.178472,0.178472,18.0,22.0,0.8182,185.85,107.39,32.59,45,212,28.0,18.0,22.0,0.8182,257,22.0,22.0,1.0,0.2335,0.0739,9.0,9.0,26.0,30.0,84.2571,False,False,False,D:\Dwonloads\umodel_lostark_v7\extracted\lostark_ui_by_package_png\EFUI_CONFRONTHUD\Texture2D\confronthud_i83_nopack.png
EFUI_CONFRONTHUD,confronthud_i87_nopack.png,36,40,0.109028,0.10625,18.0,22.0,0.8182,181.99,95.2,20.68,16,141,28.0,18.0,22.0,0.8182,157,4.0,21.0,0.1905,0.1274,0.0446,9.0,9.0,26.0,30.0,84.2571,False,False,False,D:\Dwonloads\umodel_lostark_v7\extracted\lostark_ui_by_package_png\EFUI_CONFRONTHUD\Texture2D\confronthud_i87_nopack.png
EFUI_CONFRONTHUD,confronthud_i7b_nopack.png,36,40,0.19375,0.19375,17.0,22.0,0.7727,188.63,108.57,31.34,66,213,28.0,17.0,22.0,0.7727,279,22.0,22.0,1.0,0.3943,0.0573,10.0,9.0,26.0,30.0,84.2429,False,False,False,D:\Dwonloads\umodel_lostark_v7\extracted\lostark_ui_by_package_png\EFUI_CONFRONTHUD\Texture2D\confronthud_i7b_nopack.png
EFUI_CONFRONTHUD,confronthud_i8d_nopack.png,36,40,0.170139,0.170139,17.0,22.0,0.7727,187.8,106.17,32.47,58,187,28.0,17.0,22.0,0.7727,245,22.0,22.0,1.0,0.4082,0.1469,10.0,8.0,26.0,29.0,84.2429,False,False,False,D:\Dwonloads\umodel_lostark_v7\extracted\lostark_ui_by_package_png\EFUI_CONFRONTHUD\Texture2D\confronthud_i8d_nopack.png
EFUI_RAIDENTRANCE,raidentrance_i40.png,1024,1024,0.01297,0.003067,644.0,920.0,0.7,129.79,98.24,62.87,484,366,42.0,260.0,88.0,2.9545,227,88.0,4.0,22.0,0.7885,0.0352,384.0,780.0,640.0,864.0,83.346,False,False,False,D:\Dwonloads\umodel_lostark_v7\extracted\lostark_ui_by_package_png\EFUI_RAIDENTRANCE\Texture2D\raidentrance_i40.png
EFUI_COLOSSEUM,colosseumentrance_i18.png,1024,1024,0.003693,0.003555,692.0,512.0,1.3516,207.88,158.13,3.71,18,224,54.9231,336.0,12.0,28.0,226,8.0,12.0,0.6667,0.1858,0.1327,356.0,1000.0,688.0,1008.0,82.949,True,False,False,D:\Dwonloads\umodel_lostark_v7\extracted\lostark_ui_by_package_png\EFUI_COLOSSEUM\Texture2D\colosseumentrance_i18.png
EFUI_EPICGATECOMMANDERPROCESS,epicgatecommanderprocess_i58.png,1024,1024,0.018372,0.011902,736.0,916.0,0.8035,186.72,102.74,29.29,852,352,35.5,24.0,24.0,1.0,20,24.0,16.0,1.5,0.45,0.15,292.0,232.0,312.0,252.0,82.7762,False,False,False,D:\Dwonloads\umodel_lostark_v7\extracted\lostark_ui_by_package_png\EFUI_EPICGATECOMMANDERPROCESS\Texture2D\epicgatecommanderprocess_i58.png
EFUI_BATTLEFIELDENTRANCE,battlefieldentrance_i1ec_nopack.png,344,328,0.02483,0.008469,314.44,228.44,1.3765,135.5,104.81,35.16,629,922,40.3214,154.53,37.62,4.1071,414,22.84,26.88,0.85,0.1546,0.0483,99.44,192.16,252.62,228.44,82.6635,False,False,False,D:\Dwonloads\umodel_lostark_v7\extracted\lostark_ui_by_package_png\EFUI_BATTLEFIELDENTRANCE\Texture2D\battlefieldentrance_i1ec_nopack.png
EFUI_ICONATLAS_M,monster_icon_boss_2.png,868,540,0.017934,0.005454,647.61,410.27,1.5785,134.8,97.95,67.74,58,672,38.0,20.34,16.95,1.2,10,13.56,6.78,2.0,0.5,0.1,213.61,294.98,230.56,308.55,82.2596,False,False,False,D:\Dwonloads\umodel_lostark_v7\extracted\lostark_ui_by_package_png\EFUI_ICONATLAS_M\Texture2D\monster_icon_boss_2.png
EFUI_EPICGATESHADOWENTRANCE,epicgateshadowentrance_i7.png,1024,1024,0.011993,0.004181,812.0,796.0,1.0201,138.47,83.37,31.51,196,590,45.6,208.0,40.0,5.2,340,36.0,40.0,0.9,0.1529,0.0265,400.0,708.0,604.0,744.0,81.7763,False,False,False,D:\Dwonloads\umodel_lostark_v7\extracted\lostark_ui_by_package_png\EFUI_EPICGATESHADOWENTRANCE\Texture2D\epicgateshadowentrance_i7.png
EFUI_INDICATOR,indicator_i10_nopack.png,168,48,0.024802,0.006696,158.0,36.0,4.3889,128.99,91.69,65.09,143,57,42.0,20.0,1.0,20.0,20,1.0,1.0,1.0,0.3,0.1,80.0,21.0,99.0,21.0,81.4591,False,False,False,D:\Dwonloads\umodel_lostark_v7\extracted\lostark_ui_by_package_png\EFUI_INDICATOR\Texture2D\indicator_i10_nopack.png
EFUI_DUNGEONENTRANCE,dungeonentrance_i5.png,1024,1024,0.011765,0.001862,816.0,196.0,4.1633,143.26,54.5,30.0,479,292,41.125,132.0,84.0,1.5714,265,84.0,32.0,2.625,0.3057,0.1094,0.0,420.0,128.0,500.0,80.7075,True,False,False,D:\Dwonloads\umodel_lostark_v7\extracted\lostark_ui_by_package_png\EFUI_DUNGEONENTRANCE\Texture2D\dungeonentrance_i5.png
EFUI_RAIDPROCESS,raidprocess_ib0.png,1024,1024,0.018387,0.010406,288.0,284.0,1.0141,180.87,58.03,14.61,300,905,28.0,124.0,136.0,0.9118,554,124.0,96.0,1.2917,0.2202,0.0632,468.0,620.0,588.0,752.0,80.3916,False,False,False,D:\Dwonloads\umodel_lostark_v7\extracted\lostark_ui_by_package_png\EFUI_RAIDPROCESS\Texture2D\raidprocess_ib0.png
EFUI_ICONATLAS_B,bossrush_btnimg_0.png,804,252,0.018018,0.005713,804.0,244.97,3.2821,139.4,117.06,93.49,262,107,28.5714,18.84,40.83,0.4615,30,37.69,21.98,1.7143,0.6,0.0667,28.27,194.72,43.97,232.41,79.9772,True,False,False,D:\Dwonloads\umodel_lostark_v7\extracted\lostark_ui_by_package_png\EFUI_ICONATLAS_B\Texture2D\bossrush_btnimg_0.png
EFUI_FIELDBOSS,sylmaelfieldboss_i85.png,1024,1024,0.009888,0.007935,840.0,540.0,1.5556,220.82,81.07,32.8,178,470,28.0,36.0,40.0,0.9,18,16.0,24.0,0.6667,0.3333,0.1111,232.0,32.0,264.0,68.0,79.856,False,False,False,D:\Dwonloads\umodel_lostark_v7\extracted\lostark_ui_by_package_png\EFUI_FIELDBOSS\Texture2D\sylmaelfieldboss_i85.png
EFUI_FIELDBOSS,sylmaelfieldboss_i51.png,1024,1024,0.017761,0.010193,292.0,284.0,1.0282,183.43,59.16,14.71,285,879,28.0,124.0,128.0,0.9688,534,116.0,96.0,1.2083,0.206,0.0637,468.0,16.0,588.0,140.0,79.7972,False,False,False,D:\Dwonloads\umodel_lostark_v7\extracted\lostark_ui_by_package_png\EFUI_FIELDBOSS\Texture2D\sylmaelfieldboss_i51.png
EFUI_DUNGEONENTRANCE,dungeonentrance_i9.png,1024,1024,0.000916,6.1e-05,140.0,16.0,8.75,115.27,53.53,36.47,0,60,64.25,140.0,16.0,8.75,60,16.0,8.0,2.0,0.25,0.1,696.0,836.0,832.0,848.0,79.2019,False,False,False,D:\Dwonloads\umodel_lostark_v7\extracted\lostark_ui_by_package_png\EFUI_DUNGEONENTRANCE\Texture2D\dungeonentrance_i9.png
EFUI_EPICGATECOMMANDERENTRANCE,epicgatecommanderentrance_i82.png,1024,1024,0.001953,0.001068,460.0,812.0,0.5665,161.91,116.08,41.68,0,128,64.4615,220.0,20.0,11.0,120,12.0,20.0,0.6,0.1667,0.0583,408.0,792.0,624.0,808.0,78.4682,False,False,False,D:\Dwonloads\umodel_lostark_v7\extracted\lostark_ui_by_package_png\EFUI_EPICGATECOMMANDERENTRANCE\Texture2D\epicgatecommanderentrance_i82.png
EFUI_EPICGATEKAZEROTHENTRANCE,epicgatekazerothentrance_i2a0_nopack.png,200,280,0.218942,0.10596,140.0,194.69,0.7191,174.59,56.51,30.4,3544,6713,28.0,140.0,194.69,0.7191,10255,161.88,194.69,0.8315,0.3037,0.0992,32.81,48.12,171.72,241.72,78.0,False,False,False,D:\Dwonloads\umodel_lostark_v7\extracted\lostark_ui_by_package_png\EFUI_EPICGATEKAZEROTHENTRANCE\Texture2D\epicgatekazerothentrance_i2a0_nopack.png
EFUI_EPICGATEKAZEROTHENTRANCE,epicgatekazerothentrance_i29f_nopack.png,200,280,0.222336,0.106856,138.91,194.69,0.7135,174.36,56.35,30.21,3603,6813,28.0,138.91,194.69,0.7135,10412,161.88,194.69,0.8315,0.3032,0.0994,33.91,48.12,171.72,241.72,77.9844,False,False,False,D:\Dwonloads\umodel_lostark_v7\extracted\lostark_ui_by_package_png\EFUI_EPICGATEKAZEROTHENTRANCE\Texture2D\epicgatekazerothentrance_i29f_nopack.png
EFUI_EPICGATEKAZEROTHENTRANCE,epicgatekazerothentrance_i2a1_nopack.png,200,280,0.216808,0.103975,138.91,194.69,0.7135,173.96,56.78,30.66,3462,6695,28.0,138.91,194.69,0.7135,10147,161.88,194.69,0.8315,0.3007,0.0997,33.91,48.12,171.72,241.72,77.9844,False,False,False,D:\Dwonloads\umodel_lostark_v7\extracted\lostark_ui_by_package_png\EFUI_EPICGATEKAZEROTHENTRANCE\Texture2D\epicgatekazerothentrance_i2a1_nopack.png
EFUI_EPICGATEKAZEROTHENTRANCE,epicgatekazerothentrance_i2a2_nopack.png,200,280,0.212325,0.102544,138.91,195.78,0.7095,174.54,57.47,31.13,3388,6559,28.0,138.91,195.78,0.7095,9947,161.88,195.78,0.8268,0.3053,0.1033,33.91,48.12,171.72,242.81,77.9844,False,False,False,D:\Dwonloads\umodel_lostark_v7\extracted\lostark_ui_by_package_png\EFUI_EPICGATEKAZEROTHENTRANCE\Texture2D\epicgatekazerothentrance_i2a2_nopack.png
EFUI_EPICGATEKAZEROTHENTRANCE,epicgatekazerothentrance_i2a3_nopack.png,200,280,0.210276,0.100346,137.81,194.69,0.7079,174.1,57.45,31.06,3294,6557,28.0,137.81,194.69,0.7079,9832,161.88,194.69,0.8315,0.3123,0.1057,35.0,49.22,171.72,242.81,77.9688,False,False,False,D:\Dwonloads\umodel_lostark_v7\extracted\lostark_ui_by_package_png\EFUI_EPICGATEKAZEROTHENTRANCE\Texture2D\epicgatekazerothentrance_i2a3_nopack.png
EFUI_EPICGATEKAZEROTHENTRANCE,epicgatekazerothentrance_i2ab_nopack.png,200,280,0.200222,0.088029,137.81,192.5,0.7159,171.55,55.36,29.71,3319,6061,28.0,137.81,192.5,0.7159,9372,158.59,192.5,0.8239,0.3123,0.1471,31.72,51.41,168.44,242.81,77.9688,False,False,False,D:\Dwonloads\umodel_lostark_v7\extracted\lostark_ui_by_package_png\EFUI_EPICGATEKAZEROTHENTRANCE\Texture2D\epicgatekazerothentrance_i2ab_nopack.png
EFUI_EPICGATEKAZEROTHENTRANCE,epicgatekazerothentrance_i2ac_nopack.png,200,280,0.202634,0.08963,137.81,191.41,0.72,171.54,55.04,29.33,3369,6124,28.0,137.81,191.41,0.72,9485,158.59,191.41,0.8286,0.3118,0.1461,31.72,51.41,168.44,241.72,77.9688,False,False,False,D:\Dwonloads\umodel_lostark_v7\extracted\lostark_ui_by_package_png\EFUI_EPICGATEKAZEROTHENTRANCE\Texture2D\epicgatekazerothentrance_i2ac_nopack.png
EFUI_EPICGATEKAZEROTHENTRANCE,epicgatekazerothentrance_i2ad_nopack.png,200,280,0.202719,0.088883,137.81,192.5,0.7159,171.4,54.79,29.19,3364,6133,28.0,137.81,192.5,0.7159,9497,158.59,192.5,0.8239,0.3183,0.1343,32.81,50.31,169.53,241.72,77.9688,False,False,False,D:\Dwonloads\umodel_lostark_v7\extracted\lostark_ui_by_package_png\EFUI_EPICGATEKAZEROTHENTRANCE\Texture2D\epicgatekazerothentrance_i2ad_nopack.png
EFUI_EPICGATEKAZEROTHENTRANCE,epicgatekazerothentrance_i2ae_nopack.png,200,280,0.203659,0.087474,137.81,193.59,0.7119,170.57,54.46,29.02,3343,6198,28.0,137.81,193.59,0.7119,9540,159.69,193.59,0.8249,0.3121,0.1335,32.81,49.22,169.53,241.72,77.9688,False,False,False,D:\Dwonloads\umodel_lostark_v7\extracted\lostark_ui_by_package_png\EFUI_EPICGATEKAZEROTHENTRANCE\Texture2D\epicgatekazerothentrance_i2ae_nopack.png
EFUI_EPICGATEKAZEROTHENTRANCE,epicgatekazerothentrance_i2c8_nopack.png,200,280,0.238879,0.103825,137.81,196.88,0.7,169.69,54.27,29.02,3842,7349,28.0,137.81,196.88,0.7,11184,160.78,196.88,0.8167,0.3051,0.1079,33.91,47.03,170.62,242.81,77.9688,False,False,False,D:\Dwonloads\umodel_lostark_v7\extracted\lostark_ui_by_package_png\EFUI_EPICGATEKAZEROTHENTRANCE\Texture2D\epicgatekazerothentrance_i2c8_nopack.png
EFUI_EPICGATEKAZEROTHENTRANCE,epicgatekazerothentrance_i2c9_nopack.png,200,280,0.238601,0.107454,137.81,195.78,0.7039,170.78,54.71,29.37,3847,7331,28.0,137.81,195.78,0.7039,11172,161.88,195.78,0.8268,0.3008,0.106,33.91,48.12,170.62,242.81,77.9688,False,False,False,D:\Dwonloads\umodel_lostark_v7\extracted\lostark_ui_by_package_png\EFUI_EPICGATEKAZEROTHENTRANCE\Texture2D\epicgatekazerothentrance_i2c9_nopack.png
EFUI_EPICGATEKAZEROTHENTRANCE,epicgatekazerothentrance_i2ca_nopack.png,200,280,0.23747,0.110293,137.81,195.78,0.7039,171.63,55.36,29.78,3794,7331,28.0,137.81,195.78,0.7039,11122,161.88,195.78,0.8268,0.2983,0.1065,33.91,48.12,170.62,242.81,77.9688,False,False,False,D:\Dwonloads\umodel_lostark_v7\extracted\lostark_ui_by_package_png\EFUI_EPICGATEKAZEROTHENTRANCE\Texture2D\epicgatekazerothentrance_i2ca_nopack.png
EFUI_EPICGATEKAZEROTHENTRANCE,epicgatekazerothentrance_i2cb_nopack.png,200,280,0.230938,0.109354,137.81,194.69,0.7079,173.03,56.17,30.32,3706,7113,28.0,137.81,194.69,0.7079,10819,161.88,194.69,0.8315,0.3007,0.1086,33.91,48.12,170.62,241.72,77.9688,False,False,False,D:\Dwonloads\umodel_lostark_v7\extracted\lostark_ui_by_package_png\EFUI_EPICGATEKAZEROTHENTRANCE\Texture2D\epicgatekazerothentrance_i2cb_nopack.png
EFUI_EPICGATEKAZEROTHENTRANCE,epicgatekazerothentrance_i2a4_nopack.png,200,280,0.207629,0.095799,136.72,194.69,0.7022,173.46,57.07,30.83,3215,6512,28.0,136.72,194.69,0.7022,9704,160.78,194.69,0.8258,0.3103,0.1205,35.0,49.22,170.62,242.81,77.9531,False,False,False,D:\Dwonloads\umodel_lostark_v7\extracted\lostark_ui_by_package_png\EFUI_EPICGATEKAZEROTHENTRANCE\Texture2D\epicgatekazerothentrance_i2a4_nopack.png
EFUI_EPICGATEKAZEROTHENTRANCE,epicgatekazerothentrance_i2a5_nopack.png,200,280,0.205473,0.092918,136.72,194.69,0.7022,172.5,56.56,30.54,3194,6432,28.0,136.72,194.69,0.7022,9596,160.78,194.69,0.8258,0.3134,0.1219,35.0,49.22,170.62,242.81,77.9531,False,False,False,D:\Dwonloads\umodel_lostark_v7\extracted\lostark_ui_by_package_png\EFUI_EPICGATEKAZEROTHENTRANCE\Texture2D\epicgatekazerothentrance_i2a5_nopack.png
EFUI_EPICGATEKAZEROTHENTRANCE,epicgatekazerothentrance_i2a6_nopack.png,200,280,0.202976,0.089331,136.72,194.69,0.7022,171.64,56.07,30.19,3187,6322,28.0,136.72,194.69,0.7022,9509,160.78,194.69,0.8258,0.31,0.1361,33.91,49.22,169.53,242.81,77.9531,False,False,False,D:\Dwonloads\umodel_lostark_v7\extracted\lostark_ui_by_package_png\EFUI_EPICGATEKAZEROTHENTRANCE\Texture2D\epicgatekazerothentrance_i2a6_nopack.png
EFUI_EPICGATEKAZEROTHENTRANCE,epicgatekazerothentrance_i2af_nopack.png,200,280,0.203893,0.08645,136.72,193.59,0.7062,170.16,54.35,28.98,3326,6226,28.0,136.72,193.59,0.7062,9546,160.78,193.59,0.8305,0.3167,0.1321,33.91,49.22,169.53,241.72,77.9531,False,False,False,D:\Dwonloads\umodel_lostark_v7\extracted\lostark_ui_by_package_png\EFUI_EPICGATEKAZEROTHENTRANCE\Texture2D\epicgatekazerothentrance_i2af_nopack.png
EFUI_EPICGATEKAZEROTHENTRANCE,epicgatekazerothentrance_i2bd_nopack.png,200,280,0.226093,0.10406,136.72,196.88,0.6944,173.38,55.91,29.95,3121,7471,28.0,136.72,196.88,0.6944,10531,162.97,196.88,0.8278,0.2809,0.1082,35.0,49.22,170.62,245.0,77.9531,False,False,False,D:\Dwonloads\umodel_lostark_v7\extracted\lostark_ui_by_package_png\EFUI_EPICGATEKAZEROTHENTRANCE\Texture2D\epicgatekazerothentrance_i2bd_nopack.png
EFUI_EPICGATEKAZEROTHENTRANCE,epicgatekazerothentrance_i2be_nopack.png,200,280,0.229039,0.107283,136.72,196.88,0.6944,173.3,56.15,30.11,3143,7587,28.0,136.72,196.88,0.6944,10716,165.16,196.88,0.8389,0.2784,0.1077,35.0,49.22,170.62,245.0,77.9531,False,False,False,D:\Dwonloads\umodel_lostark_v7\extracted\lostark_ui_by_package_png\EFUI_EPICGATEKAZEROTHENTRANCE\Texture2D\epicgatekazerothentrance_i2be_nopack.png
EFUI_EPICGATEKAZEROTHENTRANCE,epicgatekazerothentrance_i2bf_nopack.png,200,280,0.230768,0.108265,136.72,197.97,0.6906,173.08,56.16,30.12,3171,7640,28.0,136.72,197.97,0.6906,10808,165.16,197.97,0.8343,0.2782,0.1067,35.0,48.12,170.62,245.0,77.9531,False,False,False,D:\Dwonloads\umodel_lostark_v7\extracted\lostark_ui_by_package_png\EFUI_EPICGATEKAZEROTHENTRANCE\Texture2D\epicgatekazerothentrance_i2bf_nopack.png
EFUI_EPICGATEKAZEROTHENTRANCE,epicgatekazerothentrance_i2c0_nopack.png,200,280,0.230853,0.107774,136.72,197.97,0.6906,173.3,56.06,30.07,3168,7647,28.0,136.72,197.97,0.6906,10802,162.97,197.97,0.8232,0.2835,0.0966,36.09,48.12,171.72,245.0,77.9531,False,False,False,D:\Dwonloads\umodel_lostark_v7\extracted\lostark_ui_by_package_png\EFUI_EPICGATEKAZEROTHENTRANCE\Texture2D\epicgatekazerothentrance_i2c0_nopack.png
EFUI_EPICGATEKAZEROTHENTRANCE,epicgatekazerothentrance_i2c1_nopack.png,200,280,0.230917,0.108521,136.72,200.16,0.6831,173.51,56.14,30.13,3184,7634,28.0,136.72,200.16,0.6831,10802,164.06,200.16,0.8197,0.284,0.0986,36.09,45.94,171.72,245.0,77.9531,False,False,False,D:\Dwonloads\umodel_lostark_v7\extracted\lostark_ui_by_package_png\EFUI_EPICGATEKAZEROTHENTRANCE\Texture2D\epicgatekazerothentrance_i2c1_nopack.png
EFUI_EPICGATEKAZEROTHENTRANCE,epicgatekazerothentrance_i2c2_nopack.png,200,280,0.23064,0.108948,136.72,199.06,0.6868,173.41,56.17,30.11,3196,7609,28.0,136.72,199.06,0.6868,10799,162.97,199.06,0.8187,0.2849,0.0987,36.09,47.03,171.72,245.0,77.9531,False,False,False,D:\Dwonloads\umodel_lostark_v7\extracted\lostark_ui_by_package_png\EFUI_EPICGATEKAZEROTHENTRANCE\Texture2D\epicgatekazerothentrance_i2c2_nopack.png
EFUI_EPICGATEKAZEROTHENTRANCE,epicgatekazerothentrance_i2c3_nopack.png,200,280,0.230234,0.108457,136.72,199.06,0.6868,173.01,55.63,29.79,3193,7593,28.0,136.72,199.06,0.6868,10756,164.06,199.06,0.8242,0.2857,0.0986,36.09,47.03,171.72,245.0,77.9531,False,False,False,D:\Dwonloads\umodel_lostark_v7\extracted\lostark_ui_by_package_png\EFUI_EPICGATEKAZEROTHENTRANCE\Texture2D\epicgatekazerothentrance_i2c3_nopack.png
EFUI_EPICGATEKAZEROTHENTRANCE,epicgatekazerothentrance_i2a7_nopack.png,200,280,0.202186,0.088542,135.62,193.59,0.7006,171.09,55.89,30.11,3227,6245,28.0,135.62,193.59,0.7006,9470,161.88,193.59,0.8362,0.3164,0.1498,33.91,50.31,168.44,242.81,77.9375,False,False,False,D:\Dwonloads\umodel_lostark_v7\extracted\lostark_ui_by_package_png\EFUI_EPICGATEKAZEROTHENTRANCE\Texture2D\epicgatekazerothentrance_i2a7_nopack.png
EFUI_EPICGATEKAZEROTHENTRANCE,epicgatekazerothentrance_i2b0_nopack.png,200,280,0.202719,0.085831,135.62,194.69,0.6966,170.28,54.37,28.99,3303,6194,28.0,135.62,194.69,0.6966,9486,159.69,194.69,0.8202,0.3234,0.1314,35.0,48.12,169.53,241.72,77.9375,False,False,False,D:\Dwonloads\umodel_lostark_v7\extracted\lostark_ui_by_package_png\EFUI_EPICGATEKAZEROTHENTRANCE\Texture2D\epicgatekazerothentrance_i2b0_nopack.png
EFUI_EPICGATEKAZEROTHENTRANCE,epicgatekazerothentrance_i2b1_nopack.png,200,280,0.204726,0.088584,135.62,195.78,0.6927,170.55,54.39,29.01,3296,6295,28.0,135.62,195.78,0.6927,9579,160.78,195.78,0.8212,0.319,0.129,35.0,48.12,169.53,242.81,77.9375,False,False,False,D:\Dwonloads\umodel_lostark_v7\extracted\lostark_ui_by_package_png\EFUI_EPICGATEKAZEROTHENTRANCE\Texture2D\epicgatekazerothentrance_i2b1_nopack.png
EFUI_EPICGATEKAZEROTHENTRANCE,epicgatekazerothentrance_i2b2_nopack.png,200,280,0.205601,0.089673,135.62,195.78,0.6927,171.46,54.7,29.2,3237,6395,28.0,135.62,195.78,0.6927,9623,159.69,195.78,0.8156,0.3053,0.1414,33.91,48.12,168.44,242.81,77.9375,False,False,False,D:\Dwonloads\umodel_lostark_v7\extracted\lostark_ui_by_package_png\EFUI_EPICGATEKAZEROTHENTRANCE\Texture2D\epicgatekazerothentrance_i2b2_nopack.png
EFUI_EPICGATEKAZEROTHENTRANCE,epicgatekazerothentrance_i2b3_nopack.png,200,280,0.212944,0.091381,135.62,196.88,0.6889,170.67,54.29,28.89,3248,6728,28.0,135.62,196.88,0.6889,9969,160.78,196.88,0.8167,0.297,0.139,33.91,47.03,168.44,242.81,77.9375,False,False,False,D:\Dwonloads\umodel_lostark_v7\extracted\lostark_ui_by_package_png\EFUI_EPICGATEKAZEROTHENTRANCE\Texture2D\epicgatekazerothentrance_i2b3_nopack.png
EFUI_EPICGATEKAZEROTHENTRANCE,epicgatekazerothentrance_i2b4_nopack.png,200,280,0.216509,0.093387,135.62,197.97,0.6851,170.5,53.76,28.42,3210,6933,28.0,135.62,197.97,0.6851,10141,160.78,197.97,0.8122,0.2889,0.1383,33.91,47.03,168.44,243.91,77.9375,False,False,False,D:\Dwonloads\umodel_lostark_v7\extracted\lostark_ui_by_package_png\EFUI_EPICGATEKAZEROTHENTRANCE\Texture2D\epicgatekazerothentrance_i2b4_nopack.png
EFUI_EPICGATEKAZEROTHENTRANCE,epicgatekazerothentrance_i2b5_nopack.png,200,280,0.217896,0.090591,135.62,197.97,0.6851,170.6,53.58,28.29,3212,6996,28.0,135.62,197.97,0.6851,10207,160.78,197.97,0.8122,0.2877,0.135,33.91,47.03,168.44,243.91,77.9375,False,False,False,D:\Dwonloads\umodel_lostark_v7\extracted\lostark_ui_by_package_png\EFUI_EPICGATEKAZEROTHENTRANCE\Texture2D\epicgatekazerothentrance_i2b5_nopack.png
EFUI_EPICGATEKAZEROTHENTRANCE,epicgatekazerothentrance_i2ba_nopack.png,200,280,0.227416,0.098531,135.62,196.88,0.6889,170.9,54.25,28.71,3113,7541,28.0,135.62,196.88,0.6889,10621,161.88,196.88,0.8222,0.2729,0.1317,33.91,49.22,168.44,245.0,77.9375,False,False,False,D:\Dwonloads\umodel_lostark_v7\extracted\lostark_ui_by_package_png\EFUI_EPICGATEKAZEROTHENTRANCE\Texture2D\epicgatekazerothentrance_i2ba_nopack.png
EFUI_EPICGATEKAZEROTHENTRANCE,epicgatekazerothentrance_i2bb_nopack.png,200,280,0.226776,0.100388,135.62,197.97,0.6851,171.84,54.95,29.3,3124,7500,28.0,135.62,197.97,0.6851,10591,160.78,197.97,0.8122,0.2746,0.1301,33.91,48.12,168.44,245.0,77.9375,False,False,False,D:\Dwonloads\umodel_lostark_v7\extracted\lostark_ui_by_package_png\EFUI_EPICGATEKAZEROTHENTRANCE\Texture2D\epicgatekazerothentrance_i2bb_nopack.png
EFUI_EPICGATEKAZEROTHENTRANCE,epicgatekazerothentrance_i2bc_nopack.png,200,280,0.225709,0.09994,135.62,196.88,0.6889,172.5,55.6,29.8,3136,7438,28.0,135.62,196.88,0.6889,10550,162.97,196.88,0.8278,0.2815,0.118,35.0,49.22,169.53,245.0,77.9375,False,False,False,D:\Dwonloads\umodel_lostark_v7\extracted\lostark_ui_by_package_png\EFUI_EPICGATEKAZEROTHENTRANCE\Texture2D\epicgatekazerothentrance_i2bc_nopack.png
EFUI_EPICGATEKAZEROTHENTRANCE,epicgatekazerothentrance_i2c4_nopack.png,200,280,0.228078,0.106856,135.62,197.97,0.6851,173.31,55.82,29.83,3192,7493,28.0,135.62,197.97,0.6851,10651,165.16,197.97,0.8343,0.2887,0.1105,36.09,47.03,170.62,243.91,77.9375,False,False,False,D:\Dwonloads\umodel_lostark_v7\extracted\lostark_ui_by_package_png\EFUI_EPICGATEKAZEROTHENTRANCE\Texture2D\epicgatekazerothentrance_i2c4_nopack.png
EFUI_EPICGATEKAZEROTHENTRANCE,epicgatekazerothentrance_i2c6_nopack.png,200,280,0.234994,0.10105,135.62,195.78,0.6927,169.74,54.65,29.22,3662,7347,28.0,135.62,195.78,0.6927,10945,160.78,195.78,0.8212,0.3154,0.1212,35.0,48.12,169.53,242.81,77.9375,False,False,False,D:\Dwonloads\umodel_lostark_v7\extracted\lostark_ui_by_package_png\EFUI_EPICGATEKAZEROTHENTRANCE\Texture2D\epicgatekazerothentrance_i2c6_nopack.png
EFUI_EPICGATEKAZEROTHENTRANCE,epicgatekazerothentrance_i2c7_nopack.png,200,280,0.237534,0.101221,135.62,196.88,0.6889,169.18,54.11,29.02,3776,7352,28.0,135.62,196.88,0.6889,11086,160.78,196.88,0.8167,0.3166,0.1192,35.0,47.03,169.53,242.81,77.9375,False,False,False,D:\Dwonloads\umodel_lostark_v7\extracted\lostark_ui_by_package_png\EFUI_EPICGATEKAZEROTHENTRANCE\Texture2D\epicgatekazerothentrance_i2c7_nopack.png
EFUI_EPICGATEKAZEROTHENTRANCE,epicgatekazerothentrance_i2a8_nopack.png,200,280,0.201311,0.087453,134.53,193.59,0.6949,170.6,55.6,29.97,3254,6177,28.0,134.53,193.59,0.6949,9431,162.97,193.59,0.8418,0.3257,0.1475,35.0,50.31,168.44,242.81,77.9219,False,False,False,D:\Dwonloads\umodel_lostark_v7\extracted\lostark_ui_by_package_png\EFUI_EPICGATEKAZEROTHENTRANCE\Texture2D\epicgatekazerothentrance_i2a8_nopack.png
EFUI_EPICGATEKAZEROTHENTRANCE,epicgatekazerothentrance_i2a9_nopack.png,200,280,0.199304,0.087538,134.53,193.59,0.6949,170.89,55.37,29.67,3246,6091,28.0,134.53,193.59,0.6949,9334,161.88,193.59,0.8362,0.3228,0.1603,33.91,50.31,167.34,242.81,77.9219,False,False,False,D:\Dwonloads\umodel_lostark_v7\extracted\lostark_ui_by_package_png\EFUI_EPICGATEKAZEROTHENTRANCE\Texture2D\epicgatekazerothentrance_i2a9_nopack.png
EFUI_EPICGATEKAZEROTHENTRANCE,epicgatekazerothentrance_i2aa_nopack.png,200,280,0.198792,0.087133,134.53,193.59,0.6949,171.55,55.54,29.75,3258,6055,28.0,134.53,193.59,0.6949,9310,160.78,193.59,0.8305,0.3224,0.1615,33.91,50.31,167.34,242.81,77.9219,False,False,False,D:\Dwonloads\umodel_lostark_v7\extracted\lostark_ui_by_package_png\EFUI_EPICGATEKAZEROTHENTRANCE\Texture2D\epicgatekazerothentrance_i2aa_nopack.png
EFUI_EPICGATEKAZEROTHENTRANCE,epicgatekazerothentrance_i2b6_nopack.png,200,280,0.218643,0.094305,134.53,196.88,0.6833,171.39,53.79,28.34,3183,7060,28.0,134.53,196.88,0.6833,10235,160.78,196.88,0.8167,0.2888,0.1452,33.91,49.22,167.34,245.0,77.9219,False,False,False,D:\Dwonloads\umodel_lostark_v7\extracted\lostark_ui_by_package_png\EFUI_EPICGATEKAZEROTHENTRANCE\Texture2D\epicgatekazerothentrance_i2b6_nopack.png
EFUI_EPICGATEKAZEROTHENTRANCE,epicgatekazerothentrance_i2b7_nopack.png,200,280,0.221696,0.095586,134.53,196.88,0.6833,171.12,54.03,28.64,3150,7236,28.0,134.53,196.88,0.6833,10384,159.69,196.88,0.8111,0.2879,0.1289,35.0,49.22,168.44,245.0,77.9219,False,False,False,D:\Dwonloads\umodel_lostark_v7\extracted\lostark_ui_by_package_png\EFUI_EPICGATEKAZEROTHENTRANCE\Texture2D\epicgatekazerothentrance_i2b7_nopack.png
EFUI_EPICGATEKAZEROTHENTRANCE,epicgatekazerothentrance_i2b8_nopack.png,200,280,0.22398,0.095799,134.53,196.88,0.6833,170.16,54.04,28.66,3115,7378,28.0,134.53,196.88,0.6833,10478,159.69,196.88,0.8111,0.2812,0.1286,35.0,49.22,168.44,245.0,77.9219,False,False,False,D:\Dwonloads\umodel_lostark_v7\extracted\lostark_ui_by_package_png\EFUI_EPICGATEKAZEROTHENTRANCE\Texture2D\epicgatekazerothentrance_i2b8_nopack.png
EFUI_EPICGATEKAZEROTHENTRANCE,epicgatekazerothentrance_i2c5_nopack.png,200,280,0.211514,0.101093,134.53,196.88,0.6833,174.93,56.3,29.96,3026,6883,28.0,134.53,196.88,0.6833,9809,164.06,196.88,0.8333,0.2977,0.1302,36.09,47.03,169.53,242.81,77.9219,False,False,False,D:\Dwonloads\umodel_lostark_v7\extracted\lostark_ui_by_package_png\EFUI_EPICGATEKAZEROTHENTRANCE\Texture2D\epicgatekazerothentrance_i2c5_nopack.png
EFUI_EPICGATEKAZEROTHENTRANCE,epicgatekazerothentrance_i2b9_nopack.png,200,280,0.227053,0.096269,133.44,196.88,0.6778,169.9,53.75,28.44,3079,7558,28.0,133.44,196.88,0.6778,10622,160.78,196.88,0.8167,0.2702,0.1424,35.0,49.22,167.34,245.0,77.9062,False,False,False,D:\Dwonloads\umodel_lostark_v7\extracted\lostark_ui_by_package_png\EFUI_EPICGATEKAZEROTHENTRANCE\Texture2D\epicgatekazerothentrance_i2b9_nopack.png
EFUI_COMMONBATTLEMVP,commonbattlemvp_i3.png,2048,1024,0.024414,0.00885,648.0,240.0,2.7,137.12,99.64,69.09,742,58,30.4615,584.0,240.0,2.4333,794,160.0,240.0,0.6667,0.1587,0.0315,296.0,248.0,872.0,480.0,77.6586,False,False,False,D:\Dwonloads\umodel_lostark_v7\extracted\lostark_ui_by_package_png\EFUI_COMMONBATTLEMVP\Texture2D\commonbattlemvp_i3.png
EFUI_BATTLEFIELDENTRANCE,battlefieldentrance_i74_nopack.png,76,76,0.580852,0.560596,76.0,74.0,1.027,216.28,167.94,53.87,1257,2098,28.0,76.0,74.0,1.027,3159,64.0,74.0,0.8649,0.2754,0.0937,0.0,0.0,75.0,73.0,77.0857,False,False,False,D:\Dwonloads\umodel_lostark_v7\extracted\lostark_ui_by_package_png\EFUI_BATTLEFIELDENTRANCE\Texture2D\battlefieldentrance_i74_nopack.png
EFUI_CONFRONTHUD,confronthud_i8e_nopack.png,24,40,0.1375,0.1375,6.0,22.0,0.2727,193.09,118.23,44.36,0,132,28.0,6.0,22.0,0.2727,132,22.0,22.0,1.0,0.3333,0.1667,9.0,9.0,14.0,30.0,77.0857,False,False,False,D:\Dwonloads\umodel_lostark_v7\extracted\lostark_ui_by_package_png\EFUI_CONFRONTHUD\Texture2D\confronthud_i8e_nopack.png
EFUI_BATTLEFIELDENTRANCE,battlefieldentrance_i6f_nopack.png,68,72,0.432394,0.393587,63.0,64.0,0.9844,208.06,167.62,77.69,760,1357,28.0,63.0,64.0,0.9844,1934,53.0,64.0,0.8281,0.3071,0.1396,3.0,4.0,65.0,67.0,76.9,False,False,False,D:\Dwonloads\umodel_lostark_v7\extracted\lostark_ui_by_package_png\EFUI_BATTLEFIELDENTRANCE\Texture2D\battlefieldentrance_i6f_nopack.png
EFUI_BATTLEFIELDENTRANCE,battlefieldentrance_i6e_nopack.png,64,60,0.125,0.066667,52.0,36.0,1.4444,151.48,118.08,54.66,136,344,28.0,21.0,30.0,0.7,147,4.0,28.0,0.1429,0.1088,0.1701,37.0,8.0,57.0,37.0,76.7429,False,False,False,D:\Dwonloads\umodel_lostark_v7\extracted\lostark_ui_by_package_png\EFUI_BATTLEFIELDENTRANCE\Texture2D\battlefieldentrance_i6e_nopack.png
EFUI_FIELDBOSS,sylmaelfieldboss_i8d.png,1024,1024,0.007523,0.006287,848.0,536.0,1.5821,221.34,84.13,32.91,176,317,28.0,20.0,32.0,0.625,28,24.0,32.0,0.75,0.3571,0.1429,248.0,32.0,264.0,60.0,76.6667,False,False,False,D:\Dwonloads\umodel_lostark_v7\extracted\lostark_ui_by_package_png\EFUI_FIELDBOSS\Texture2D\sylmaelfieldboss_i8d.png
EFUI_CINEMATICENTRANCE,cinematicentrance_i2.png,1024,1024,0.012482,0.002045,828.0,300.0,2.76,141.87,54.88,30.64,342,476,42.0,120.0,12.0,10.0,50,4.0,12.0,0.3333,0.16,0.1,432.0,616.0,548.0,624.0,76.6104,False,False,False,D:\Dwonloads\umodel_lostark_v7\extracted\lostark_ui_by_package_png\EFUI_CINEMATICENTRANCE\Texture2D\cinematicentrance_i2.png
EFUI_FISHINGBAR,fishingbar_i5.png,512,64,0.009033,0.008789,306.0,36.0,8.5,242.19,218.31,30.66,30,44,28.0,14.0,32.0,0.4375,71,32.0,30.0,1.0667,0.4225,0.0423,180.0,4.0,192.0,34.0,76.3837,True,False,False,D:\Dwonloads\umodel_lostark_v7\extracted\lostark_ui_by_package_png\EFUI_FISHINGBAR\Texture2D\fishingbar_i5.png
EFUI_ICONATLAS_C,common_rozalrinstage_raid_img_1.png,828,904,0.021718,0.006711,656.81,229.53,2.8615,138.01,113.22,80.24,380,921,28.0,38.84,14.12,2.75,17,7.06,14.12,0.5,0.2941,0.1176,187.16,557.94,222.47,568.53,76.2964,False,False,False,D:\Dwonloads\umodel_lostark_v7\extracted\lostark_ui_by_package_png\EFUI_ICONATLAS_C\Texture2D\common_rozalrinstage_raid_img_1.png
EFUI_EPICGATESHADOWENTRANCE,epicgateshadowentrance_i18.png,1024,1024,0.00737,0.002274,996.0,708.0,1.4068,135.3,96.46,52.56,333,150,42.0,44.0,4.0,11.0,11,4.0,4.0,1.0,0.3636,0.0909,880.0,812.0,920.0,812.0,75.6611,False,False,False,D:\Dwonloads\umodel_lostark_v7\extracted\lostark_ui_by_package_png\EFUI_EPICGATESHADOWENTRANCE\Texture2D\epicgateshadowentrance_i18.png
EFUI_ASSAULTRAIDENTRANCEFRAME,assaultraidentranceframe_i26.png,1024,1024,0.00444,0.000854,956.0,960.0,0.9958,130.17,62.97,35.06,276,15,32.6364,156.0,44.0,3.5455,200,16.0,44.0,0.3636,0.1,0.035,200.0,804.0,352.0,844.0,75.2563,False,False,False,D:\Dwonloads\umodel_lostark_v7\extracted\lostark_ui_by_package_png\EFUI_ASSAULTRAIDENTRANCEFRAME\Texture2D\assaultraidentranceframe_i26.png
EFUI_EPICGATECOMMANDERPROCESS,epicgatecommanderprocess_i52.png,1024,1024,0.013107,0.007935,448.0,684.0,0.655,170.5,83.17,8.29,377,482,39.5,68.0,8.0,8.5,20,4.0,8.0,0.5,0.25,0.1,304.0,152.0,368.0,156.0,75.0097,False,False,False,D:\Dwonloads\umodel_lostark_v7\extracted\lostark_ui_by_package_png\EFUI_EPICGATECOMMANDERPROCESS\Texture2D\epicgatecommanderprocess_i52.png
EFUI_EPICGATESHADOWENTRANCE,epicgateshadowentrance_i2.png,1024,1024,0.011017,0.001968,672.0,152.0,4.4211,125.24,96.34,59.98,7,715,42.1429,132.0,28.0,4.7143,160,28.0,28.0,1.0,0.2687,0.075,864.0,228.0,992.0,252.0,74.6125,True,False,False,D:\Dwonloads\umodel_lostark_v7\extracted\lostark_ui_by_package_png\EFUI_EPICGATESHADOWENTRANCE\Texture2D\epicgateshadowentrance_i2.png
EFUI_REVERSERUINKURZAN,reverseruinentrancekurzan_loc_int_i7.png,1024,1024,0.012146,0.011139,1016.0,956.0,1.0628,199.81,140.57,55.98,49,747,28.0,96.0,64.0,1.5,195,60.0,64.0,0.9375,0.3487,0.1026,900.0,444.0,992.0,504.0,74.1554,False,False,False,D:\Dwonloads\umodel_lostark_v7\extracted\lostark_ui_by_package_png\EFUI_REVERSERUINKURZAN\Texture2D\reverseruinentrancekurzan_loc_int_i7.png
EFUI_EVENTBARTER,eventbarter_i1b.png,1024,1024,0.013901,0.012085,332.0,708.0,0.4689,206.47,128.44,27.64,0,911,37.3846,244.0,104.0,2.3462,438,100.0,104.0,0.9615,0.3105,0.2283,652.0,604.0,892.0,704.0,73.9429,False,False,False,D:\Dwonloads\umodel_lostark_v7\extracted\lostark_ui_by_package_png\EFUI_EVENTBARTER\Texture2D\eventbarter_i1b.png
EFUI_COLOSSEUM,colosseumentrance_ib6.png,1024,1024,0.021286,0.004501,440.0,252.0,1.746,123.93,86.71,51.76,1165,230,40.6667,152.0,36.0,4.2222,165,20.0,36.0,0.5556,0.1333,0.0485,292.0,4.0,440.0,36.0,73.354,False,False,False,D:\Dwonloads\umodel_lostark_v7\extracted\lostark_ui_by_package_png\EFUI_COLOSSEUM\Texture2D\colosseumentrance_ib6.png
EFUI_BACKGROUNDIMG,raid_img_06.png,1188,656,0.009918,0.002576,737.86,459.42,1.6061,131.06,83.8,65.46,19,339,35.0,32.48,32.48,1.0,20,27.84,9.28,3.0,0.65,0.1,663.61,598.64,691.45,626.48,72.0599,False,False,False,D:\Dwonloads\umodel_lostark_v7\extracted\lostark_ui_by_package_png\EFUI_BACKGROUNDIMG\Texture2D\raid_img_06.png
EFUI_BATTLEFIELDENTRANCE,battlefieldentrance_i1eb_nopack.png,340,328,0.017238,0.007338,306.8,232.42,1.32,141.28,110.95,48.23,401,689,35.5,47.81,22.58,2.1176,72,15.94,10.62,1.5,0.4306,0.0833,199.22,209.84,245.7,231.09,71.2875,False,False,False,D:\Dwonloads\umodel_lostark_v7\extracted\lostark_ui_by_package_png\EFUI_BATTLEFIELDENTRANCE\Texture2D\battlefieldentrance_i1eb_nopack.png
EFUI_EPICRAIDENTRANCE,epicraidentrance_i22.png,1024,1024,0.005539,0.001999,812.0,988.0,0.8219,136.63,97.87,51.24,243,120,28.0,48.0,28.0,1.7143,72,28.0,28.0,1.0,0.2778,0.0556,964.0,508.0,1008.0,532.0,70.4762,False,False,False,D:\Dwonloads\umodel_lostark_v7\extracted\lostark_ui_by_package_png\EFUI_EPICRAIDENTRANCE\Texture2D\epicraidentrance_i22.png
EFUI_CONFRONTHUD,confronthud_i8a_nopack.png,28,28,0.059949,0.059949,10.0,10.0,1.0,189.49,114.28,41.79,6,41,14.0,10.0,10.0,1.0,47,6.0,8.0,0.75,0.2553,0.0638,9.0,9.0,18.0,18.0,70.1429,False,False,False,D:\Dwonloads\umodel_lostark_v7\extracted\lostark_ui_by_package_png\EFUI_CONFRONTHUD\Texture2D\confronthud_i8a_nopack.png
EFUI_REVERSERUINCHAOSRIFT,reverseruinentrancechaosrift_loc_int_i4.png,1024,1024,0.011612,0.010788,776.0,956.0,0.8117,201.95,141.72,55.75,54,707,28.0,96.0,64.0,1.5,197,60.0,64.0,0.9375,0.3452,0.1015,900.0,444.0,992.0,504.0,70.002,False,False,False,D:\Dwonloads\umodel_lostark_v7\extracted\lostark_ui_by_package_png\EFUI_REVERSERUINCHAOSRIFT\Texture2D\reverseruinentrancechaosrift_loc_int_i4.png
EFUI_EPICGATEENTRANCEBM,epicgateentrancebm_ie.png,256,32,0.125,0.107178,55.0,22.0,2.5,239.19,81.44,0.82,1024,0,28.0,55.0,22.0,2.5,1018,22.0,22.0,1.0,0.1916,0.1454,3.0,2.0,57.0,23.0,69.7857,False,False,False,D:\Dwonloads\umodel_lostark_v7\extracted\lostark_ui_by_package_png\EFUI_EPICGATEENTRANCEBM\Texture2D\epicgateentrancebm_ie.png
EFUI_EPICGATECOMMANDERENTRANCE,epicgatecommanderentrance_i8.png,1024,1024,0.011978,0.006042,1004.0,760.0,1.3211,152.78,96.86,54.98,66,719,28.0,36.0,32.0,1.125,22,12.0,28.0,0.4286,0.3182,0.0909,852.0,356.0,884.0,384.0,68.77,False,False,False,D:\Dwonloads\umodel_lostark_v7\extracted\lostark_ui_by_package_png\EFUI_EPICGATECOMMANDERENTRANCE\Texture2D\epicgatecommanderentrance_i8.png
EFUI_FIELDBOSS,sylmaelfieldboss_i78_nopack.png,300,300,0.012344,0.004898,150.0,140.62,1.0667,198.57,47.59,22.97,49,760,28.0,52.73,39.84,1.3235,428,15.23,21.09,0.7222,0.1846,0.0888,164.06,90.23,215.62,128.91,68.682,False,False,False,D:\Dwonloads\umodel_lostark_v7\extracted\lostark_ui_by_package_png\EFUI_FIELDBOSS\Texture2D\sylmaelfieldboss_i78_nopack.png
EFUI_ICONATLAS_B,bossmon_img_4.png,984,952,0.006852,0.001859,891.75,914.81,0.9748,137.28,78.64,60.52,145,290,32.0,3.84,30.75,0.125,8,30.75,0.0,8.0,1.0,0.0,526.59,910.97,526.59,937.87,68.3941,False,False,False,D:\Dwonloads\umodel_lostark_v7\extracted\lostark_ui_by_package_png\EFUI_ICONATLAS_B\Texture2D\bossmon_img_4.png
EFUI_EPICGATEKAZEROTHENTRANCE,epicgatekazerothentrance_i2da.png,1024,1024,0.008408,0.00589,308.0,44.0,7.0,209.53,68.56,7.84,0,551,37.2727,136.0,44.0,3.0909,274,36.0,44.0,0.8182,0.1971,0.0511,404.0,632.0,536.0,672.0,68.2479,True,False,False,D:\Dwonloads\umodel_lostark_v7\extracted\lostark_ui_by_package_png\EFUI_EPICGATEKAZEROTHENTRANCE\Texture2D\epicgatekazerothentrance_i2da.png
EFUI_EPICGATEPROCESS,epicgateprocess_i50.png,1024,1024,0.007294,0.002594,900.0,192.0,4.6875,235.91,46.66,0.0,229,249,28.0,24.0,24.0,1.0,17,8.0,24.0,0.3333,0.1765,0.0588,352.0,452.0,372.0,472.0,67.1192,True,False,False,D:\Dwonloads\umodel_lostark_v7\extracted\lostark_ui_by_package_png\EFUI_EPICGATEPROCESS\Texture2D\epicgateprocess_i50.png
EFUI_STATUS,targetstatus_loc_int_i117.png,1024,1024,0.0,0.0,0.0,0.0,0.0,0.0,0.0,0.0,0,0,0.0,0.0,0.0,0.0,0,0.0,0.0,0.0,0.0,0.0,0.0,0.0,0.0,0.0,67.0,False,False,True,D:\Dwonloads\umodel_lostark_v7\extracted\lostark_ui_by_package_png\EFUI_STATUS\Texture2D\targetstatus_loc_int_i117.png
EFUI_STATUS,targetstatus_loc_int_i215_nopack.png,548,28,0.0,0.0,0.0,0.0,0.0,0.0,0.0,0.0,0,0,0.0,0.0,0.0,0.0,0,0.0,0.0,0.0,0.0,0.0,0.0,0.0,0.0,0.0,67.0,False,False,True,D:\Dwonloads\umodel_lostark_v7\extracted\lostark_ui_by_package_png\EFUI_STATUS\Texture2D\targetstatus_loc_int_i215_nopack.png
EFUI_STATUS,targetstatus_loc_int_i2e8_nopack.png,148,120,0.0,0.0,0.0,0.0,0.0,0.0,0.0,0.0,0,0,0.0,0.0,0.0,0.0,0,0.0,0.0,0.0,0.0,0.0,0.0,0.0,0.0,0.0,67.0,False,False,True,D:\Dwonloads\umodel_lostark_v7\extracted\lostark_ui_by_package_png\EFUI_STATUS\Texture2D\targetstatus_loc_int_i2e8_nopack.png
EFUI_STATUS,targetstatus_loc_int_i2f6.png,1024,1024,0.0,0.0,0.0,0.0,0.0,0.0,0.0,0.0,0,0,0.0,0.0,0.0,0.0,0,0.0,0.0,0.0,0.0,0.0,0.0,0.0,0.0,0.0,67.0,False,False,True,D:\Dwonloads\umodel_lostark_v7\extracted\lostark_ui_by_package_png\EFUI_STATUS\Texture2D\targetstatus_loc_int_i2f6.png
EFUI_STATUS,targetstatus_loc_int_i335.png,1024,1024,0.0,0.0,0.0,0.0,0.0,0.0,0.0,0.0,0,0,0.0,0.0,0.0,0.0,0,0.0,0.0,0.0,0.0,0.0,0.0,0.0,0.0,0.0,67.0,False,False,True,D:\Dwonloads\umodel_lostark_v7\extracted\lostark_ui_by_package_png\EFUI_STATUS\Texture2D\targetstatus_loc_int_i335.png
EFUI_STATUS,targetstatus_loc_int_i448_nopack.png,672,28,0.0,0.0,0.0,0.0,0.0,0.0,0.0,0.0,0,0,0.0,0.0,0.0,0.0,0,0.0,0.0,0.0,0.0,0.0,0.0,0.0,0.0,0.0,67.0,False,False,True,D:\Dwonloads\umodel_lostark_v7\extracted\lostark_ui_by_package_png\EFUI_STATUS\Texture2D\targetstatus_loc_int_i448_nopack.png
EFUI_STATUS,targetstatus_loc_int_i57c_nopack.png,76,76,0.0,0.0,0.0,0.0,0.0,0.0,0.0,0.0,0,0,0.0,0.0,0.0,0.0,0,0.0,0.0,0.0,0.0,0.0,0.0,0.0,0.0,0.0,67.0,False,False,True,D:\Dwonloads\umodel_lostark_v7\extracted\lostark_ui_by_package_png\EFUI_STATUS\Texture2D\targetstatus_loc_int_i57c_nopack.png
EFUI_STATUS,targetstatus_loc_int_i57d_nopack.png,148,120,0.0,0.0,0.0,0.0,0.0,0.0,0.0,0.0,0,0,0.0,0.0,0.0,0.0,0,0.0,0.0,0.0,0.0,0.0,0.0,0.0,0.0,0.0,67.0,False,False,True,D:\Dwonloads\umodel_lostark_v7\extracted\lostark_ui_by_package_png\EFUI_STATUS\Texture2D\targetstatus_loc_int_i57d_nopack.png
EFUI_EPICGATECOMMANDERPROCESS,epicgatecommanderprocess_iad.png,1024,1024,0.007309,0.002548,900.0,196.0,4.5918,236.31,46.9,0.0,223,256,28.0,24.0,24.0,1.0,17,4.0,24.0,0.1667,0.1176,0.0588,352.0,384.0,372.0,404.0,66.9502,True,False,False,D:\Dwonloads\umodel_lostark_v7\extracted\lostark_ui_by_package_png\EFUI_EPICGATECOMMANDERPROCESS\Texture2D\epicgatecommanderprocess_iad.png
EFUI_ICONATLAS_C,characterpreset_bard_0.png,1024,1024,0.007507,0.001526,1016.0,1012.0,1.004,136.07,99.37,85.15,236,256,28.0,28.0,20.0,1.4,21,20.0,16.0,1.25,0.5238,0.1429,268.0,320.0,292.0,336.0,66.2953,False,False,False,D:\Dwonloads\umodel_lostark_v7\extracted\lostark_ui_by_package_png\EFUI_ICONATLAS_C\Texture2D\characterpreset_bard_0.png
EFUI_BACKGROUNDIMG,raid_img_12.png,1188,656,0.006372,0.003352,932.77,556.88,1.675,153.05,71.11,97.38,52,178,28.0,23.2,18.56,1.25,11,13.92,18.56,0.75,0.3636,0.0909,380.53,292.36,399.09,306.28,66.1377,False,False,False,D:\Dwonloads\umodel_lostark_v7\extracted\lostark_ui_by_package_png\EFUI_BACKGROUNDIMG\Texture2D\raid_img_12.png
EFUI_COLOSSEUM,colosseumentrance_i7.png,1024,1024,0.002075,6.1e-05,432.0,68.0,6.3529,120.8,97.6,0.15,16,120,42.0,64.0,4.0,16.0,16,4.0,4.0,1.0,0.3125,0.125,484.0,952.0,544.0,952.0,65.5792,True,False,False,D:\Dwonloads\umodel_lostark_v7\extracted\lostark_ui_by_package_png\EFUI_COLOSSEUM\Texture2D\colosseumentrance_i7.png
EFUI_ASSAULTRAIDENTRANCEFRAME,assaultraidentranceframe_i5.png,1024,1024,0.005936,0.001312,820.0,944.0,0.8686,123.86,92.14,49.35,248,141,28.0,96.0,60.0,1.6,118,36.0,60.0,0.6,0.161,0.0932,652.0,848.0,744.0,904.0,65.1815,False,False,False,D:\Dwonloads\umodel_lostark_v7\extracted\lostark_ui_by_package_png\EFUI_ASSAULTRAIDENTRANCEFRAME\Texture2D\assaultraidentranceframe_i5.png
EFUI_ICONATLAS_C,common_rozalrinstage_raid_img_0.png,828,904,0.011134,0.003906,593.25,639.16,0.9282,143.4,120.04,83.08,392,275,28.0,45.91,24.72,1.8571,33,10.59,17.66,0.6,0.1818,0.1515,317.81,81.22,360.19,102.41,65.1754,False,False,False,D:\Dwonloads\umodel_lostark_v7\extracted\lostark_ui_by_package_png\EFUI_ICONATLAS_C\Texture2D\common_rozalrinstage_raid_img_0.png
EFUI_ICONATLAS_M,monster_icon_boss_0.png,868,540,0.008378,0.001621,857.83,308.55,2.7802,133.57,115.31,77.6,122,219,28.0,16.95,20.34,0.8333,14,16.95,16.95,1.0,0.2857,0.2143,57.64,152.58,71.2,169.53,64.7404,False,False,False,D:\Dwonloads\umodel_lostark_v7\extracted\lostark_ui_by_package_png\EFUI_ICONATLAS_M\Texture2D\monster_icon_boss_0.png
EFUI_INDICATOR,indicator_i12_nopack.png,184,68,0.027014,0.011349,158.0,36.0,4.3889,148.96,71.57,46.91,283,55,14.0,15.0,7.0,2.1429,67,4.0,7.0,0.5714,0.2687,0.0746,29.0,13.0,43.0,19.0,63.7507,False,False,False,D:\Dwonloads\umodel_lostark_v7\extracted\lostark_ui_by_package_png\EFUI_INDICATOR\Texture2D\indicator_i12_nopack.png
EFUI_COLOSSEUMENTRANCES3,colosseumentrances3_i4_nopack.png,60,60,0.01,0.002222,36.0,60.0,0.6,140.67,127.44,98.78,10,26,42.0,24.0,1.0,24.0,24,1.0,1.0,1.0,0.2917,0.125,20.0,59.0,43.0,59.0,63.7365,False,False,False,D:\Dwonloads\umodel_lostark_v7\extracted\lostark_ui_by_package_png\EFUI_COLOSSEUMENTRANCES3\Texture2D\colosseumentrances3_i4_nopack.png
EFUI_REVERSERUINCHAOSRIFT,reverseruinentrancechaosrift_loc_int_i154_nopack.png,232,628,0.009375,0.003084,166.81,152.09,1.0968,133.01,91.47,38.33,22,206,39.4,93.22,24.53,3.8,227,14.72,24.53,0.6,0.1498,0.0881,66.23,152.09,157.0,174.17,63.4294,False,False,False,D:\Dwonloads\umodel_lostark_v7\extracted\lostark_ui_by_package_png\EFUI_REVERSERUINCHAOSRIFT\Texture2D\reverseruinentrancechaosrift_loc_int_i154_nopack.png
EFUI_REVERSERUINKURZAN,reverseruinentrancekurzan_loc_int_ied_nopack.png,232,628,0.009375,0.003084,166.81,152.09,1.0968,133.01,91.47,38.33,22,206,39.4,93.22,24.53,3.8,227,14.72,24.53,0.6,0.1498,0.0881,66.23,152.09,157.0,174.17,63.4294,False,False,False,D:\Dwonloads\umodel_lostark_v7\extracted\lostark_ui_by_package_png\EFUI_REVERSERUINKURZAN\Texture2D\reverseruinentrancekurzan_loc_int_ied_nopack.png
EFUI_CONFRONTHUD,confronthud_i89_nopack.png,24,28,0.078869,0.078869,6.0,11.0,0.5455,186.08,108.45,37.43,0,53,14.0,6.0,11.0,0.5455,53,10.0,11.0,0.9091,0.3396,0.1132,9.0,8.0,14.0,18.0,63.0857,False,False,False,D:\Dwonloads\umodel_lostark_v7\extracted\lostark_ui_by_package_png\EFUI_CONFRONTHUD\Texture2D\confronthud_i89_nopack.png
EFUI_JUMP,jumpentrance_id.png,1024,1024,0.007111,0.004929,296.0,312.0,0.9487,190.12,116.83,38.24,0,466,42.0,104.0,8.0,13.0,39,8.0,8.0,1.0,0.3333,0.0769,700.0,312.0,800.0,316.0,61.1346,False,False,False,D:\Dwonloads\umodel_lostark_v7\extracted\lostark_ui_by_package_png\EFUI_JUMP\Texture2D\jumpentrance_id.png
EFUI_COLOSSEUM,colosseumentrance_ia.png,1024,1024,0.009766,0.004959,636.0,732.0,0.8689,150.52,127.14,64.12,252,388,28.0,24.0,20.0,1.2,21,12.0,20.0,0.6,0.2381,0.0952,60.0,836.0,80.0,852.0,60.8808,False,False,False,D:\Dwonloads\umodel_lostark_v7\extracted\lostark_ui_by_package_png\EFUI_COLOSSEUM\Texture2D\colosseumentrance_ia.png
EFUI_TOPHUDINANNABLESS,tophudinannabless_i6.png,1024,256,0.011536,0.004883,536.0,192.0,2.7917,144.89,118.0,63.46,33,156,28.0,96.0,72.0,1.3333,125,48.0,72.0,0.6667,0.144,0.048,536.0,32.0,628.0,100.0,60.6149,False,False,False,D:\Dwonloads\umodel_lostark_v7\extracted\lostark_ui_by_package_png\EFUI_TOPHUDINANNABLESS\Texture2D\tophudinannabless_i6.png
EFUI_WAYOFTHRONEENTRANCE,wayofthroneentrance_i9.png,1024,1024,0.001709,0.000458,252.0,268.0,0.9403,136.96,113.19,76.78,0,112,49.8462,204.0,4.0,51.0,51,4.0,4.0,1.0,0.2549,0.1176,800.0,204.0,1000.0,204.0,60.1003,False,False,False,D:\Dwonloads\umodel_lostark_v7\extracted\lostark_ui_by_package_png\EFUI_WAYOFTHRONEENTRANCE\Texture2D\wayofthroneentrance_i9.png
EFUI_ICONATLAS_M,monster_abyss_0.png,760,120,0.005469,0.001465,421.56,89.06,4.7333,130.3,88.89,60.18,0,56,28.0,14.84,17.81,0.8333,12,8.91,14.84,0.6,0.3333,0.1667,380.0,71.25,391.88,86.09,50.942,True,False,False,D:\Dwonloads\umodel_lostark_v7\extracted\lostark_ui_by_package_png\EFUI_ICONATLAS_M\Texture2D\monster_abyss_0.png
