modelAsset,package,renderer,slotIndex,sourceMaterial,resolvedMaterial,status
"Assets/KamenMap/Models/BG_RAD_KAMEN_A/bg_rad_kamen_chair01a_sm_jjh.obj","BG_RAD_KAMEN_A","default",0,"BG_RAD_KAMEN_A__bg_rad_kamen_chair01a_mi_jjh","BG_RAD_KAMEN_A__bg_rad_kamen_chair01a_mi_jjh","matched"
"Assets/KamenMap/Models/BG_RAD_KAMEN_A/bg_rad_kamen_chair01b_sm_cjy.obj","BG_RAD_KAMEN_A","default",0,"BG_RAD_KAMEN_A__bg_rad_kamen_chair01b_mi_cjy","BG_RAD_KAMEN_A__bg_rad_kamen_chair01b_mi_cjy","matched"
"Assets/KamenMap/Models/BG_RAD_KAMEN_A/bg_rad_kamen_chair01_sm_cjy.obj","BG_RAD_KAMEN_A","default",0,"BG_RAD_KAMEN_A__bg_rad_kamen_chair01_mi_jjh","BG_RAD_KAMEN_A__bg_rad_kamen_chair01_mi_jjh","matched"
"Assets/KamenMap/Models/BG_RAD_KAMEN_A/bg_rad_kamen_chair01_sm_cjy.obj","BG_RAD_KAMEN_A","default",1,"BG_RAD_KAMEN_A__bg_rad_kamen_pillar01_mi_cjy","BG_RAD_KAMEN_A__bg_rad_kamen_pillar01_mi_cjy","matched"
"Assets/KamenMap/Models/BG_RAD_KAMEN_A/bg_rad_kamen_chair01_sm_cjy.obj","BG_RAD_KAMEN_A","default",2,"BG_RAD_KAMEN_A__bg_rad_kamen_pillar06_mi_cjy","BG_RAD_KAMEN_A__bg_rad_kamen_pillar06_mi_cjy","matched"
"Assets/KamenMap/Models/BG_RAD_KAMEN_A/bg_rad_kamen_chair01_sm_cjy.obj","BG_RAD_KAMEN_A","default",3,"BG_RAD_KAMEN_A__bg_rad_kamen_chair01b_mi_cjy","BG_RAD_KAMEN_A__bg_rad_kamen_chair01b_mi_cjy","matched"
"Assets/KamenMap/Models/BG_RAD_KAMEN_A/bg_rad_kamen_floor01_sm.obj","BG_RAD_KAMEN_A","default",0,"BG_RAD_KAMEN_A__bg_rad_kamen_floor01_mi_kmk","BG_RAD_KAMEN_A__bg_rad_kamen_floor01_mi_kmk","matched"
"Assets/KamenMap/Models/BG_RAD_KAMEN_A/bg_rad_kamen_floor01_sm.obj","BG_RAD_KAMEN_A","default",1,"BG_RAD_KAMEN_A__bg_rad_kamen_floor01a_mi_kmk","BG_RAD_KAMEN_A__bg_rad_kamen_floor01a_mi_kmk","matched"
"Assets/KamenMap/Models/BG_RAD_KAMEN_A/bg_rad_kamen_floor02_sm.obj","BG_RAD_KAMEN_A","default",0,"BG_RAD_KAMEN_A__bg_rad_kamen_floor01_mi_kmk","BG_RAD_KAMEN_A__bg_rad_kamen_floor01_mi_kmk","matched"
"Assets/KamenMap/Models/BG_RAD_KAMEN_A/bg_rad_kamen_floor02_sm.obj","BG_RAD_KAMEN_A","default",1,"BG_RAD_KAMEN_A__bg_rad_kamen_floor01a_mi_kmk","BG_RAD_KAMEN_A__bg_rad_kamen_floor01a_mi_kmk","matched"
"Assets/KamenMap/Models/BG_RAD_KAMEN_A/bg_rad_kamen_floor02_sm.obj","BG_RAD_KAMEN_A","default",2,"BG_RAD_KAMEN_A__bg_rad_kamen_floor02_mi_kmk","BG_RAD_KAMEN_A__bg_rad_kamen_floor02_mi_kmk","matched"
"Assets/KamenMap/Models/BG_RAD_KAMEN_A/bg_rad_kamen_floor02_sm.obj","BG_RAD_KAMEN_A","default",3,"BG_RAD_KAMEN_A__bg_rad_kamen_floor02a_mi_kmk","BG_RAD_KAMEN_A__bg_rad_kamen_floor02a_mi_kmk","matched"
"Assets/KamenMap/Models/BG_RAD_KAMEN_A/bg_rad_kamen_floor03lowpoly_sm_jjy.obj","BG_RAD_KAMEN_A","default",0,"BG_RAD_KAMEN_A__bg_rad_kamen_floor03a_mi_jjy","BG_RAD_KAMEN_A__bg_rad_kamen_floor03a_mi_jjy","matched"
"Assets/KamenMap/Models/BG_RAD_KAMEN_A/bg_rad_kamen_floor03lowpoly_sm_jjy.obj","BG_RAD_KAMEN_A","default",1,"BG_RAD_KAMEN_A__bg_rad_kamen_floor03b_mi_jjy","BG_RAD_KAMEN_A__bg_rad_kamen_floor03b_mi_jjy","matched"
"Assets/KamenMap/Models/BG_RAD_KAMEN_A/bg_rad_kamen_floor03_sm.obj","BG_RAD_KAMEN_A","default",0,"BG_RAD_KAMEN_A__bg_rad_kamen_floor03a_mi_jjy","BG_RAD_KAMEN_A__bg_rad_kamen_floor03a_mi_jjy","matched"
"Assets/KamenMap/Models/BG_RAD_KAMEN_A/bg_rad_kamen_floor03_sm.obj","BG_RAD_KAMEN_A","default",1,"BG_RAD_KAMEN_A__bg_rad_kamen_floor03b_mi_jjy","BG_RAD_KAMEN_A__bg_rad_kamen_floor03b_mi_jjy","matched"
"Assets/KamenMap/Models/BG_RAD_KAMEN_A/bg_rad_kamen_floor04lowpoly_sm_rsh.obj","BG_RAD_KAMEN_A","default",0,"BG_RAD_KAMEN_A__bg_rad_kamen_floor04_mi_rsh","BG_RAD_KAMEN_A__bg_rad_kamen_floor04_mi_rsh","matched"
"Assets/KamenMap/Models/BG_RAD_KAMEN_A/bg_rad_kamen_floor04lowpoly_sm_rsh.obj","BG_RAD_KAMEN_A","default",1,"BG_RAD_KAMEN_A__bg_rad_kamen_floor04b_mi_rsh","BG_RAD_KAMEN_A__bg_rad_kamen_floor04b_mi_rsh","matched"
"Assets/KamenMap/Models/BG_RAD_KAMEN_A/bg_rad_kamen_floor04_sm.obj","BG_RAD_KAMEN_A","default",0,"BG_RAD_KAMEN_A__bg_rad_kamen_floor04_mi_rsh","BG_RAD_KAMEN_A__bg_rad_kamen_floor04_mi_rsh","matched"
"Assets/KamenMap/Models/BG_RAD_KAMEN_A/bg_rad_kamen_floor04_sm.obj","BG_RAD_KAMEN_A","default",1,"BG_RAD_KAMEN_A__bg_rad_kamen_floor04b_mi_rsh","BG_RAD_KAMEN_A__bg_rad_kamen_floor04b_mi_rsh","matched"
"Assets/KamenMap/Models/BG_RAD_KAMEN_A/bg_rad_kamen_floor05a_sm_hhk.obj","BG_RAD_KAMEN_A","default",0,"BG_RAD_KAMEN_A__bg_rad_kamen_floor05c_mi_hhk","BG_RAD_KAMEN_A__bg_rad_kamen_floor05c_mi_hhk","matched"
"Assets/KamenMap/Models/BG_RAD_KAMEN_A/bg_rad_kamen_floor05a_sm_hhk.obj","BG_RAD_KAMEN_A","default",1,"BG_RAD_KAMEN_A__bg_rad_kamen_floor05d_mi_hhk","BG_RAD_KAMEN_A__bg_rad_kamen_floor05d_mi_hhk","matched"
"Assets/KamenMap/Models/BG_RAD_KAMEN_A/bg_rad_kamen_floor05b_sm.obj","BG_RAD_KAMEN_A","default",0,"BG_RAD_KAMEN_A__bg_rad_kamen_floor05a_mi_lsj","BG_RAD_KAMEN_A__bg_rad_kamen_floor05a_mi_lsj","matched"
"Assets/KamenMap/Models/BG_RAD_KAMEN_A/bg_rad_kamen_floor05b_sm.obj","BG_RAD_KAMEN_A","default",1,"BG_RAD_KAMEN_A__bg_rad_kamen_floor05b_mi_lsj","BG_RAD_KAMEN_A__bg_rad_kamen_floor05b_mi_lsj","matched"
"Assets/KamenMap/Models/BG_RAD_KAMEN_A/bg_rad_kamen_floor05c_sm.obj","BG_RAD_KAMEN_A","default",0,"BG_RAD_KAMEN_A__bg_rad_kamen_floor05a_mi_lsj","BG_RAD_KAMEN_A__bg_rad_kamen_floor05a_mi_lsj","matched"
"Assets/KamenMap/Models/BG_RAD_KAMEN_A/bg_rad_kamen_floor05c_sm.obj","BG_RAD_KAMEN_A","default",1,"BG_RAD_KAMEN_A__bg_rad_kamen_floor05b_mi_lsj","BG_RAD_KAMEN_A__bg_rad_kamen_floor05b_mi_lsj","matched"
"Assets/KamenMap/Models/BG_RAD_KAMEN_A/bg_rad_kamen_floor05c_sm.obj","BG_RAD_KAMEN_A","default",2,"BG_RAD_KAMEN_A__bg_rad_kamen_pillar03a_mi","BG_RAD_KAMEN_A__bg_rad_kamen_pillar03a_mi","matched"
"Assets/KamenMap/Models/BG_RAD_KAMEN_A/bg_rad_kamen_floor05c_sm.obj","BG_RAD_KAMEN_A","default",3,"BG_RAD_KAMEN_A__bg_rad_kamen_chair01c_mi","BG_RAD_KAMEN_A__bg_rad_kamen_chair01c_mi","matched"
"Assets/KamenMap/Models/BG_RAD_KAMEN_A/bg_rad_kamen_floor05d_sm.obj","BG_RAD_KAMEN_A","default",0,"BG_RAD_KAMEN_A__bg_rad_kamen_floor05a_mi_lsj","BG_RAD_KAMEN_A__bg_rad_kamen_floor05a_mi_lsj","matched"
"Assets/KamenMap/Models/BG_RAD_KAMEN_A/bg_rad_kamen_floor05d_sm.obj","BG_RAD_KAMEN_A","default",1,"BG_RAD_KAMEN_A__bg_rad_kamen_floor05b_mi_lsj","BG_RAD_KAMEN_A__bg_rad_kamen_floor05b_mi_lsj","matched"
"Assets/KamenMap/Models/BG_RAD_KAMEN_A/bg_rad_kamen_floor05d_sm.obj","BG_RAD_KAMEN_A","default",2,"BG_RAD_KAMEN_A__bg_rad_kamen_pillar03a_mi","BG_RAD_KAMEN_A__bg_rad_kamen_pillar03a_mi","matched"
"Assets/KamenMap/Models/BG_RAD_KAMEN_A/bg_rad_kamen_floor05d_sm.obj","BG_RAD_KAMEN_A","default",3,"BG_RAD_KAMEN_A__bg_rad_kamen_chair01c_mi","BG_RAD_KAMEN_A__bg_rad_kamen_chair01c_mi","matched"
"Assets/KamenMap/Models/BG_RAD_KAMEN_A/bg_rad_kamen_floor05e_sm.obj","BG_RAD_KAMEN_A","default",0,"BG_RAD_KAMEN_A__bg_rad_kamen_floor05a_mi_lsj","BG_RAD_KAMEN_A__bg_rad_kamen_floor05a_mi_lsj","matched"
"Assets/KamenMap/Models/BG_RAD_KAMEN_A/bg_rad_kamen_floor05e_sm.obj","BG_RAD_KAMEN_A","default",1,"BG_RAD_KAMEN_A__bg_rad_kamen_floor05b_mi_lsj","BG_RAD_KAMEN_A__bg_rad_kamen_floor05b_mi_lsj","matched"
"Assets/KamenMap/Models/BG_RAD_KAMEN_A/bg_rad_kamen_floor05e_sm.obj","BG_RAD_KAMEN_A","default",2,"BG_RAD_KAMEN_A__bg_rad_kamen_pillar03a_mi","BG_RAD_KAMEN_A__bg_rad_kamen_pillar03a_mi","matched"
"Assets/KamenMap/Models/BG_RAD_KAMEN_A/bg_rad_kamen_floor05e_sm.obj","BG_RAD_KAMEN_A","default",3,"BG_RAD_KAMEN_A__bg_rad_kamen_chair01c_mi","BG_RAD_KAMEN_A__bg_rad_kamen_chair01c_mi","matched"
"Assets/KamenMap/Models/BG_RAD_KAMEN_A/bg_rad_kamen_floor05f_sm.obj","BG_RAD_KAMEN_A","default",0,"BG_RAD_KAMEN_A__bg_rad_kamen_floor05a_mi_lsj","BG_RAD_KAMEN_A__bg_rad_kamen_floor05a_mi_lsj","matched"
"Assets/KamenMap/Models/BG_RAD_KAMEN_A/bg_rad_kamen_floor05f_sm.obj","BG_RAD_KAMEN_A","default",1,"BG_RAD_KAMEN_A__bg_rad_kamen_floor05b_mi_lsj","BG_RAD_KAMEN_A__bg_rad_kamen_floor05b_mi_lsj","matched"
"Assets/KamenMap/Models/BG_RAD_KAMEN_A/bg_rad_kamen_floor05f_sm.obj","BG_RAD_KAMEN_A","default",2,"BG_RAD_KAMEN_A__bg_rad_kamen_pillar03a_mi","BG_RAD_KAMEN_A__bg_rad_kamen_pillar03a_mi","matched"
"Assets/KamenMap/Models/BG_RAD_KAMEN_A/bg_rad_kamen_floor05f_sm.obj","BG_RAD_KAMEN_A","default",3,"BG_RAD_KAMEN_A__bg_rad_kamen_chair01c_mi","BG_RAD_KAMEN_A__bg_rad_kamen_chair01c_mi","matched"
"Assets/KamenMap/Models/BG_RAD_KAMEN_A/bg_rad_kamen_floor05g_sm.obj","BG_RAD_KAMEN_A","default",0,"BG_RAD_KAMEN_A__bg_rad_kamen_floor06b_mi_psy","BG_RAD_KAMEN_A__bg_rad_kamen_floor06b_mi_psy","matched"
"Assets/KamenMap/Models/BG_RAD_KAMEN_A/bg_rad_kamen_floor05h_sm.obj","BG_RAD_KAMEN_A","default",0,"BG_RAD_KAMEN_A__bg_rad_kamen_floor06b_mi_psy","BG_RAD_KAMEN_A__bg_rad_kamen_floor06b_mi_psy","matched"
"Assets/KamenMap/Models/BG_RAD_KAMEN_A/bg_rad_kamen_floor05_sm.obj","BG_RAD_KAMEN_A","default",0,"BG_RAD_KAMEN_A__bg_rad_kamen_floor05a_mi_lsj","BG_RAD_KAMEN_A__bg_rad_kamen_floor05a_mi_lsj","matched"
"Assets/KamenMap/Models/BG_RAD_KAMEN_A/bg_rad_kamen_floor05_sm.obj","BG_RAD_KAMEN_A","default",1,"BG_RAD_KAMEN_A__bg_rad_kamen_floor05b_mi_lsj","BG_RAD_KAMEN_A__bg_rad_kamen_floor05b_mi_lsj","matched"
"Assets/KamenMap/Models/BG_RAD_KAMEN_A/bg_rad_kamen_floor05_sm.obj","BG_RAD_KAMEN_A","default",2,"BG_RAD_KAMEN_A__bg_rad_kamen_floor03a_mi_jjy","BG_RAD_KAMEN_A__bg_rad_kamen_floor03a_mi_jjy","matched"
"Assets/KamenMap/Models/BG_RAD_KAMEN_A/bg_rad_kamen_floor05_sm.obj","BG_RAD_KAMEN_A","default",3,"BG_RAD_KAMEN_A__bg_rad_kamen_floor03b_mi_jjy","BG_RAD_KAMEN_A__bg_rad_kamen_floor03b_mi_jjy","matched"
"Assets/KamenMap/Models/BG_RAD_KAMEN_A/bg_rad_kamen_floor06_sm_psy.obj","BG_RAD_KAMEN_A","default",0,"BG_RAD_KAMEN_A__bg_rad_kamen_floor06_mi_psy","BG_RAD_KAMEN_A__bg_rad_kamen_floor06_mi_psy","matched"
"Assets/KamenMap/Models/BG_RAD_KAMEN_A/bg_rad_kamen_floor06_sm_psy.obj","BG_RAD_KAMEN_A","default",1,"BG_RAD_KAMEN_A__bg_rad_kamen_floor06a_mi_psy","BG_RAD_KAMEN_A__bg_rad_kamen_floor06a_mi_psy","matched"
"Assets/KamenMap/Models/BG_RAD_KAMEN_A/bg_rad_kamen_floor06_sm_psy.obj","BG_RAD_KAMEN_A","default",2,"BG_RAD_KAMEN_A__bg_rad_kamen_floor06b_mi_psy","BG_RAD_KAMEN_A__bg_rad_kamen_floor06b_mi_psy","matched"
"Assets/KamenMap/Models/BG_RAD_KAMEN_B/bg_rad_kamen_deco01_sm_snark.obj","BG_RAD_KAMEN_B","default",0,"BG_RAD_KAMEN_B__bg_rad_kamen_deco01_mi_snark","BG_RAD_KAMEN_B__bg_rad_kamen_deco01_mi_snark","matched"
"Assets/KamenMap/Models/BG_RAD_KAMEN_B/bg_rad_kamen_deco01_sm_snark.obj","BG_RAD_KAMEN_B","default",1,"BG_RAD_KAMEN_B__bg_rad_kamen_deco01a_mi_snark","BG_RAD_KAMEN_B__bg_rad_kamen_deco01a_mi_snark","matched"
"Assets/KamenMap/Models/BG_RAD_KAMEN_B/bg_rad_kamen_deco02a_sm_kjs.obj","BG_RAD_KAMEN_B","default",0,"BG_RAD_KAMEN_B__bg_rad_kamen_deco02_mi_kjs","BG_RAD_KAMEN_B__bg_rad_kamen_deco02_mi_kjs","matched"
"Assets/KamenMap/Models/BG_RAD_KAMEN_B/bg_rad_kamen_deco02b_sm_kjs.obj","BG_RAD_KAMEN_B","default",0,"BG_RAD_KAMEN_B__bg_rad_kamen_deco02_mi_kjs","BG_RAD_KAMEN_B__bg_rad_kamen_deco02_mi_kjs","matched"
"Assets/KamenMap/Models/BG_RAD_KAMEN_B/bg_rad_kamen_deco02_sm_kjs.obj","BG_RAD_KAMEN_B","default",0,"BG_RAD_KAMEN_B__bg_rad_kamen_deco02_mi_kjs","BG_RAD_KAMEN_B__bg_rad_kamen_deco02_mi_kjs","matched"
"Assets/KamenMap/Models/BG_RAD_KAMEN_B/bg_rad_kamen_deco03_sm.obj","BG_RAD_KAMEN_B","default",0,"BG_RAD_KAMEN_B__bg_rad_kamen_deco03_mi","BG_RAD_KAMEN_B__bg_rad_kamen_deco03_mi","matched"
"Assets/KamenMap/Models/BG_RAD_KAMEN_B/bg_rad_kamen_floor07a_sm.obj","BG_RAD_KAMEN_B","default",0,"BG_RAD_KAMEN_B__bg_rad_kamen_floor07c_mi_ksr","BG_RAD_KAMEN_B__bg_rad_kamen_floor07c_mi_ksr","matched"
"Assets/KamenMap/Models/BG_RAD_KAMEN_B/bg_rad_kamen_floor07b_sm.obj","BG_RAD_KAMEN_B","default",0,"BG_RAD_KAMEN_B__bg_rad_kamen_floor07d_mi_ksr","BG_RAD_KAMEN_B__bg_rad_kamen_floor07d_mi_ksr","matched"
"Assets/KamenMap/Models/BG_RAD_KAMEN_B/bg_rad_kamen_floor07c_sm.obj","BG_RAD_KAMEN_B","default",0,"BG_RAD_KAMEN_B__bg_rad_kamen_floor07_mi_ksr","BG_RAD_KAMEN_B__bg_rad_kamen_floor07_mi_ksr","matched"
"Assets/KamenMap/Models/BG_RAD_KAMEN_B/bg_rad_kamen_floor07c_sm.obj","BG_RAD_KAMEN_B","default",1,"BG_RAD_KAMEN_B__bg_rad_kamen_floor07a_mi_ksr","BG_RAD_KAMEN_B__bg_rad_kamen_floor07a_mi_ksr","matched"
"Assets/KamenMap/Models/BG_RAD_KAMEN_B/bg_rad_kamen_floor07c_sm.obj","BG_RAD_KAMEN_B","default",2,"BG_RAD_KAMEN_B__bg_rad_kamen_floor07b_mi_ksr","BG_RAD_KAMEN_B__bg_rad_kamen_floor07b_mi_ksr","matched"
"Assets/KamenMap/Models/BG_RAD_KAMEN_B/bg_rad_kamen_floor07c_sm.obj","BG_RAD_KAMEN_B","default",3,"BG_RAD_KAMEN_B__bg_atm_etc_bridge06a_mi","BG_RAD_KAMEN_B__bg_atm_etc_bridge06a_mi","matched"
"Assets/KamenMap/Models/BG_RAD_KAMEN_B/bg_rad_kamen_floor07d_sm.obj","BG_RAD_KAMEN_B","default",0,"BG_RAD_KAMEN_B__bg_rad_kamen_floor07_mi_ksr","BG_RAD_KAMEN_B__bg_rad_kamen_floor07_mi_ksr","matched"
"Assets/KamenMap/Models/BG_RAD_KAMEN_B/bg_rad_kamen_floor07d_sm.obj","BG_RAD_KAMEN_B","default",1,"BG_RAD_KAMEN_B__bg_atm_etc_bridge06a_mi","BG_RAD_KAMEN_B__bg_atm_etc_bridge06a_mi","matched"
"Assets/KamenMap/Models/BG_RAD_KAMEN_B/bg_rad_kamen_floor07e_sm.obj","BG_RAD_KAMEN_B","default",0,"BG_RAD_KAMEN_B__bg_rad_kamen_floor07_mi_ksr","BG_RAD_KAMEN_B__bg_rad_kamen_floor07_mi_ksr","matched"
"Assets/KamenMap/Models/BG_RAD_KAMEN_B/bg_rad_kamen_floor07e_sm.obj","BG_RAD_KAMEN_B","default",1,"BG_RAD_KAMEN_B__bg_atm_etc_bridge06a_mi","BG_RAD_KAMEN_B__bg_atm_etc_bridge06a_mi","matched"
"Assets/KamenMap/Models/BG_RAD_KAMEN_B/bg_rad_kamen_floor07_sm.obj","BG_RAD_KAMEN_B","default",0,"BG_RAD_KAMEN_B__bg_rad_kamen_floor07_mi_ksr","BG_RAD_KAMEN_B__bg_rad_kamen_floor07_mi_ksr","matched"
"Assets/KamenMap/Models/BG_RAD_KAMEN_B/bg_rad_kamen_floor07_sm.obj","BG_RAD_KAMEN_B","default",1,"BG_RAD_KAMEN_B__bg_rad_kamen_floor07a_mi_ksr","BG_RAD_KAMEN_B__bg_rad_kamen_floor07a_mi_ksr","matched"
"Assets/KamenMap/Models/BG_RAD_KAMEN_B/bg_rad_kamen_floor07_sm.obj","BG_RAD_KAMEN_B","default",2,"BG_RAD_KAMEN_B__bg_rad_kamen_floor07e_mi_ksr","BG_RAD_KAMEN_B__bg_rad_kamen_floor07e_mi_ksr","matched"
"Assets/KamenMap/Models/BG_RAD_KAMEN_B/bg_rad_kamen_floor08a_sm.obj","BG_RAD_KAMEN_B","default",0,"BG_RAD_KAMEN_B__bg_rad_kamen_floor08d_mi_ksr","BG_RAD_KAMEN_B__bg_rad_kamen_floor08d_mi_ksr","matched"
"Assets/KamenMap/Models/BG_RAD_KAMEN_B/bg_rad_kamen_floor08b_sm.obj","BG_RAD_KAMEN_B","default",0,"BG_RAD_KAMEN_B__bg_rad_kamen_floor08_mi_ksr","BG_RAD_KAMEN_B__bg_rad_kamen_floor08_mi_ksr","matched"
"Assets/KamenMap/Models/BG_RAD_KAMEN_B/bg_rad_kamen_floor08b_sm.obj","BG_RAD_KAMEN_B","default",1,"BG_RAD_KAMEN_B__bg_rad_kamen_floor08a_mi_ksr","BG_RAD_KAMEN_B__bg_rad_kamen_floor08a_mi_ksr","matched"
"Assets/KamenMap/Models/BG_RAD_KAMEN_B/bg_rad_kamen_floor08b_sm.obj","BG_RAD_KAMEN_B","default",2,"BG_RAD_KAMEN_B__bg_rad_kamen_floor08c_mi_ksr","BG_RAD_KAMEN_B__bg_rad_kamen_floor08c_mi_ksr","matched"
"Assets/KamenMap/Models/BG_RAD_KAMEN_B/bg_rad_kamen_floor08c_sm.obj","BG_RAD_KAMEN_B","default",0,"BG_RAD_KAMEN_B__bg_rad_kamen_floor08_mi_ksr","BG_RAD_KAMEN_B__bg_rad_kamen_floor08_mi_ksr","matched"
"Assets/KamenMap/Models/BG_RAD_KAMEN_B/bg_rad_kamen_floor08c_sm.obj","BG_RAD_KAMEN_B","default",1,"BG_RAD_KAMEN_B__bg_rad_kamen_floor08a_mi_ksr","BG_RAD_KAMEN_B__bg_rad_kamen_floor08a_mi_ksr","matched"
"Assets/KamenMap/Models/BG_RAD_KAMEN_B/bg_rad_kamen_floor08d_sm.obj","BG_RAD_KAMEN_B","default",0,"BG_RAD_KAMEN_B__bg_rad_kamen_floor08c_mi_ksr","BG_RAD_KAMEN_B__bg_rad_kamen_floor08c_mi_ksr","matched"
"Assets/KamenMap/Models/BG_RAD_KAMEN_B/bg_rad_kamen_floor08e_sm.obj","BG_RAD_KAMEN_B","default",0,"BG_RAD_KAMEN_B__bg_rad_kamen_floor08_mi_ksr","BG_RAD_KAMEN_B__bg_rad_kamen_floor08_mi_ksr","matched"
"Assets/KamenMap/Models/BG_RAD_KAMEN_B/bg_rad_kamen_floor08f_sm.obj","BG_RAD_KAMEN_B","default",0,"BG_RAD_KAMEN_B__bg_rad_kamen_floor08a_mi_ksr","BG_RAD_KAMEN_B__bg_rad_kamen_floor08a_mi_ksr","matched"
"Assets/KamenMap/Models/BG_RAD_KAMEN_B/bg_rad_kamen_floor08g_sm.obj","BG_RAD_KAMEN_B","default",0,"BG_RAD_KAMEN_B__bg_rad_kamen_floor08a_mi_ksr","BG_RAD_KAMEN_B__bg_rad_kamen_floor08a_mi_ksr","matched"
"Assets/KamenMap/Models/BG_RAD_KAMEN_B/bg_rad_kamen_floor08h_sm.obj","BG_RAD_KAMEN_B","default",0,"BG_RAD_KAMEN_B__bg_rad_kamen_floor08a_mi_ksr","BG_RAD_KAMEN_B__bg_rad_kamen_floor08a_mi_ksr","matched"
"Assets/KamenMap/Models/BG_RAD_KAMEN_B/bg_rad_kamen_floor08i_sm.obj","BG_RAD_KAMEN_B","default",0,"BG_RAD_KAMEN_B__bg_rad_kamen_floor08a_mi_ksr","BG_RAD_KAMEN_B__bg_rad_kamen_floor08a_mi_ksr","matched"
"Assets/KamenMap/Models/BG_RAD_KAMEN_B/bg_rad_kamen_floor08_sm.obj","BG_RAD_KAMEN_B","default",0,"BG_RAD_KAMEN_B__bg_rad_kamen_floor08_mi_ksr","BG_RAD_KAMEN_B__bg_rad_kamen_floor08_mi_ksr","matched"
"Assets/KamenMap/Models/BG_RAD_KAMEN_B/bg_rad_kamen_floor08_sm.obj","BG_RAD_KAMEN_B","default",1,"BG_RAD_KAMEN_B__bg_rad_kamen_floor08a_mi_ksr","BG_RAD_KAMEN_B__bg_rad_kamen_floor08a_mi_ksr","matched"
"Assets/KamenMap/Models/BG_RAD_KAMEN_B/bg_rad_kamen_floor08_sm.obj","BG_RAD_KAMEN_B","default",2,"BG_RAD_KAMEN_B__bg_rad_kamen_floor08c_mi_ksr","BG_RAD_KAMEN_B__bg_rad_kamen_floor08c_mi_ksr","matched"
"Assets/KamenMap/Models/BG_RAD_KAMEN_B/bg_rad_kamen_floor08_sm.obj","BG_RAD_KAMEN_B","default",3,"BG_RAD_KAMEN_B__bg_rad_kamen_floor08d_mi_ksr","BG_RAD_KAMEN_B__bg_rad_kamen_floor08d_mi_ksr","matched"
"Assets/KamenMap/Models/BG_RAD_KAMEN_B/bg_rad_kamen_floor09_sm_cjy.obj","BG_RAD_KAMEN_B","default",0,"BG_RAD_KAMEN_B__bg_rad_kamen_floor09_mi_cjy","BG_RAD_KAMEN_B__bg_rad_kamen_floor09_mi_cjy","matched"
"Assets/KamenMap/Models/BG_RAD_KAMEN_B/bg_rad_kamen_floor10_sm.obj","BG_RAD_KAMEN_B","default",0,"BG_RAD_KAMEN_B__bg_rad_kamen_floor10_mi_pcs","BG_RAD_KAMEN_B__bg_rad_kamen_floor10_mi_pcs","matched"
"Assets/KamenMap/Models/BG_RAD_KAMEN_B/bg_rad_kamen_pillar07a_sm.obj","BG_RAD_KAMEN_B","default",0,"BG_RAD_KAMEN_B__bg_rad_kamen_pillar07_mi_hht","BG_RAD_KAMEN_B__bg_rad_kamen_pillar07_mi_hht","matched"
"Assets/KamenMap/Models/BG_RAD_KAMEN_B/bg_rad_kamen_pillar07a_sm.obj","BG_RAD_KAMEN_B","default",1,"BG_RAD_KAMEN_B__bg_rad_kamen_pillar07a_mi_hht","BG_RAD_KAMEN_B__bg_rad_kamen_pillar07a_mi_hht","matched"
"Assets/KamenMap/Models/BG_RAD_KAMEN_B/bg_rad_kamen_pillar07b_sm.obj","BG_RAD_KAMEN_B","default",0,"BG_RAD_KAMEN_B__bg_rad_kamen_pillar07_mi_hht","BG_RAD_KAMEN_B__bg_rad_kamen_pillar07_mi_hht","matched"
"Assets/KamenMap/Models/BG_RAD_KAMEN_B/bg_rad_kamen_pillar07c_sm.obj","BG_RAD_KAMEN_B","default",0,"BG_RAD_KAMEN_B__bg_rad_kamen_pillar07a_mi_hht","BG_RAD_KAMEN_B__bg_rad_kamen_pillar07a_mi_hht","matched"
"Assets/KamenMap/Models/BG_RAD_KAMEN_B/bg_rad_kamen_pillar07d_sm.obj","BG_RAD_KAMEN_B","default",0,"BG_RAD_KAMEN_B__bg_rad_kamen_pillar07a_mi_hht","BG_RAD_KAMEN_B__bg_rad_kamen_pillar07a_mi_hht","matched"
"Assets/KamenMap/Models/BG_RAD_KAMEN_B/bg_rad_kamen_pillar07_sm.obj","BG_RAD_KAMEN_B","default",0,"BG_RAD_KAMEN_B__bg_rad_kamen_pillar07_mi_hht","BG_RAD_KAMEN_B__bg_rad_kamen_pillar07_mi_hht","matched"
"Assets/KamenMap/Models/BG_RAD_KAMEN_B/bg_rad_kamen_pillar07_sm.obj","BG_RAD_KAMEN_B","default",1,"BG_RAD_KAMEN_B__bg_rad_kamen_pillar07a_mi_hht","BG_RAD_KAMEN_B__bg_rad_kamen_pillar07a_mi_hht","matched"
"Assets/KamenMap/Models/BG_RAD_KAMEN_B/bg_rad_kamen_pillar08a_sm_alchemy.obj","BG_RAD_KAMEN_B","default",0,"BG_RAD_KAMEN_B__bg_rad_kamen_pillar08_mi_alchemy","BG_RAD_KAMEN_B__bg_rad_kamen_pillar08_mi_alchemy","matched"
"Assets/KamenMap/Models/BG_RAD_KAMEN_B/bg_rad_kamen_pillar08_sm_alchemy.obj","BG_RAD_KAMEN_B","default",0,"BG_RAD_KAMEN_B__bg_rad_kamen_pillar08_mi_alchemy","BG_RAD_KAMEN_B__bg_rad_kamen_pillar08_mi_alchemy","matched"
"Assets/KamenMap/Models/BG_RAD_KAMEN_B/bg_rad_kamen_pillar08_sm_alchemy.obj","BG_RAD_KAMEN_B","default",1,"BG_RAD_KAMEN_B__bg_rad_kamen_pillar08a_mi_alchemy","BG_RAD_KAMEN_B__bg_rad_kamen_pillar08a_mi_alchemy","matched"
"Assets/KamenMap/Models/BG_RAD_KAMEN_B/bg_rad_kamen_pillar09a_sm_cjy.obj","BG_RAD_KAMEN_B","default",0,"BG_RAD_KAMEN_B__bg_rad_kamen_pillar09a_mi_hhk","BG_RAD_KAMEN_B__bg_rad_kamen_pillar09a_mi_hhk","matched"
"Assets/KamenMap/Models/BG_RAD_KAMEN_B/bg_rad_kamen_pillar09a_sm_cjy.obj","BG_RAD_KAMEN_B","default",1,"BG_RAD_KAMEN_B__bg_common_crackrock01b_mi_ksr","BG_RAD_KAMEN_B__bg_common_crackrock01b_mi_ksr","matched"
"Assets/KamenMap/Models/BG_RAD_KAMEN_B/bg_rad_kamen_pillar09lowpoly_sm_hhk.obj","BG_RAD_KAMEN_B","default",0,"BG_RAD_KAMEN_B__bg_rad_kamen_pillar09_mi_hhk","BG_RAD_KAMEN_B__bg_rad_kamen_pillar09_mi_hhk","matched"
"Assets/KamenMap/Models/BG_RAD_KAMEN_B/bg_rad_kamen_pillar09lowpoly_sm_hhk.obj","BG_RAD_KAMEN_B","default",1,"BG_RAD_KAMEN_B__bg_rad_kamen_pillar09a_mi_hhk","BG_RAD_KAMEN_B__bg_rad_kamen_pillar09a_mi_hhk","matched"
"Assets/KamenMap/Models/BG_RAD_KAMEN_B/bg_rad_kamen_pillar09_sm_hhk.obj","BG_RAD_KAMEN_B","default",0,"BG_RAD_KAMEN_B__bg_rad_kamen_pillar09_mi_hhk","BG_RAD_KAMEN_B__bg_rad_kamen_pillar09_mi_hhk","matched"
"Assets/KamenMap/Models/BG_RAD_KAMEN_B/bg_rad_kamen_pillar09_sm_hhk.obj","BG_RAD_KAMEN_B","default",1,"BG_RAD_KAMEN_B__bg_rad_kamen_pillar09a_mi_hhk","BG_RAD_KAMEN_B__bg_rad_kamen_pillar09a_mi_hhk","matched"
"Assets/KamenMap/Models/BG_RAD_KAMEN_B/bg_rad_kamen_wall01_sm_alchemy.obj","BG_RAD_KAMEN_B","default",0,"BG_RAD_KAMEN_B__bg_rad_kamen_wall01_mi_alchemy","BG_RAD_KAMEN_B__bg_rad_kamen_wall01_mi_alchemy","matched"
"Assets/KamenMap/Models/BG_RAD_KAMEN_B/bg_rad_kamen_wall01_sm_alchemy.obj","BG_RAD_KAMEN_B","default",1,"BG_RAD_KAMEN_B__bg_rad_kamen_wall01a_mi_alchemy","BG_RAD_KAMEN_B__bg_rad_kamen_wall01a_mi_alchemy","matched"
"Assets/KamenMap/Models/BG_RAD_KAMEN_C/bg_rad_kamen_floor11a_sm.obj","BG_RAD_KAMEN_C","default",0,"BG_RAD_KAMEN_C__bg_rad_kamen_floor11_mi_lsj","BG_RAD_KAMEN_C__bg_rad_kamen_floor11_mi_lsj","matched"
"Assets/KamenMap/Models/BG_RAD_KAMEN_C/bg_rad_kamen_floor11_sm.obj","BG_RAD_KAMEN_C","default",0,"BG_RAD_KAMEN_C__bg_rad_kamen_floor11_mi_lsj","BG_RAD_KAMEN_C__bg_rad_kamen_floor11_mi_lsj","matched"
"Assets/KamenMap/Models/BG_RAD_KAMEN_C/bg_rad_kamen_floor12a_sm.obj","BG_RAD_KAMEN_C","default",0,"BG_RAD_KAMEN_C__bg_rad_kamen_floor12_mi_ksr","BG_RAD_KAMEN_C__bg_rad_kamen_floor12_mi_ksr","matched"
"Assets/KamenMap/Models/BG_RAD_KAMEN_C/bg_rad_kamen_floor12a_sm.obj","BG_RAD_KAMEN_C","default",1,"BG_RAD_KAMEN_C__bg_rad_kamen_floor12a_mi_ksr","BG_RAD_KAMEN_C__bg_rad_kamen_floor12a_mi_ksr","matched"
"Assets/KamenMap/Models/BG_RAD_KAMEN_C/bg_rad_kamen_floor12_sm.obj","BG_RAD_KAMEN_C","default",0,"BG_RAD_KAMEN_C__bg_rad_kamen_floor12_mi_ksr","BG_RAD_KAMEN_C__bg_rad_kamen_floor12_mi_ksr","matched"
"Assets/KamenMap/Models/BG_RAD_KAMEN_C/bg_rad_kamen_floor12_sm.obj","BG_RAD_KAMEN_C","default",1,"BG_RAD_KAMEN_C__bg_rad_kamen_floor12a_mi_ksr","BG_RAD_KAMEN_C__bg_rad_kamen_floor12a_mi_ksr","matched"
"Assets/KamenMap/Models/BG_RAD_KAMEN_C/bg_rad_kamen_floor12_sm.obj","BG_RAD_KAMEN_C","default",2,"BG_RAD_KAMEN_C__bg_rad_kamen_floor12b_mi_ksr","BG_RAD_KAMEN_C__bg_rad_kamen_floor12b_mi_ksr","matched"
"Assets/KamenMap/Models/BG_RAD_KAMEN_C/bg_rad_kamen_pillar01a_sm_cjy.obj","BG_RAD_KAMEN_C","default",0,"BG_RAD_KAMEN_C__bg_rad_kamen_pillar01_mi_cjy","BG_RAD_KAMEN_C__bg_rad_kamen_pillar01_mi_cjy","matched"
"Assets/KamenMap/Models/BG_RAD_KAMEN_C/bg_rad_kamen_pillar01_sm_cjy.obj","BG_RAD_KAMEN_C","default",0,"BG_RAD_KAMEN_C__bg_rad_kamen_pillar01_mi_cjy","BG_RAD_KAMEN_C__bg_rad_kamen_pillar01_mi_cjy","matched"
"Assets/KamenMap/Models/BG_RAD_KAMEN_C/bg_rad_kamen_pillar02a_sm_cjy.obj","BG_RAD_KAMEN_C","default",0,"BG_RAD_KAMEN_C__bg_rad_kamen_pillar02_mi_hhk","BG_RAD_KAMEN_C__bg_rad_kamen_pillar02_mi_hhk","matched"
"Assets/KamenMap/Models/BG_RAD_KAMEN_C/bg_rad_kamen_pillar02a_sm_cjy.obj","BG_RAD_KAMEN_C","default",1,"BG_RAD_KAMEN_C__bg_common_crackrock01a_mi_ksr","BG_RAD_KAMEN_C__bg_common_crackrock01a_mi_ksr","matched"
"Assets/KamenMap/Models/BG_RAD_KAMEN_C/bg_rad_kamen_pillar02lowpoly_sm_hhk.obj","BG_RAD_KAMEN_C","default",0,"BG_RAD_KAMEN_C__bg_rad_kamen_pillar02_mi_hhk","BG_RAD_KAMEN_C__bg_rad_kamen_pillar02_mi_hhk","matched"
"Assets/KamenMap/Models/BG_RAD_KAMEN_C/bg_rad_kamen_pillar02_sm_hhk.obj","BG_RAD_KAMEN_C","default",0,"BG_RAD_KAMEN_C__bg_rad_kamen_pillar02_mi_hhk","BG_RAD_KAMEN_C__bg_rad_kamen_pillar02_mi_hhk","matched"
"Assets/KamenMap/Models/BG_RAD_KAMEN_C/bg_rad_kamen_pillar03a_sm_cjy.obj","BG_RAD_KAMEN_C","default",0,"BG_RAD_KAMEN_C__bg_rad_kamen_pillar03a_mi","BG_RAD_KAMEN_C__bg_rad_kamen_pillar03a_mi","matched"
"Assets/KamenMap/Models/BG_RAD_KAMEN_C/bg_rad_kamen_pillar03a_sm_cjy.obj","BG_RAD_KAMEN_C","default",1,"BG_RAD_KAMEN_C__bg_common_crackrock01a_mi_ksr","BG_RAD_KAMEN_C__bg_common_crackrock01a_mi_ksr","matched"
"Assets/KamenMap/Models/BG_RAD_KAMEN_C/bg_rad_kamen_pillar03b_sm_cjy.obj","BG_RAD_KAMEN_C","default",0,"BG_RAD_KAMEN_C__bg_rad_kamen_pillar03_mi_csw","BG_RAD_KAMEN_C__bg_rad_kamen_pillar03_mi_csw","matched"
"Assets/KamenMap/Models/BG_RAD_KAMEN_C/bg_rad_kamen_pillar03b_sm_cjy.obj","BG_RAD_KAMEN_C","default",1,"BG_RAD_KAMEN_C__bg_common_crackrock01a_mi_ksr","BG_RAD_KAMEN_C__bg_common_crackrock01a_mi_ksr","matched"
"Assets/KamenMap/Models/BG_RAD_KAMEN_C/bg_rad_kamen_pillar03_sm_csw.obj","BG_RAD_KAMEN_C","default",0,"BG_RAD_KAMEN_C__bg_rad_kamen_pillar03_mi_csw","BG_RAD_KAMEN_C__bg_rad_kamen_pillar03_mi_csw","matched"
"Assets/KamenMap/Models/BG_RAD_KAMEN_C/bg_rad_kamen_pillar04_sm_kjs.obj","BG_RAD_KAMEN_C","default",0,"BG_RAD_KAMEN_C__bg_rad_kamen_pillar04_mi_kjs","BG_RAD_KAMEN_C__bg_rad_kamen_pillar04_mi_kjs","matched"
"Assets/KamenMap/Models/BG_RAD_KAMEN_C/bg_rad_kamen_pillar05_sm.obj","BG_RAD_KAMEN_C","default",0,"BG_RAD_KAMEN_C__bg_rad_kamen_pillar05_mi_cwk","BG_RAD_KAMEN_C__bg_rad_kamen_pillar05_mi_cwk","matched"
"Assets/KamenMap/Models/BG_RAD_KAMEN_C/bg_rad_kamen_pillar05_sm.obj","BG_RAD_KAMEN_C","default",1,"BG_RAD_KAMEN_C__bg_rad_kamen_pillar05a_mi_cwk","BG_RAD_KAMEN_C__bg_rad_kamen_pillar05a_mi_cwk","matched"
"Assets/KamenMap/Models/BG_RAD_KAMEN_C/bg_rad_kamen_pillar06a_sm_cjy.obj","BG_RAD_KAMEN_C","default",0,"BG_RAD_KAMEN_C__bg_rad_kamen_pillar06_mi_cjy","BG_RAD_KAMEN_C__bg_rad_kamen_pillar06_mi_cjy","matched"
"Assets/KamenMap/Models/BG_RAD_KAMEN_C/bg_rad_kamen_pillar06_sm_cjy.obj","BG_RAD_KAMEN_C","default",0,"BG_RAD_KAMEN_C__bg_rad_kamen_pillar06_mi_cjy","BG_RAD_KAMEN_C__bg_rad_kamen_pillar06_mi_cjy","matched"
"Assets/KamenMap/Models/BG_RAD_KAMEN_C/bg_rad_kamen_pillar10_sm_alchemy.obj","BG_RAD_KAMEN_C","default",0,"BG_RAD_KAMEN_C__bg_rad_kamen_pillar10_mi_alchemy","BG_RAD_KAMEN_C__bg_rad_kamen_pillar10_mi_alchemy","matched"
"Assets/KamenMap/Models/BG_RAD_KAMEN_C/bg_rad_kamen_pillar10_sm_alchemy.obj","BG_RAD_KAMEN_C","default",1,"BG_RAD_KAMEN_C__bg_rad_kamen_pillar10a_mi_alchemy","BG_RAD_KAMEN_C__bg_rad_kamen_pillar10a_mi_alchemy","matched"
"Assets/KamenMap/Models/BG_RAD_KAMEN_C/bg_rad_kamen_pillar10_sm_alchemy.obj","BG_RAD_KAMEN_C","default",2,"BG_RAD_KAMEN_C__bg_rad_kamen_pillar01_mi_cjy","BG_RAD_KAMEN_C__bg_rad_kamen_pillar01_mi_cjy","matched"
"Assets/KamenMap/Models/BG_RAD_KAMEN_C/bg_rad_kamen_pillar11_sm_alchemy.obj","BG_RAD_KAMEN_C","default",0,"BG_RAD_KAMEN_C__bg_rad_kamen_pillar11_mi_alchemy","BG_RAD_KAMEN_C__bg_rad_kamen_pillar11_mi_alchemy","matched"
"Assets/KamenMap/Models/BG_RAD_KAMEN_D/bg_rad_kamen_column01a_sm_hhk.obj","BG_RAD_KAMEN_D","default",0,"BG_RAD_KAMEN_D__bg_rad_kamen_housedome01_mi_hhk","BG_RAD_KAMEN_D__bg_rad_kamen_housedome01_mi_hhk","matched"
"Assets/KamenMap/Models/BG_RAD_KAMEN_D/bg_rad_kamen_column01_sm_hhk.obj","BG_RAD_KAMEN_D","default",0,"BG_RAD_KAMEN_D__bg_rad_kamen_housedome01_mi_hhk","BG_RAD_KAMEN_D__bg_rad_kamen_housedome01_mi_hhk","matched"
"Assets/KamenMap/Models/BG_RAD_KAMEN_D/bg_rad_kamen_column02_sm_jjh.obj","BG_RAD_KAMEN_D","default",0,"BG_RAD_KAMEN_D__bg_rad_kamen_gate01_mi_jjh","BG_RAD_KAMEN_D__bg_rad_kamen_gate01_mi_jjh","matched"
"Assets/KamenMap/Models/BG_RAD_KAMEN_D/bg_rad_kamen_column02_sm_jjh.obj","BG_RAD_KAMEN_D","default",1,"BG_RAD_KAMEN_D__bg_rad_kamen_gate01a_mi_jjh","BG_RAD_KAMEN_D__bg_rad_kamen_gate01a_mi_jjh","matched"
"Assets/KamenMap/Models/BG_RAD_KAMEN_D/bg_rad_kamen_deco01_sm_hhk.obj","BG_RAD_KAMEN_D","default",0,"BG_RAD_KAMEN_D__bg_rad_kamen_housedome01c_mi_hhk","BG_RAD_KAMEN_D__bg_rad_kamen_housedome01c_mi_hhk","matched"
"Assets/KamenMap/Models/BG_RAD_KAMEN_D/bg_rad_kamen_deco02_sm_hhk.obj","BG_RAD_KAMEN_D","default",0,"BG_RAD_KAMEN_D__bg_rad_kamen_housedome01c_mi_hhk","BG_RAD_KAMEN_D__bg_rad_kamen_housedome01c_mi_hhk","matched"
"Assets/KamenMap/Models/BG_RAD_KAMEN_D/bg_rad_kamen_deco03_sm_hhk.obj","BG_RAD_KAMEN_D","default",0,"BG_RAD_KAMEN_D__bg_rad_kamen_housedome01c_mi_hhk","BG_RAD_KAMEN_D__bg_rad_kamen_housedome01c_mi_hhk","matched"
"Assets/KamenMap/Models/BG_RAD_KAMEN_D/bg_rad_kamen_deco04_sm_jjh.obj","BG_RAD_KAMEN_D","default",0,"BG_RAD_KAMEN_D__bg_rad_kamen_gate01_mi_jjh","BG_RAD_KAMEN_D__bg_rad_kamen_gate01_mi_jjh","matched"
"Assets/KamenMap/Models/BG_RAD_KAMEN_D/bg_rad_kamen_deco04_sm_jjh.obj","BG_RAD_KAMEN_D","default",1,"BG_RAD_KAMEN_D__bg_rad_kamen_gate01a_mi_jjh","BG_RAD_KAMEN_D__bg_rad_kamen_gate01a_mi_jjh","matched"
"Assets/KamenMap/Models/BG_RAD_KAMEN_D/bg_rad_kamen_deco05_sm_jjh.obj","BG_RAD_KAMEN_D","default",0,"BG_RAD_KAMEN_D__bg_rad_kamen_gate01_mi_jjh","BG_RAD_KAMEN_D__bg_rad_kamen_gate01_mi_jjh","matched"
"Assets/KamenMap/Models/BG_RAD_KAMEN_D/bg_rad_kamen_deco06_sm_jjh.obj","BG_RAD_KAMEN_D","default",0,"BG_RAD_KAMEN_D__bg_rad_kamen_gate01b_mi_jjh","BG_RAD_KAMEN_D__bg_rad_kamen_gate01b_mi_jjh","matched"
"Assets/KamenMap/Models/BG_RAD_KAMEN_D/bg_rad_kamen_gate01_sm_jjh.obj","BG_RAD_KAMEN_D","default",0,"BG_RAD_KAMEN_D__bg_rad_kamen_gate01_mi_jjh","BG_RAD_KAMEN_D__bg_rad_kamen_gate01_mi_jjh","matched"
"Assets/KamenMap/Models/BG_RAD_KAMEN_D/bg_rad_kamen_gate01_sm_jjh.obj","BG_RAD_KAMEN_D","default",1,"BG_RAD_KAMEN_D__bg_rad_kamen_gate01a_mi_jjh","BG_RAD_KAMEN_D__bg_rad_kamen_gate01a_mi_jjh","matched"
"Assets/KamenMap/Models/BG_RAD_KAMEN_D/bg_rad_kamen_gate01_sm_jjh.obj","BG_RAD_KAMEN_D","default",2,"BG_RAD_KAMEN_D__bg_ple_common_bridge02_mi_ksr","BG_RAD_KAMEN_D__bg_ple_common_bridge02_mi_ksr","matched"
"Assets/KamenMap/Models/BG_RAD_KAMEN_D/bg_rad_kamen_gate01_sm_jjh.obj","BG_RAD_KAMEN_D","default",3,"BG_RAD_KAMEN_D__bg_rad_kamen_gate01b_mi_jjh","BG_RAD_KAMEN_D__bg_rad_kamen_gate01b_mi_jjh","matched"
"Assets/KamenMap/Models/BG_RAD_KAMEN_D/bg_rad_kamen_housedome01a_sm_hhk.obj","BG_RAD_KAMEN_D","default",0,"BG_RAD_KAMEN_D__bg_rad_kamen_housedome01_mi_hhk","BG_RAD_KAMEN_D__bg_rad_kamen_housedome01_mi_hhk","matched"
"Assets/KamenMap/Models/BG_RAD_KAMEN_D/bg_rad_kamen_housedome01a_sm_hhk.obj","BG_RAD_KAMEN_D","default",1,"BG_RAD_KAMEN_D__bg_rad_kamen_housedome01a_mi_hhk","BG_RAD_KAMEN_D__bg_rad_kamen_housedome01a_mi_hhk","matched"
"Assets/KamenMap/Models/BG_RAD_KAMEN_D/bg_rad_kamen_housedome01a_sm_hhk.obj","BG_RAD_KAMEN_D","default",2,"BG_RAD_KAMEN_D__bg_rad_kamen_housedome01b_mi_hhk","BG_RAD_KAMEN_D__bg_rad_kamen_housedome01b_mi_hhk","matched"
"Assets/KamenMap/Models/BG_RAD_KAMEN_D/bg_rad_kamen_housedome01a_sm_hhk.obj","BG_RAD_KAMEN_D","default",3,"BG_RAD_KAMEN_D__bg_rad_kamen_housedome01c_mi_hhk","BG_RAD_KAMEN_D__bg_rad_kamen_housedome01c_mi_hhk","matched"
"Assets/KamenMap/Models/BG_RAD_KAMEN_D/bg_rad_kamen_housedome01a_sm_hhk.obj","BG_RAD_KAMEN_D","default",4,"BG_RAD_KAMEN_D__bg_rad_illiakan_column01c_mi_rsh","BG_RAD_KAMEN_D__bg_rad_illiakan_column01c_mi_rsh","matched"
"Assets/KamenMap/Models/BG_RAD_KAMEN_D/bg_rad_kamen_housedome01_sm_hhk.obj","BG_RAD_KAMEN_D","default",0,"BG_RAD_KAMEN_D__bg_rad_kamen_housedome01_mi_hhk","BG_RAD_KAMEN_D__bg_rad_kamen_housedome01_mi_hhk","matched"
"Assets/KamenMap/Models/BG_RAD_KAMEN_D/bg_rad_kamen_housedome01_sm_hhk.obj","BG_RAD_KAMEN_D","default",1,"BG_RAD_KAMEN_D__bg_rad_kamen_housedome01a_mi_hhk","BG_RAD_KAMEN_D__bg_rad_kamen_housedome01a_mi_hhk","matched"
"Assets/KamenMap/Models/BG_RAD_KAMEN_D/bg_rad_kamen_housedome01_sm_hhk.obj","BG_RAD_KAMEN_D","default",2,"BG_RAD_KAMEN_D__bg_rad_kamen_housedome01b_mi_hhk","BG_RAD_KAMEN_D__bg_rad_kamen_housedome01b_mi_hhk","matched"
"Assets/KamenMap/Models/BG_RAD_KAMEN_D/bg_rad_kamen_housedome01_sm_hhk.obj","BG_RAD_KAMEN_D","default",3,"BG_RAD_KAMEN_D__bg_rad_kamen_housedome01c_mi_hhk","BG_RAD_KAMEN_D__bg_rad_kamen_housedome01c_mi_hhk","matched"
"Assets/KamenMap/Models/BG_RAD_KAMEN_D/bg_rad_kamen_wall01_sm_hhk.obj","BG_RAD_KAMEN_D","default",0,"BG_RAD_KAMEN_D__bg_rad_kamen_housedome01_mi_hhk","BG_RAD_KAMEN_D__bg_rad_kamen_housedome01_mi_hhk","matched"
"Assets/KamenMap/Models/BG_RAD_KAMEN_D/bg_rad_kamen_wall02_sm_hhk.obj","BG_RAD_KAMEN_D","default",0,"BG_RAD_KAMEN_D__bg_rad_kamen_housedome01a_mi_hhk","BG_RAD_KAMEN_D__bg_rad_kamen_housedome01a_mi_hhk","matched"
"Assets/KamenMap/Models/BG_RAD_KAMEN_D/bg_rad_kamen_wall02_sm_jjh.obj","BG_RAD_KAMEN_D","default",0,"BG_RAD_KAMEN_D__bg_rad_kamen_gate01b_mi_jjh","BG_RAD_KAMEN_D__bg_rad_kamen_gate01b_mi_jjh","matched"
"Assets/KamenMap/Models/BG_RAD_KAMEN_D/bg_rad_kamen_wall03_sm_hhk.obj","BG_RAD_KAMEN_D","default",0,"BG_RAD_KAMEN_D__bg_rad_kamen_housedome01b_mi_hhk","BG_RAD_KAMEN_D__bg_rad_kamen_housedome01b_mi_hhk","matched"
"Assets/KamenMap/Models/BG_RAD_KAMEN_D/bg_rad_kamen_wall03_sm_jjh.obj","BG_RAD_KAMEN_D","default",0,"BG_RAD_KAMEN_D__bg_rad_kamen_gate01b_mi_jjh","BG_RAD_KAMEN_D__bg_rad_kamen_gate01b_mi_jjh","matched"
"Assets/KamenMap/Models/BG_RAD_KAMEN_D/bg_rad_kamen_wall04_sm_hhk.obj","BG_RAD_KAMEN_D","default",0,"BG_RAD_KAMEN_D__bg_rad_kamen_housedome01a_mi_hhk","BG_RAD_KAMEN_D__bg_rad_kamen_housedome01a_mi_hhk","matched"
"Assets/KamenMap/Models/BG_RAD_KAMEN_D/bg_rad_kamen_window01_sm_psy.obj","BG_RAD_KAMEN_D","default",0,"BG_RAD_KAMEN_D__bg_rad_kamen_window01a_mi_psy","BG_RAD_KAMEN_D__bg_rad_kamen_window01a_mi_psy","matched"
"Assets/KamenMap/Models/BG_RAD_KAMEN_D/bg_rad_kamen_window01_sm_psy.obj","BG_RAD_KAMEN_D","default",1,"BG_RAD_KAMEN_D__bg_rad_kamen_window01b_mi_psy","BG_RAD_KAMEN_D__bg_rad_kamen_window01b_mi_psy","matched"
"Assets/KamenMap/Models/BG_RAD_KAMEN_D/bg_rad_kamen_window02_sm_hhk.obj","BG_RAD_KAMEN_D","default",0,"BG_RAD_KAMEN_D__bg_rad_kamen_housedome01b_mi_hhk","BG_RAD_KAMEN_D__bg_rad_kamen_housedome01b_mi_hhk","matched"
"Assets/KamenMap/Models/BG_RAD_KAMEN_STONE_A/bg_rad_kamen_rock01a_sm.obj","BG_RAD_KAMEN_STONE_A","default",0,"BG_RAD_KAMEN_STONE_A__bg_rad_kamen_rock01_mi_ksr","BG_RAD_KAMEN_STONE_A__bg_rad_kamen_rock01_mi_ksr","matched"
"Assets/KamenMap/Models/BG_RAD_KAMEN_STONE_A/bg_rad_kamen_rock01a_sm.obj","BG_RAD_KAMEN_STONE_A","default",1,"BG_RAD_KAMEN_STONE_A__bg_rad_kamen_rock02_mi_ksr","BG_RAD_KAMEN_STONE_A__bg_rad_kamen_rock02_mi_ksr","matched"
"Assets/KamenMap/Models/BG_RAD_KAMEN_STONE_A/bg_rad_kamen_rock01_sm.obj","BG_RAD_KAMEN_STONE_A","default",0,"BG_RAD_KAMEN_STONE_A__bg_rad_kamen_rock01_mi_ksr","BG_RAD_KAMEN_STONE_A__bg_rad_kamen_rock01_mi_ksr","matched"
"Assets/KamenMap/Models/BG_RAD_KAMEN_STONE_A/bg_rad_kamen_rock02a_sm.obj","BG_RAD_KAMEN_STONE_A","default",0,"BG_RAD_KAMEN_STONE_A__bg_rad_kamen_rock02_mi_ksr","BG_RAD_KAMEN_STONE_A__bg_rad_kamen_rock02_mi_ksr","matched"
"Assets/KamenMap/Models/BG_RAD_KAMEN_STONE_A/bg_rad_kamen_rock02b_sm.obj","BG_RAD_KAMEN_STONE_A","default",0,"BG_RAD_KAMEN_STONE_A__bg_rad_kamen_rock02_mi_ksr","BG_RAD_KAMEN_STONE_A__bg_rad_kamen_rock02_mi_ksr","matched"
"Assets/KamenMap/Models/BG_RAD_KAMEN_STONE_A/bg_rad_kamen_rock02c_sm.obj","BG_RAD_KAMEN_STONE_A","default",0,"BG_RAD_KAMEN_STONE_A__bg_rad_kamen_rock02_mi_ksr","BG_RAD_KAMEN_STONE_A__bg_rad_kamen_rock02_mi_ksr","matched"
"Assets/KamenMap/Models/BG_RAD_KAMEN_STONE_A/bg_rad_kamen_rock02d_sm.obj","BG_RAD_KAMEN_STONE_A","default",0,"BG_RAD_KAMEN_STONE_A__bg_rad_kamen_rock02_mi_ksr","BG_RAD_KAMEN_STONE_A__bg_rad_kamen_rock02_mi_ksr","matched"
"Assets/KamenMap/Models/BG_RAD_KAMEN_STONE_A/bg_rad_kamen_rock02e_sm.obj","BG_RAD_KAMEN_STONE_A","default",0,"BG_RAD_KAMEN_STONE_A__bg_rad_kamen_rock02_mi_ksr","BG_RAD_KAMEN_STONE_A__bg_rad_kamen_rock02_mi_ksr","matched"
"Assets/KamenMap/Models/BG_RAD_KAMEN_STONE_A/bg_rad_kamen_rock02f_sm.obj","BG_RAD_KAMEN_STONE_A","default",0,"BG_RAD_KAMEN_STONE_A__bg_rad_kamen_rock02_mi_ksr","BG_RAD_KAMEN_STONE_A__bg_rad_kamen_rock02_mi_ksr","matched"
"Assets/KamenMap/Models/BG_RAD_KAMEN_STONE_A/bg_rad_kamen_rock02g_sm.obj","BG_RAD_KAMEN_STONE_A","default",0,"BG_RAD_KAMEN_STONE_A__bg_rad_kamen_rock02_mi_ksr","BG_RAD_KAMEN_STONE_A__bg_rad_kamen_rock02_mi_ksr","matched"
"Assets/KamenMap/Models/BG_RAD_KAMEN_STONE_A/bg_rad_kamen_rock02_sm.obj","BG_RAD_KAMEN_STONE_A","default",0,"BG_RAD_KAMEN_STONE_A__bg_rad_kamen_rock02_mi_ksr","BG_RAD_KAMEN_STONE_A__bg_rad_kamen_rock02_mi_ksr","matched"
"Assets/KamenMap/Models/BG_RAD_KAMEN_STONE_A/bg_rad_kamen_rockdeco01a_sm.obj","BG_RAD_KAMEN_STONE_A","default",0,"BG_RAD_KAMEN_STONE_A__bg_rad_kamen_rock02_mi_ksr","BG_RAD_KAMEN_STONE_A__bg_rad_kamen_rock02_mi_ksr","matched"
"Assets/KamenMap/Models/BG_RAD_KAMEN_STONE_A/bg_rad_kamen_rockdeco01b_sm.obj","BG_RAD_KAMEN_STONE_A","default",0,"BG_RAD_KAMEN_STONE_A__bg_rad_kamen_rock02_mi_ksr","BG_RAD_KAMEN_STONE_A__bg_rad_kamen_rock02_mi_ksr","matched"
"Assets/KamenMap/Models/BG_RAD_KAMEN_STONE_A/bg_rad_kamen_rockdeco01c_sm.obj","BG_RAD_KAMEN_STONE_A","default",0,"BG_RAD_KAMEN_STONE_A__bg_rad_kamen_rock02_mi_ksr","BG_RAD_KAMEN_STONE_A__bg_rad_kamen_rock02_mi_ksr","matched"
"Assets/KamenMap/Models/BG_RAD_KAMEN_STONE_A/bg_rad_kamen_rockdeco01_sm.obj","BG_RAD_KAMEN_STONE_A","default",0,"BG_RAD_KAMEN_STONE_A__bg_rad_kamen_rock02_mi_ksr","BG_RAD_KAMEN_STONE_A__bg_rad_kamen_rock02_mi_ksr","matched"
"Assets/KamenMap/Models/BG_RAD_KAMEN_STONE_A/bg_rad_kamen_rockfloor01alowpoly_sm.obj","BG_RAD_KAMEN_STONE_A","default",0,"BG_RAD_KAMEN_STONE_A__bg_rad_kamen_rockfloor01_mi_ksr","BG_RAD_KAMEN_STONE_A__bg_rad_kamen_rockfloor01_mi_ksr","matched"
"Assets/KamenMap/Models/BG_RAD_KAMEN_STONE_A/bg_rad_kamen_rockfloor01alowpoly_sm.obj","BG_RAD_KAMEN_STONE_A","default",1,"BG_RAD_KAMEN_STONE_A__bg_rad_kamen_rockfloor01a_mi_ksr","BG_RAD_KAMEN_STONE_A__bg_rad_kamen_rockfloor01a_mi_ksr","matched"
"Assets/KamenMap/Models/BG_RAD_KAMEN_STONE_A/bg_rad_kamen_rockfloor01alowpoly_sm.obj","BG_RAD_KAMEN_STONE_A","default",2,"BG_RAD_KAMEN_STONE_A__bg_rad_kamen_rock02_mi_ksr","BG_RAD_KAMEN_STONE_A__bg_rad_kamen_rock02_mi_ksr","matched"
"Assets/KamenMap/Models/BG_RAD_KAMEN_STONE_A/bg_rad_kamen_rockfloor01a_sm.obj","BG_RAD_KAMEN_STONE_A","default",0,"BG_RAD_KAMEN_STONE_A__bg_rad_kamen_rockfloor01_mi_ksr","BG_RAD_KAMEN_STONE_A__bg_rad_kamen_rockfloor01_mi_ksr","matched"
"Assets/KamenMap/Models/BG_RAD_KAMEN_STONE_A/bg_rad_kamen_rockfloor01a_sm.obj","BG_RAD_KAMEN_STONE_A","default",1,"BG_RAD_KAMEN_STONE_A__bg_rad_kamen_rockfloor01a_mi_ksr","BG_RAD_KAMEN_STONE_A__bg_rad_kamen_rockfloor01a_mi_ksr","matched"
"Assets/KamenMap/Models/BG_RAD_KAMEN_STONE_A/bg_rad_kamen_rockfloor01a_sm.obj","BG_RAD_KAMEN_STONE_A","default",2,"BG_RAD_KAMEN_STONE_A__bg_rad_kamen_rock02_mi_ksr","BG_RAD_KAMEN_STONE_A__bg_rad_kamen_rock02_mi_ksr","matched"
"Assets/KamenMap/Models/BG_RAD_KAMEN_STONE_A/bg_rad_kamen_rockfloor01_sm.obj","BG_RAD_KAMEN_STONE_A","default",0,"BG_RAD_KAMEN_STONE_A__bg_rad_kamen_rockfloor01_mi_ksr","BG_RAD_KAMEN_STONE_A__bg_rad_kamen_rockfloor01_mi_ksr","matched"
"Assets/KamenMap/Models/BG_RAD_KAMEN_STONE_A/bg_rad_kamen_rockfloor01_sm.obj","BG_RAD_KAMEN_STONE_A","default",1,"BG_RAD_KAMEN_STONE_A__bg_rad_kamen_rockfloor01a_mi_ksr","BG_RAD_KAMEN_STONE_A__bg_rad_kamen_rockfloor01a_mi_ksr","matched"
"Assets/KamenMap/Models/BG_RAD_KAMEN_STONE_A/bg_rad_kamen_rockfloor02_sm.obj","BG_RAD_KAMEN_STONE_A","default",0,"BG_RAD_KAMEN_STONE_A__bg_rad_kamen_rockfloor02_mi_ksr","BG_RAD_KAMEN_STONE_A__bg_rad_kamen_rockfloor02_mi_ksr","matched"
"Assets/KamenMap/Models/BG_RAD_KAMEN_STONE_A/bg_rad_kamen_rockfloor03a_sm.obj","BG_RAD_KAMEN_STONE_A","default",0,"BG_RAD_KAMEN_STONE_A__bg_rad_kamen_rockfloor03_mi_ksr","BG_RAD_KAMEN_STONE_A__bg_rad_kamen_rockfloor03_mi_ksr","matched"
"Assets/KamenMap/Models/BG_RAD_KAMEN_STONE_A/bg_rad_kamen_rockfloor03a_sm.obj","BG_RAD_KAMEN_STONE_A","default",1,"BG_RAD_KAMEN_STONE_A__bg_rad_kamen_rockfloor03a_mi_ksr","BG_RAD_KAMEN_STONE_A__bg_rad_kamen_rockfloor03a_mi_ksr","matched"
"Assets/KamenMap/Models/BG_RAD_KAMEN_STONE_A/bg_rad_kamen_rockfloor03b_sm.obj","BG_RAD_KAMEN_STONE_A","default",0,"BG_RAD_KAMEN_STONE_A__bg_rad_kamen_rockfloor03_mi_ksr","BG_RAD_KAMEN_STONE_A__bg_rad_kamen_rockfloor03_mi_ksr","matched"
"Assets/KamenMap/Models/BG_RAD_KAMEN_STONE_A/bg_rad_kamen_rockfloor03b_sm.obj","BG_RAD_KAMEN_STONE_A","default",1,"BG_RAD_KAMEN_STONE_A__bg_rad_kamen_rockfloor03a_mi_ksr","BG_RAD_KAMEN_STONE_A__bg_rad_kamen_rockfloor03a_mi_ksr","matched"
"Assets/KamenMap/Models/BG_RAD_KAMEN_STONE_A/bg_rad_kamen_rockfloor03c_sm.obj","BG_RAD_KAMEN_STONE_A","default",0,"BG_RAD_KAMEN_STONE_A__bg_rad_kamen_rockfloor03_mi_ksr","BG_RAD_KAMEN_STONE_A__bg_rad_kamen_rockfloor03_mi_ksr","matched"
"Assets/KamenMap/Models/BG_RAD_KAMEN_STONE_A/bg_rad_kamen_rockfloor03d_sm.obj","BG_RAD_KAMEN_STONE_A","default",0,"BG_RAD_KAMEN_STONE_A__bg_rad_kamen_rockfloor03a_mi_ksr","BG_RAD_KAMEN_STONE_A__bg_rad_kamen_rockfloor03a_mi_ksr","matched"
"Assets/KamenMap/Models/BG_RAD_KAMEN_STONE_A/bg_rad_kamen_rockfloor03e_sm.obj","BG_RAD_KAMEN_STONE_A","default",0,"BG_RAD_KAMEN_STONE_A__bg_rad_kamen_rockfloor03_mi_ksr","BG_RAD_KAMEN_STONE_A__bg_rad_kamen_rockfloor03_mi_ksr","matched"
"Assets/KamenMap/Models/BG_RAD_KAMEN_STONE_A/bg_rad_kamen_rockfloor03_sm.obj","BG_RAD_KAMEN_STONE_A","default",0,"BG_RAD_KAMEN_STONE_A__bg_rad_kamen_rockfloor03_mi_ksr","BG_RAD_KAMEN_STONE_A__bg_rad_kamen_rockfloor03_mi_ksr","matched"
"Assets/KamenMap/Models/BG_RAD_KAMEN_STONE_A/bg_rad_kamen_rockfloor03_sm.obj","BG_RAD_KAMEN_STONE_A","default",1,"BG_RAD_KAMEN_STONE_A__bg_rad_kamen_rockfloor03a_mi_ksr","BG_RAD_KAMEN_STONE_A__bg_rad_kamen_rockfloor03a_mi_ksr","matched"
"Assets/KamenMap/Models/BG_RAD_KAMEN_STONE_A/bg_rad_kamen_rockpillar01a_sm.obj","BG_RAD_KAMEN_STONE_A","default",0,"BG_RAD_KAMEN_STONE_A__bg_rad_kamen_rockpillar01_mi_ksr","BG_RAD_KAMEN_STONE_A__bg_rad_kamen_rockpillar01_mi_ksr","matched"
"Assets/KamenMap/Models/BG_RAD_KAMEN_STONE_A/bg_rad_kamen_rockpillar01a_sm.obj","BG_RAD_KAMEN_STONE_A","default",1,"BG_RAD_KAMEN_STONE_A__bg_rad_kamen_rockpillar01a_mi_ksr","BG_RAD_KAMEN_STONE_A__bg_rad_kamen_rockpillar01a_mi_ksr","matched"
"Assets/KamenMap/Models/BG_RAD_KAMEN_STONE_A/bg_rad_kamen_rockpillar01blowpoly_sm.obj","BG_RAD_KAMEN_STONE_A","default",0,"BG_RAD_KAMEN_STONE_A__bg_rad_kamen_rockpillar01_mi_ksr","BG_RAD_KAMEN_STONE_A__bg_rad_kamen_rockpillar01_mi_ksr","matched"
"Assets/KamenMap/Models/BG_RAD_KAMEN_STONE_A/bg_rad_kamen_rockpillar01blowpoly_sm.obj","BG_RAD_KAMEN_STONE_A","default",1,"BG_RAD_KAMEN_STONE_A__bg_rad_kamen_rockpillar01a_mi_ksr","BG_RAD_KAMEN_STONE_A__bg_rad_kamen_rockpillar01a_mi_ksr","matched"
"Assets/KamenMap/Models/BG_RAD_KAMEN_STONE_A/bg_rad_kamen_rockpillar01blowpoly_sm.obj","BG_RAD_KAMEN_STONE_A","default",2,"BG_RAD_KAMEN_STONE_A__bg_rad_kamen_rock02_mi_ksr","BG_RAD_KAMEN_STONE_A__bg_rad_kamen_rock02_mi_ksr","matched"
"Assets/KamenMap/Models/BG_RAD_KAMEN_STONE_A/bg_rad_kamen_rockpillar01blowpoly_sm.obj","BG_RAD_KAMEN_STONE_A","default",3,"BG_RAD_KAMEN_STONE_A__bg_rad_kamen_rock03_mi_ksr","BG_RAD_KAMEN_STONE_A__bg_rad_kamen_rock03_mi_ksr","matched"
"Assets/KamenMap/Models/BG_RAD_KAMEN_STONE_A/bg_rad_kamen_rockpillar01b_sm.obj","BG_RAD_KAMEN_STONE_A","default",0,"BG_RAD_KAMEN_STONE_A__bg_rad_kamen_rockpillar01_mi_ksr","BG_RAD_KAMEN_STONE_A__bg_rad_kamen_rockpillar01_mi_ksr","matched"
"Assets/KamenMap/Models/BG_RAD_KAMEN_STONE_A/bg_rad_kamen_rockpillar01b_sm.obj","BG_RAD_KAMEN_STONE_A","default",1,"BG_RAD_KAMEN_STONE_A__bg_rad_kamen_rockpillar01a_mi_ksr","BG_RAD_KAMEN_STONE_A__bg_rad_kamen_rockpillar01a_mi_ksr","matched"
"Assets/KamenMap/Models/BG_RAD_KAMEN_STONE_A/bg_rad_kamen_rockpillar01b_sm.obj","BG_RAD_KAMEN_STONE_A","default",2,"BG_RAD_KAMEN_STONE_A__bg_rad_kamen_rock02_mi_ksr","BG_RAD_KAMEN_STONE_A__bg_rad_kamen_rock02_mi_ksr","matched"
"Assets/KamenMap/Models/BG_RAD_KAMEN_STONE_A/bg_rad_kamen_rockpillar01b_sm.obj","BG_RAD_KAMEN_STONE_A","default",3,"BG_RAD_KAMEN_STONE_A__bg_rad_kamen_rock03_mi_ksr","BG_RAD_KAMEN_STONE_A__bg_rad_kamen_rock03_mi_ksr","matched"
"Assets/KamenMap/Models/BG_RAD_KAMEN_STONE_A/bg_rad_kamen_rockpillar01clowpoly_sm.obj","BG_RAD_KAMEN_STONE_A","default",0,"BG_RAD_KAMEN_STONE_A__bg_rad_kamen_rockpillar01_mi_ksr","BG_RAD_KAMEN_STONE_A__bg_rad_kamen_rockpillar01_mi_ksr","matched"
"Assets/KamenMap/Models/BG_RAD_KAMEN_STONE_A/bg_rad_kamen_rockpillar01clowpoly_sm.obj","BG_RAD_KAMEN_STONE_A","default",1,"BG_RAD_KAMEN_STONE_A__bg_rad_kamen_rockpillar01a_mi_ksr","BG_RAD_KAMEN_STONE_A__bg_rad_kamen_rockpillar01a_mi_ksr","matched"
"Assets/KamenMap/Models/BG_RAD_KAMEN_STONE_A/bg_rad_kamen_rockpillar01clowpoly_sm.obj","BG_RAD_KAMEN_STONE_A","default",2,"BG_RAD_KAMEN_STONE_A__bg_rad_kamen_rock02_mi_ksr","BG_RAD_KAMEN_STONE_A__bg_rad_kamen_rock02_mi_ksr","matched"
"Assets/KamenMap/Models/BG_RAD_KAMEN_STONE_A/bg_rad_kamen_rockpillar01clowpoly_sm.obj","BG_RAD_KAMEN_STONE_A","default",3,"BG_RAD_KAMEN_STONE_A__bg_rad_kamen_rock03_mi_ksr","BG_RAD_KAMEN_STONE_A__bg_rad_kamen_rock03_mi_ksr","matched"
"Assets/KamenMap/Models/BG_RAD_KAMEN_STONE_A/bg_rad_kamen_rockpillar01c_sm.obj","BG_RAD_KAMEN_STONE_A","default",0,"BG_RAD_KAMEN_STONE_A__bg_rad_kamen_rockpillar01_mi_ksr","BG_RAD_KAMEN_STONE_A__bg_rad_kamen_rockpillar01_mi_ksr","matched"
"Assets/KamenMap/Models/BG_RAD_KAMEN_STONE_A/bg_rad_kamen_rockpillar01c_sm.obj","BG_RAD_KAMEN_STONE_A","default",1,"BG_RAD_KAMEN_STONE_A__bg_rad_kamen_rockpillar01a_mi_ksr","BG_RAD_KAMEN_STONE_A__bg_rad_kamen_rockpillar01a_mi_ksr","matched"
"Assets/KamenMap/Models/BG_RAD_KAMEN_STONE_A/bg_rad_kamen_rockpillar01c_sm.obj","BG_RAD_KAMEN_STONE_A","default",2,"BG_RAD_KAMEN_STONE_A__bg_rad_kamen_rock02_mi_ksr","BG_RAD_KAMEN_STONE_A__bg_rad_kamen_rock02_mi_ksr","matched"
"Assets/KamenMap/Models/BG_RAD_KAMEN_STONE_A/bg_rad_kamen_rockpillar01c_sm.obj","BG_RAD_KAMEN_STONE_A","default",3,"BG_RAD_KAMEN_STONE_A__bg_rad_kamen_rock03_mi_ksr","BG_RAD_KAMEN_STONE_A__bg_rad_kamen_rock03_mi_ksr","matched"
"Assets/KamenMap/Models/BG_RAD_KAMEN_STONE_A/bg_rad_kamen_rockpillar01_sm.obj","BG_RAD_KAMEN_STONE_A","default",0,"BG_RAD_KAMEN_STONE_A__bg_rad_kamen_rockpillar01_mi_ksr","BG_RAD_KAMEN_STONE_A__bg_rad_kamen_rockpillar01_mi_ksr","matched"
"Assets/KamenMap/Models/BG_RAD_KAMEN_STONE_A/bg_rad_kamen_rockpillar01_sm.obj","BG_RAD_KAMEN_STONE_A","default",1,"BG_RAD_KAMEN_STONE_A__bg_rad_kamen_rockpillar01a_mi_ksr","BG_RAD_KAMEN_STONE_A__bg_rad_kamen_rockpillar01a_mi_ksr","matched"
"Assets/KamenMap/Models/EFMASTER_MATERIAL_SKYMATTE/matte_mesh_01.obj","EFMASTER_MATERIAL_SKYMATTE","default",0,"EFMASTER_MATERIAL_SKYMATTE__matte_base_mi","EFMASTER_MATERIAL_SKYMATTE__matte_base_mi","matched"
"Assets/KamenMap/Models/EFMASTER_MATERIAL_SKYMATTE/plane_static.obj","EFMASTER_MATERIAL_SKYMATTE","default",0,"EFMASTER_MATERIAL_SKYMATTE__material","EFMASTER_MATERIAL_SKYMATTE__material","matched"
"Assets/KamenMap/Models/EFMASTER_MATERIAL_SKYMATTE/sky_sphere.obj","EFMASTER_MATERIAL_SKYMATTE","default",0,"EFMASTER_MATERIAL_SKYMATTE__sky_simple_trn","EFMASTER_MATERIAL_SKYMATTE__sky_simple_trn","matched"
"Assets/KamenMap/Models/EFMASTER_MATERIAL_SKYMATTE/udk_skysphere.obj","EFMASTER_MATERIAL_SKYMATTE","default",0,"EFMASTER_MATERIAL_SKYMATTE__sky_udk_daytime","EFMASTER_MATERIAL_SKYMATTE__sky_udk_daytime","matched"
"Assets/KamenMap/Models/SK_FIF_HDR_00/sk_fif_hdr_00_sk.obj","SK_FIF_HDR_00","default",0,"SK_FIF_HDR_00__sk_fif_hdr_00_01_mi_dead","SK_FIF_HDR_00__sk_fif_hdr_00_01_mi_dead","matched"
"Assets/KamenMap/Models/SK_FIF_HDR_00/sk_fif_hdr_00_sk.obj","SK_FIF_HDR_00","default",1,"SK_FIF_HDR_00__sk_fif_hdr_00_02_mi_dead","SK_FIF_HDR_00__sk_fif_hdr_00_02_mi_dead","matched"
"Assets/KamenMap/Models/SK_FIF_HDR_00/sk_fif_hdr_00_sk.obj","SK_FIF_HDR_00","default",2,"SK_FIF_HDR_00__sk_fif_hdr_00_03_mi_dead","SK_FIF_HDR_00__sk_fif_hdr_00_03_mi_dead","matched"
"Assets/KamenMap/Models/SK_FIF_HDR_00/sk_fif_hdr_00_sk.obj","SK_FIF_HDR_00","default",3,"SK_FIF_HDR_00__sk_fif_hdr_00_04_mi_dead","SK_FIF_HDR_00__sk_fif_hdr_00_04_mi_dead","matched"
"Assets/KamenMap/Models/SK_FIF_HDR_00/sk_fif_hdr_00_sk.obj","SK_FIF_HDR_00","default",4,"SK_FIF_HDR_00__sk_fif_hdr_00_05_mi_dead","SK_FIF_HDR_00__sk_fif_hdr_00_05_mi_dead","matched"
