package,material,shader,diffuse,normal,specular,emissive,diffuseAssigned,normalAssigned,specularAssigned,emissiveAssigned,alphaClip,bumpScale,smoothness,workflowMode
"BG_RAD_KAMEN_A","BG_RAD_KAMEN_A__bg_rad_kamen_chair01_mi_jjh","Universal Render Pipeline/Lit","Textures/BG_RAD_KAMEN_A/bg_rad_kamen_chair01_d_jjh.png","Textures/BG_RAD_KAMEN_A/bg_rad_kamen_chair01_n_jjh.png","Textures/BG_RAD_KAMEN_A/bg_rad_kamen_chair01_s_jjh.png","",1,1,1,0,0,1.35,0.5,0
"BG_RAD_KAMEN_A","BG_RAD_KAMEN_A__bg_rad_kamen_pillar01_mi_cjy","Universal Render Pipeline/Lit","","","","",0,0,0,0,0,1,0.42,1
"BG_RAD_KAMEN_A","BG_RAD_KAMEN_A__bg_rad_kamen_pillar06_mi_cjy","Universal Render Pipeline/Lit","","","","",0,0,0,0,0,1,0.42,1
"BG_RAD_KAMEN_A","BG_RAD_KAMEN_A__bg_rad_kamen_chair01b_mi_cjy","Universal Render Pipeline/Lit","Textures/BG_RAD_KAMEN_A/bg_rad_kamen_chair01b_d_cjy.png","Textures/BG_RAD_KAMEN_A/bg_rad_kamen_chair01b_n_cjy.png","Textures/BG_RAD_KAMEN_A/bg_rad_kamen_chair01b_s_cjy.png","",1,1,1,0,0,1.35,0.5,0
"BG_RAD_KAMEN_A","BG_RAD_KAMEN_A__bg_rad_kamen_chair01a_mi_jjh","Universal Render Pipeline/Lit","Textures/BG_RAD_KAMEN_A/bg_rad_kamen_chair01a_d_jjh.png","Textures/BG_RAD_KAMEN_A/bg_rad_kamen_chair01a_n_jjh.png","Textures/BG_RAD_KAMEN_A/bg_rad_kamen_chair01a_s_jjh.png","",1,1,1,0,0,1.35,0.5,0
"BG_RAD_KAMEN_A","BG_RAD_KAMEN_A__bg_rad_kamen_chair01b_mi_cjy","Universal Render Pipeline/Lit","Textures/BG_RAD_KAMEN_A/bg_rad_kamen_chair01b_d_cjy.png","Textures/BG_RAD_KAMEN_A/bg_rad_kamen_chair01b_n_cjy.png","Textures/BG_RAD_KAMEN_A/bg_rad_kamen_chair01b_s_cjy.png","",1,1,1,0,0,1.35,0.5,0
"BG_RAD_KAMEN_A","BG_RAD_KAMEN_A__bg_rad_kamen_floor01_mi_kmk","Universal Render Pipeline/Lit","Textures/BG_RAD_KAMEN_A/bg_rad_kamen_floor01_d_kmk.png","Textures/BG_RAD_KAMEN_A/bg_rad_kamen_floor01_n_kmk.png","Textures/BG_RAD_KAMEN_A/bg_rad_kamen_floor01_s_kmk.png","",1,1,1,0,0,1.85,0.56,0
"BG_RAD_KAMEN_A","BG_RAD_KAMEN_A__bg_rad_kamen_floor01a_mi_kmk","Universal Render Pipeline/Lit","Textures/BG_RAD_KAMEN_A/bg_rad_kamen_floor01a_d_kmk.png","Textures/BG_RAD_KAMEN_A/bg_rad_kamen_floor01a_n_kmk.png","Textures/BG_RAD_KAMEN_A/bg_rad_kamen_floor01a_s_kmk.png","",1,1,1,0,0,1.85,0.56,0
"BG_RAD_KAMEN_A","BG_RAD_KAMEN_A__bg_rad_kamen_floor01_mi_kmk","Universal Render Pipeline/Lit","Textures/BG_RAD_KAMEN_A/bg_rad_kamen_floor01_d_kmk.png","Textures/BG_RAD_KAMEN_A/bg_rad_kamen_floor01_n_kmk.png","Textures/BG_RAD_KAMEN_A/bg_rad_kamen_floor01_s_kmk.png","",1,1,1,0,0,1.85,0.56,0
"BG_RAD_KAMEN_A","BG_RAD_KAMEN_A__bg_rad_kamen_floor01a_mi_kmk","Universal Render Pipeline/Lit","Textures/BG_RAD_KAMEN_A/bg_rad_kamen_floor01a_d_kmk.png","Textures/BG_RAD_KAMEN_A/bg_rad_kamen_floor01a_n_kmk.png","Textures/BG_RAD_KAMEN_A/bg_rad_kamen_floor01a_s_kmk.png","",1,1,1,0,0,1.85,0.56,0
"BG_RAD_KAMEN_A","BG_RAD_KAMEN_A__bg_rad_kamen_floor02_mi_kmk","Universal Render Pipeline/Lit","Textures/BG_RAD_KAMEN_A/bg_rad_kamen_floor02_d_kmk.png","Textures/BG_RAD_KAMEN_A/bg_rad_kamen_floor02_n_kmk.png","Textures/BG_RAD_KAMEN_A/bg_rad_kamen_floor02_s_kmk.png","",1,1,1,0,0,1.85,0.56,0
"BG_RAD_KAMEN_A","BG_RAD_KAMEN_A__bg_rad_kamen_floor02a_mi_kmk","Universal Render Pipeline/Lit","Textures/BG_RAD_KAMEN_A/bg_rad_kamen_floor02a_d_kmk.png","Textures/BG_RAD_KAMEN_A/bg_rad_kamen_floor02a_n_kmk.png","Textures/BG_RAD_KAMEN_A/bg_rad_kamen_floor02a_s_kmk.png","",1,1,1,0,0,1.85,0.56,0
"BG_RAD_KAMEN_A","BG_RAD_KAMEN_A__bg_rad_kamen_floor03a_mi_jjy","Universal Render Pipeline/Lit","Textures/BG_RAD_KAMEN_A/bg_rad_kamen_floor03a_d_jjy.png","Textures/BG_RAD_KAMEN_A/bg_rad_kamen_floor03a_n_jjy.png","Textures/BG_RAD_KAMEN_A/bg_rad_kamen_floor03a_s_jjy.png","",1,1,1,0,0,1.85,0.56,0
"BG_RAD_KAMEN_A","BG_RAD_KAMEN_A__bg_rad_kamen_floor03b_mi_jjy","Universal Render Pipeline/Lit","Textures/BG_RAD_KAMEN_A/bg_rad_kamen_floor03b_d_jjy.png","Textures/BG_RAD_KAMEN_A/bg_rad_kamen_floor03b_n_jjy.png","Textures/BG_RAD_KAMEN_A/bg_rad_kamen_floor03b_s_jjy.png","",1,1,1,0,0,1.85,0.56,0
"BG_RAD_KAMEN_A","BG_RAD_KAMEN_A__bg_rad_kamen_floor03a_mi_jjy","Universal Render Pipeline/Lit","Textures/BG_RAD_KAMEN_A/bg_rad_kamen_floor03a_d_jjy.png","Textures/BG_RAD_KAMEN_A/bg_rad_kamen_floor03a_n_jjy.png","Textures/BG_RAD_KAMEN_A/bg_rad_kamen_floor03a_s_jjy.png","",1,1,1,0,0,1.85,0.56,0
"BG_RAD_KAMEN_A","BG_RAD_KAMEN_A__bg_rad_kamen_floor03b_mi_jjy","Universal Render Pipeline/Lit","Textures/BG_RAD_KAMEN_A/bg_rad_kamen_floor03b_d_jjy.png","Textures/BG_RAD_KAMEN_A/bg_rad_kamen_floor03b_n_jjy.png","Textures/BG_RAD_KAMEN_A/bg_rad_kamen_floor03b_s_jjy.png","",1,1,1,0,0,1.85,0.56,0
"BG_RAD_KAMEN_A","BG_RAD_KAMEN_A__bg_rad_kamen_floor04_mi_rsh","Universal Render Pipeline/Lit","Textures/BG_RAD_KAMEN_A/bg_rad_kamen_floor04_01_d_rsh.png","Textures/BG_RAD_KAMEN_A/bg_rad_kamen_floor04_01_n_rsh.png","Textures/BG_RAD_KAMEN_A/bg_rad_kamen_floor04_01_s_rsh.png","",1,1,1,0,0,1.85,0.56,0
"BG_RAD_KAMEN_A","BG_RAD_KAMEN_A__bg_rad_kamen_floor04b_mi_rsh","Universal Render Pipeline/Lit","Textures/BG_RAD_KAMEN_A/bg_rad_kamen_floor04_02_d_rsh.png","Textures/BG_RAD_KAMEN_A/bg_rad_kamen_floor04_02_n_rsh.png","Textures/BG_RAD_KAMEN_A/bg_rad_kamen_floor04_02_s_rsh.png","",1,1,1,0,0,1.85,0.56,0
"BG_RAD_KAMEN_A","BG_RAD_KAMEN_A__bg_rad_kamen_floor04_mi_rsh","Universal Render Pipeline/Lit","Textures/BG_RAD_KAMEN_A/bg_rad_kamen_floor04_01_d_rsh.png","Textures/BG_RAD_KAMEN_A/bg_rad_kamen_floor04_01_n_rsh.png","Textures/BG_RAD_KAMEN_A/bg_rad_kamen_floor04_01_s_rsh.png","",1,1,1,0,0,1.85,0.56,0
"BG_RAD_KAMEN_A","BG_RAD_KAMEN_A__bg_rad_kamen_floor04b_mi_rsh","Universal Render Pipeline/Lit","Textures/BG_RAD_KAMEN_A/bg_rad_kamen_floor04_02_d_rsh.png","Textures/BG_RAD_KAMEN_A/bg_rad_kamen_floor04_02_n_rsh.png","Textures/BG_RAD_KAMEN_A/bg_rad_kamen_floor04_02_s_rsh.png","",1,1,1,0,0,1.85,0.56,0
"BG_RAD_KAMEN_A","BG_RAD_KAMEN_A__bg_rad_kamen_floor05a_mi_lsj","Universal Render Pipeline/Lit","Textures/BG_RAD_KAMEN_A/bg_rad_kamen_floor05a_d_lsj.png","Textures/BG_RAD_KAMEN_A/bg_rad_kamen_floor05a_n_lsj.png","Textures/BG_RAD_KAMEN_A/bg_rad_kamen_floor05a_s_lsj.png","",1,1,1,0,0,1.85,0.56,0
"BG_RAD_KAMEN_A","BG_RAD_KAMEN_A__bg_rad_kamen_floor05b_mi_lsj","Universal Render Pipeline/Lit","Textures/BG_RAD_KAMEN_A/bg_rad_kamen_floor05b_d_lsj.png","Textures/BG_RAD_KAMEN_A/bg_rad_kamen_floor05b_n_lsj.png","Textures/BG_RAD_KAMEN_A/bg_rad_kamen_floor05b_s_lsj.png","",1,1,1,0,0,1.85,0.56,0
"BG_RAD_KAMEN_A","BG_RAD_KAMEN_A__bg_rad_kamen_floor03a_mi_jjy","Universal Render Pipeline/Lit","Textures/BG_RAD_KAMEN_A/bg_rad_kamen_floor03a_d_jjy.png","Textures/BG_RAD_KAMEN_A/bg_rad_kamen_floor03a_n_jjy.png","Textures/BG_RAD_KAMEN_A/bg_rad_kamen_floor03a_s_jjy.png","",1,1,1,0,0,1.85,0.56,0
"BG_RAD_KAMEN_A","BG_RAD_KAMEN_A__bg_rad_kamen_floor03b_mi_jjy","Universal Render Pipeline/Lit","Textures/BG_RAD_KAMEN_A/bg_rad_kamen_floor03b_d_jjy.png","Textures/BG_RAD_KAMEN_A/bg_rad_kamen_floor03b_n_jjy.png","Textures/BG_RAD_KAMEN_A/bg_rad_kamen_floor03b_s_jjy.png","",1,1,1,0,0,1.85,0.56,0
"BG_RAD_KAMEN_A","BG_RAD_KAMEN_A__bg_rad_kamen_floor05c_mi_hhk","Universal Render Pipeline/Lit","Textures/BG_RAD_KAMEN_A/bg_rad_kamen_floor05c_d_hhk.png","Textures/BG_RAD_KAMEN_A/bg_rad_kamen_floor05c_n_hhk.png","Textures/BG_RAD_KAMEN_A/bg_rad_kamen_floor05c_s_hhk.png","",1,1,1,0,0,1.85,0.56,0
"BG_RAD_KAMEN_A","BG_RAD_KAMEN_A__bg_rad_kamen_floor05d_mi_hhk","Universal Render Pipeline/Lit","Textures/BG_RAD_KAMEN_A/bg_rad_kamen_floor05d_d_hhk.png","Textures/BG_RAD_KAMEN_A/bg_rad_kamen_floor05d_n_hhk.png","Textures/BG_RAD_KAMEN_A/bg_rad_kamen_floor05d_s_hhk.png","",1,1,1,0,0,1.85,0.56,0
"BG_RAD_KAMEN_A","BG_RAD_KAMEN_A__bg_rad_kamen_floor05a_mi_lsj","Universal Render Pipeline/Lit","Textures/BG_RAD_KAMEN_A/bg_rad_kamen_floor05a_d_lsj.png","Textures/BG_RAD_KAMEN_A/bg_rad_kamen_floor05a_n_lsj.png","Textures/BG_RAD_KAMEN_A/bg_rad_kamen_floor05a_s_lsj.png","",1,1,1,0,0,1.85,0.56,0
"BG_RAD_KAMEN_A","BG_RAD_KAMEN_A__bg_rad_kamen_floor05b_mi_lsj","Universal Render Pipeline/Lit","Textures/BG_RAD_KAMEN_A/bg_rad_kamen_floor05b_d_lsj.png","Textures/BG_RAD_KAMEN_A/bg_rad_kamen_floor05b_n_lsj.png","Textures/BG_RAD_KAMEN_A/bg_rad_kamen_floor05b_s_lsj.png","",1,1,1,0,0,1.85,0.56,0
"BG_RAD_KAMEN_A","BG_RAD_KAMEN_A__bg_rad_kamen_floor05a_mi_lsj","Universal Render Pipeline/Lit","Textures/BG_RAD_KAMEN_A/bg_rad_kamen_floor05a_d_lsj.png","Textures/BG_RAD_KAMEN_A/bg_rad_kamen_floor05a_n_lsj.png","Textures/BG_RAD_KAMEN_A/bg_rad_kamen_floor05a_s_lsj.png","",1,1,1,0,0,1.85,0.56,0
"BG_RAD_KAMEN_A","BG_RAD_KAMEN_A__bg_rad_kamen_floor05b_mi_lsj","Universal Render Pipeline/Lit","Textures/BG_RAD_KAMEN_A/bg_rad_kamen_floor05b_d_lsj.png","Textures/BG_RAD_KAMEN_A/bg_rad_kamen_floor05b_n_lsj.png","Textures/BG_RAD_KAMEN_A/bg_rad_kamen_floor05b_s_lsj.png","",1,1,1,0,0,1.85,0.56,0
"BG_RAD_KAMEN_A","BG_RAD_KAMEN_A__bg_rad_kamen_pillar03a_mi","Universal Render Pipeline/Lit","","","","",0,0,0,0,0,1,0.42,1
"BG_RAD_KAMEN_A","BG_RAD_KAMEN_A__bg_rad_kamen_chair01c_mi","Universal Render Pipeline/Lit","Textures/BG_RAD_KAMEN_A/bg_rad_kamen_floor05e_d_jjh.png","Textures/BG_RAD_KAMEN_A/bg_rad_kamen_floor05e_n_jjh.png","Textures/BG_RAD_KAMEN_A/bg_rad_kamen_floor05e_s_jjh.png","",1,1,1,0,0,1.85,0.56,0
"BG_RAD_KAMEN_A","BG_RAD_KAMEN_A__bg_rad_kamen_floor05a_mi_lsj","Universal Render Pipeline/Lit","Textures/BG_RAD_KAMEN_A/bg_rad_kamen_floor05a_d_lsj.png","Textures/BG_RAD_KAMEN_A/bg_rad_kamen_floor05a_n_lsj.png","Textures/BG_RAD_KAMEN_A/bg_rad_kamen_floor05a_s_lsj.png","",1,1,1,0,0,1.85,0.56,0
"BG_RAD_KAMEN_A","BG_RAD_KAMEN_A__bg_rad_kamen_floor05b_mi_lsj","Universal Render Pipeline/Lit","Textures/BG_RAD_KAMEN_A/bg_rad_kamen_floor05b_d_lsj.png","Textures/BG_RAD_KAMEN_A/bg_rad_kamen_floor05b_n_lsj.png","Textures/BG_RAD_KAMEN_A/bg_rad_kamen_floor05b_s_lsj.png","",1,1,1,0,0,1.85,0.56,0
"BG_RAD_KAMEN_A","BG_RAD_KAMEN_A__bg_rad_kamen_pillar03a_mi","Universal Render Pipeline/Lit","","","","",0,0,0,0,0,1,0.42,1
"BG_RAD_KAMEN_A","BG_RAD_KAMEN_A__bg_rad_kamen_chair01c_mi","Universal Render Pipeline/Lit","Textures/BG_RAD_KAMEN_A/bg_rad_kamen_floor05e_d_jjh.png","Textures/BG_RAD_KAMEN_A/bg_rad_kamen_floor05e_n_jjh.png","Textures/BG_RAD_KAMEN_A/bg_rad_kamen_floor05e_s_jjh.png","",1,1,1,0,0,1.85,0.56,0
"BG_RAD_KAMEN_A","BG_RAD_KAMEN_A__bg_rad_kamen_floor05a_mi_lsj","Universal Render Pipeline/Lit","Textures/BG_RAD_KAMEN_A/bg_rad_kamen_floor05a_d_lsj.png","Textures/BG_RAD_KAMEN_A/bg_rad_kamen_floor05a_n_lsj.png","Textures/BG_RAD_KAMEN_A/bg_rad_kamen_floor05a_s_lsj.png","",1,1,1,0,0,1.85,0.56,0
"BG_RAD_KAMEN_A","BG_RAD_KAMEN_A__bg_rad_kamen_floor05b_mi_lsj","Universal Render Pipeline/Lit","Textures/BG_RAD_KAMEN_A/bg_rad_kamen_floor05b_d_lsj.png","Textures/BG_RAD_KAMEN_A/bg_rad_kamen_floor05b_n_lsj.png","Textures/BG_RAD_KAMEN_A/bg_rad_kamen_floor05b_s_lsj.png","",1,1,1,0,0,1.85,0.56,0
"BG_RAD_KAMEN_A","BG_RAD_KAMEN_A__bg_rad_kamen_pillar03a_mi","Universal Render Pipeline/Lit","","","","",0,0,0,0,0,1,0.42,1
"BG_RAD_KAMEN_A","BG_RAD_KAMEN_A__bg_rad_kamen_chair01c_mi","Universal Render Pipeline/Lit","Textures/BG_RAD_KAMEN_A/bg_rad_kamen_floor05e_d_jjh.png","Textures/BG_RAD_KAMEN_A/bg_rad_kamen_floor05e_n_jjh.png","Textures/BG_RAD_KAMEN_A/bg_rad_kamen_floor05e_s_jjh.png","",1,1,1,0,0,1.85,0.56,0
"BG_RAD_KAMEN_A","BG_RAD_KAMEN_A__bg_rad_kamen_floor05a_mi_lsj","Universal Render Pipeline/Lit","Textures/BG_RAD_KAMEN_A/bg_rad_kamen_floor05a_d_lsj.png","Textures/BG_RAD_KAMEN_A/bg_rad_kamen_floor05a_n_lsj.png","Textures/BG_RAD_KAMEN_A/bg_rad_kamen_floor05a_s_lsj.png","",1,1,1,0,0,1.85,0.56,0
"BG_RAD_KAMEN_A","BG_RAD_KAMEN_A__bg_rad_kamen_floor05b_mi_lsj","Universal Render Pipeline/Lit","Textures/BG_RAD_KAMEN_A/bg_rad_kamen_floor05b_d_lsj.png","Textures/BG_RAD_KAMEN_A/bg_rad_kamen_floor05b_n_lsj.png","Textures/BG_RAD_KAMEN_A/bg_rad_kamen_floor05b_s_lsj.png","",1,1,1,0,0,1.85,0.56,0
"BG_RAD_KAMEN_A","BG_RAD_KAMEN_A__bg_rad_kamen_pillar03a_mi","Universal Render Pipeline/Lit","","","","",0,0,0,0,0,1,0.42,1
"BG_RAD_KAMEN_A","BG_RAD_KAMEN_A__bg_rad_kamen_chair01c_mi","Universal Render Pipeline/Lit","Textures/BG_RAD_KAMEN_A/bg_rad_kamen_floor05e_d_jjh.png","Textures/BG_RAD_KAMEN_A/bg_rad_kamen_floor05e_n_jjh.png","Textures/BG_RAD_KAMEN_A/bg_rad_kamen_floor05e_s_jjh.png","",1,1,1,0,0,1.85,0.56,0
"BG_RAD_KAMEN_A","BG_RAD_KAMEN_A__bg_rad_kamen_floor06b_mi_psy","Universal Render Pipeline/Lit","Textures/BG_RAD_KAMEN_A/bg_rad_kamen_floor06b_d_psy.png","Textures/BG_RAD_KAMEN_A/bg_rad_kamen_floor06b_n_psy.png","","",1,1,0,0,0,1.85,0.42,1
"BG_RAD_KAMEN_A","BG_RAD_KAMEN_A__bg_rad_kamen_floor06b_mi_psy","Universal Render Pipeline/Lit","Textures/BG_RAD_KAMEN_A/bg_rad_kamen_floor06b_d_psy.png","Textures/BG_RAD_KAMEN_A/bg_rad_kamen_floor06b_n_psy.png","","",1,1,0,0,0,1.85,0.42,1
"BG_RAD_KAMEN_A","BG_RAD_KAMEN_A__bg_rad_kamen_floor06_mi_psy","Universal Render Pipeline/Lit","Textures/BG_RAD_KAMEN_A/bg_rad_kamen_floor06_da_psy.png","Textures/BG_RAD_KAMEN_A/bg_rad_kamen_floor06_n_psy.png","","",1,1,0,0,1,1.85,0.42,1
"BG_RAD_KAMEN_A","BG_RAD_KAMEN_A__bg_rad_kamen_floor06a_mi_psy","Universal Render Pipeline/Lit","Textures/BG_RAD_KAMEN_A/bg_rad_kamen_floor06a_da_psy.png","Textures/BG_RAD_KAMEN_A/bg_rad_kamen_floor06a_n_psy.png","","",1,1,0,0,1,1.85,0.42,1
"BG_RAD_KAMEN_A","BG_RAD_KAMEN_A__bg_rad_kamen_floor06b_mi_psy","Universal Render Pipeline/Lit","Textures/BG_RAD_KAMEN_A/bg_rad_kamen_floor06b_d_psy.png","Textures/BG_RAD_KAMEN_A/bg_rad_kamen_floor06b_n_psy.png","","",1,1,0,0,0,1.85,0.42,1
"BG_RAD_KAMEN_B","BG_RAD_KAMEN_B__bg_rad_kamen_deco01_mi_snark","Universal Render Pipeline/Lit","Textures/BG_RAD_KAMEN_B/bg_rad_kamen_deco01_d_snark.png","Textures/BG_RAD_KAMEN_B/bg_rad_kamen_deco01_n_snark.png","Textures/BG_RAD_KAMEN_B/bg_rad_kamen_deco01_s_snark.png","Textures/BG_RAD_KAMEN_B/bg_rad_kamen_deco01_em_snark.png",1,1,1,1,0,1.35,0.5,0
"BG_RAD_KAMEN_B","BG_RAD_KAMEN_B__bg_rad_kamen_deco01a_mi_snark","Universal Render Pipeline/Lit","Textures/BG_RAD_KAMEN_B/bg_rad_kamen_deco01a_d_snark.png","Textures/BG_RAD_KAMEN_B/bg_rad_kamen_deco01a_n_snark.png","Textures/BG_RAD_KAMEN_B/bg_rad_kamen_deco01a_s_snark.png","",1,1,1,0,0,1.35,0.5,0
"BG_RAD_KAMEN_B","BG_RAD_KAMEN_B__bg_rad_kamen_deco02_mi_kjs","Universal Render Pipeline/Lit","Textures/BG_RAD_KAMEN_B/bg_rad_kamen_deco02_d_kjs.png","Textures/BG_RAD_KAMEN_B/bg_rad_kamen_deco02_na_kjs.png","Textures/BG_RAD_KAMEN_B/bg_rad_kamen_deco02_s_kjs.png","",1,1,1,0,0,1.35,0.5,0
"BG_RAD_KAMEN_B","BG_RAD_KAMEN_B__bg_rad_kamen_deco02_mi_kjs","Universal Render Pipeline/Lit","Textures/BG_RAD_KAMEN_B/bg_rad_kamen_deco02_d_kjs.png","Textures/BG_RAD_KAMEN_B/bg_rad_kamen_deco02_na_kjs.png","Textures/BG_RAD_KAMEN_B/bg_rad_kamen_deco02_s_kjs.png","",1,1,1,0,0,1.35,0.5,0
"BG_RAD_KAMEN_B","BG_RAD_KAMEN_B__bg_rad_kamen_deco02_mi_kjs","Universal Render Pipeline/Lit","Textures/BG_RAD_KAMEN_B/bg_rad_kamen_deco02_d_kjs.png","Textures/BG_RAD_KAMEN_B/bg_rad_kamen_deco02_na_kjs.png","Textures/BG_RAD_KAMEN_B/bg_rad_kamen_deco02_s_kjs.png","",1,1,1,0,0,1.35,0.5,0
"BG_RAD_KAMEN_B","BG_RAD_KAMEN_B__bg_rad_kamen_deco03_mi","Universal Render Pipeline/Lit","","","","",0,0,0,0,0,1,0.42,1
"BG_RAD_KAMEN_B","BG_RAD_KAMEN_B__bg_rad_kamen_floor07_mi_ksr","Universal Render Pipeline/Lit","Textures/BG_RAD_KAMEN_B/bg_rad_kamen_floor07_d_ksr.png","Textures/BG_RAD_KAMEN_B/bg_rad_kamen_floor07_n_ksr.png","","",1,1,0,0,0,1.85,0.42,1
"BG_RAD_KAMEN_B","BG_RAD_KAMEN_B__bg_rad_kamen_floor07a_mi_ksr","Universal Render Pipeline/Lit","Textures/BG_RAD_KAMEN_B/bg_rad_kamen_floor07_d_ksr.png","Textures/BG_RAD_KAMEN_B/bg_rad_kamen_floor07_n_ksr.png","","",1,1,0,0,0,1.85,0.42,1
"BG_RAD_KAMEN_B","BG_RAD_KAMEN_B__bg_rad_kamen_floor07e_mi_ksr","Universal Render Pipeline/Lit","Textures/BG_RAD_KAMEN_B/bg_rad_kamen_floor07e_d_ksr.png","Textures/BG_RAD_KAMEN_B/bg_rad_kamen_floor07_n_ksr.png","","",1,1,0,0,0,1.85,0.42,1
"BG_RAD_KAMEN_B","BG_RAD_KAMEN_B__bg_rad_kamen_floor07c_mi_ksr","Universal Render Pipeline/Lit","Textures/BG_RAD_KAMEN_B/bg_rad_kamen_floor08c_da_ksr.png","Textures/BG_RAD_KAMEN_B/bg_rad_kamen_floor08c_n_ksr.png","","",1,1,0,0,1,1.85,0.42,1
"BG_RAD_KAMEN_B","BG_RAD_KAMEN_B__bg_rad_kamen_floor07d_mi_ksr","Universal Render Pipeline/Lit","Textures/BG_RAD_KAMEN_B/bg_rad_kamen_floor07a_d_ksr.png","Textures/BG_RAD_KAMEN_B/bg_rad_kamen_floor07a_n_ksr.png","","Textures/BG_RAD_KAMEN_B/bg_rad_kamen_floor07a_em_ksr.png",1,1,0,1,0,1.85,0.42,1
"BG_RAD_KAMEN_B","BG_RAD_KAMEN_B__bg_rad_kamen_floor07_mi_ksr","Universal Render Pipeline/Lit","Textures/BG_RAD_KAMEN_B/bg_rad_kamen_floor07_d_ksr.png","Textures/BG_RAD_KAMEN_B/bg_rad_kamen_floor07_n_ksr.png","","",1,1,0,0,0,1.85,0.42,1
"BG_RAD_KAMEN_B","BG_RAD_KAMEN_B__bg_rad_kamen_floor07a_mi_ksr","Universal Render Pipeline/Lit","Textures/BG_RAD_KAMEN_B/bg_rad_kamen_floor07_d_ksr.png","Textures/BG_RAD_KAMEN_B/bg_rad_kamen_floor07_n_ksr.png","","",1,1,0,0,0,1.85,0.42,1
"BG_RAD_KAMEN_B","BG_RAD_KAMEN_B__bg_rad_kamen_floor07b_mi_ksr","Universal Render Pipeline/Lit","Textures/BG_RAD_KAMEN_B/bg_rad_kamen_floor07_d_ksr.png","Textures/BG_RAD_KAMEN_B/bg_rad_kamen_floor07_n_ksr.png","","",1,1,0,0,0,1.85,0.42,1
"BG_RAD_KAMEN_B","BG_RAD_KAMEN_B__bg_atm_etc_bridge06a_mi","Universal Render Pipeline/Lit","","","","",0,0,0,0,0,1,0.42,1
"BG_RAD_KAMEN_B","BG_RAD_KAMEN_B__bg_rad_kamen_floor07_mi_ksr","Universal Render Pipeline/Lit","Textures/BG_RAD_KAMEN_B/bg_rad_kamen_floor07_d_ksr.png","Textures/BG_RAD_KAMEN_B/bg_rad_kamen_floor07_n_ksr.png","","",1,1,0,0,0,1.85,0.42,1
"BG_RAD_KAMEN_B","BG_RAD_KAMEN_B__bg_atm_etc_bridge06a_mi","Universal Render Pipeline/Lit","","","","",0,0,0,0,0,1,0.42,1
"BG_RAD_KAMEN_B","BG_RAD_KAMEN_B__bg_rad_kamen_floor07_mi_ksr","Universal Render Pipeline/Lit","Textures/BG_RAD_KAMEN_B/bg_rad_kamen_floor07_d_ksr.png","Textures/BG_RAD_KAMEN_B/bg_rad_kamen_floor07_n_ksr.png","","",1,1,0,0,0,1.85,0.42,1
"BG_RAD_KAMEN_B","BG_RAD_KAMEN_B__bg_atm_etc_bridge06a_mi","Universal Render Pipeline/Lit","","","","",0,0,0,0,0,1,0.42,1
"BG_RAD_KAMEN_B","BG_RAD_KAMEN_B__bg_rad_kamen_floor08_mi_ksr","Universal Render Pipeline/Lit","Textures/BG_RAD_KAMEN_B/bg_rad_kamen_floor08_da_ksr.png","Textures/BG_RAD_KAMEN_B/bg_rad_kamen_floor08_n_ksr.png","","Textures/BG_RAD_KAMEN_B/bg_rad_kamen_floor08_em_ksr.png",1,1,0,1,1,1.85,0.42,1
"BG_RAD_KAMEN_B","BG_RAD_KAMEN_B__bg_rad_kamen_floor08a_mi_ksr","Universal Render Pipeline/Lit","Textures/BG_RAD_KAMEN_B/bg_rad_kamen_floor08a_da_ksr.png","Textures/BG_RAD_KAMEN_B/bg_rad_kamen_floor08a_n_ksr.png","","Textures/BG_RAD_KAMEN_B/bg_rad_kamen_floor08a_em_ksr.png",1,1,0,1,1,1.85,0.42,1
"BG_RAD_KAMEN_B","BG_RAD_KAMEN_B__bg_rad_kamen_floor08c_mi_ksr","Universal Render Pipeline/Lit","Textures/BG_RAD_KAMEN_B/bg_rad_kamen_floor08b_da_ksr.png","Textures/BG_RAD_KAMEN_B/bg_rad_kamen_floor08b_n_ksr.png","","Textures/BG_RAD_KAMEN_B/bg_rad_kamen_floor08b_em_ksr.png",1,1,0,1,1,1.85,0.42,1
"BG_RAD_KAMEN_B","BG_RAD_KAMEN_B__bg_rad_kamen_floor08d_mi_ksr","Universal Render Pipeline/Lit","Textures/BG_RAD_KAMEN_B/bg_rad_kamen_floor08c_da_ksr.png","Textures/BG_RAD_KAMEN_B/bg_rad_kamen_floor08c_n_ksr.png","","",1,1,0,0,1,1.85,0.42,1
"BG_RAD_KAMEN_B","BG_RAD_KAMEN_B__bg_rad_kamen_floor08d_mi_ksr","Universal Render Pipeline/Lit","Textures/BG_RAD_KAMEN_B/bg_rad_kamen_floor08c_da_ksr.png","Textures/BG_RAD_KAMEN_B/bg_rad_kamen_floor08c_n_ksr.png","","",1,1,0,0,1,1.85,0.42,1
"BG_RAD_KAMEN_B","BG_RAD_KAMEN_B__bg_rad_kamen_floor08_mi_ksr","Universal Render Pipeline/Lit","Textures/BG_RAD_KAMEN_B/bg_rad_kamen_floor08_da_ksr.png","Textures/BG_RAD_KAMEN_B/bg_rad_kamen_floor08_n_ksr.png","","Textures/BG_RAD_KAMEN_B/bg_rad_kamen_floor08_em_ksr.png",1,1,0,1,1,1.85,0.42,1
"BG_RAD_KAMEN_B","BG_RAD_KAMEN_B__bg_rad_kamen_floor08a_mi_ksr","Universal Render Pipeline/Lit","Textures/BG_RAD_KAMEN_B/bg_rad_kamen_floor08a_da_ksr.png","Textures/BG_RAD_KAMEN_B/bg_rad_kamen_floor08a_n_ksr.png","","Textures/BG_RAD_KAMEN_B/bg_rad_kamen_floor08a_em_ksr.png",1,1,0,1,1,1.85,0.42,1
"BG_RAD_KAMEN_B","BG_RAD_KAMEN_B__bg_rad_kamen_floor08c_mi_ksr","Universal Render Pipeline/Lit","Textures/BG_RAD_KAMEN_B/bg_rad_kamen_floor08b_da_ksr.png","Textures/BG_RAD_KAMEN_B/bg_rad_kamen_floor08b_n_ksr.png","","Textures/BG_RAD_KAMEN_B/bg_rad_kamen_floor08b_em_ksr.png",1,1,0,1,1,1.85,0.42,1
"BG_RAD_KAMEN_B","BG_RAD_KAMEN_B__bg_rad_kamen_floor08_mi_ksr","Universal Render Pipeline/Lit","Textures/BG_RAD_KAMEN_B/bg_rad_kamen_floor08_da_ksr.png","Textures/BG_RAD_KAMEN_B/bg_rad_kamen_floor08_n_ksr.png","","Textures/BG_RAD_KAMEN_B/bg_rad_kamen_floor08_em_ksr.png",1,1,0,1,1,1.85,0.42,1
"BG_RAD_KAMEN_B","BG_RAD_KAMEN_B__bg_rad_kamen_floor08a_mi_ksr","Universal Render Pipeline/Lit","Textures/BG_RAD_KAMEN_B/bg_rad_kamen_floor08a_da_ksr.png","Textures/BG_RAD_KAMEN_B/bg_rad_kamen_floor08a_n_ksr.png","","Textures/BG_RAD_KAMEN_B/bg_rad_kamen_floor08a_em_ksr.png",1,1,0,1,1,1.85,0.42,1
"BG_RAD_KAMEN_B","BG_RAD_KAMEN_B__bg_rad_kamen_floor08c_mi_ksr","Universal Render Pipeline/Lit","Textures/BG_RAD_KAMEN_B/bg_rad_kamen_floor08b_da_ksr.png","Textures/BG_RAD_KAMEN_B/bg_rad_kamen_floor08b_n_ksr.png","","Textures/BG_RAD_KAMEN_B/bg_rad_kamen_floor08b_em_ksr.png",1,1,0,1,1,1.85,0.42,1
"BG_RAD_KAMEN_B","BG_RAD_KAMEN_B__bg_rad_kamen_floor08_mi_ksr","Universal Render Pipeline/Lit","Textures/BG_RAD_KAMEN_B/bg_rad_kamen_floor08_da_ksr.png","Textures/BG_RAD_KAMEN_B/bg_rad_kamen_floor08_n_ksr.png","","Textures/BG_RAD_KAMEN_B/bg_rad_kamen_floor08_em_ksr.png",1,1,0,1,1,1.85,0.42,1
"BG_RAD_KAMEN_B","BG_RAD_KAMEN_B__bg_rad_kamen_floor08a_mi_ksr","Universal Render Pipeline/Lit","Textures/BG_RAD_KAMEN_B/bg_rad_kamen_floor08a_da_ksr.png","Textures/BG_RAD_KAMEN_B/bg_rad_kamen_floor08a_n_ksr.png","","Textures/BG_RAD_KAMEN_B/bg_rad_kamen_floor08a_em_ksr.png",1,1,0,1,1,1.85,0.42,1
"BG_RAD_KAMEN_B","BG_RAD_KAMEN_B__bg_rad_kamen_floor08a_mi_ksr","Universal Render Pipeline/Lit","Textures/BG_RAD_KAMEN_B/bg_rad_kamen_floor08a_da_ksr.png","Textures/BG_RAD_KAMEN_B/bg_rad_kamen_floor08a_n_ksr.png","","Textures/BG_RAD_KAMEN_B/bg_rad_kamen_floor08a_em_ksr.png",1,1,0,1,1,1.85,0.42,1
"BG_RAD_KAMEN_B","BG_RAD_KAMEN_B__bg_rad_kamen_floor08a_mi_ksr","Universal Render Pipeline/Lit","Textures/BG_RAD_KAMEN_B/bg_rad_kamen_floor08a_da_ksr.png","Textures/BG_RAD_KAMEN_B/bg_rad_kamen_floor08a_n_ksr.png","","Textures/BG_RAD_KAMEN_B/bg_rad_kamen_floor08a_em_ksr.png",1,1,0,1,1,1.85,0.42,1
"BG_RAD_KAMEN_B","BG_RAD_KAMEN_B__bg_rad_kamen_floor08a_mi_ksr","Universal Render Pipeline/Lit","Textures/BG_RAD_KAMEN_B/bg_rad_kamen_floor08a_da_ksr.png","Textures/BG_RAD_KAMEN_B/bg_rad_kamen_floor08a_n_ksr.png","","Textures/BG_RAD_KAMEN_B/bg_rad_kamen_floor08a_em_ksr.png",1,1,0,1,1,1.85,0.42,1
"BG_RAD_KAMEN_B","BG_RAD_KAMEN_B__bg_rad_kamen_floor09_mi_cjy","Universal Render Pipeline/Lit","Textures/BG_RAD_KAMEN_B/bg_rad_kamen_floor09_d_cjy.png","Textures/BG_RAD_KAMEN_B/bg_rad_kamen_floor09_n_cjy.png","Textures/BG_RAD_KAMEN_B/bg_rad_kamen_floor09_s_cjy.png","",1,1,1,0,0,1.85,0.56,0
"BG_RAD_KAMEN_B","BG_RAD_KAMEN_B__bg_rad_kamen_floor10_mi_pcs","Universal Render Pipeline/Lit","Textures/BG_RAD_KAMEN_B/bg_rad_kamen_floor10_d_pcs.png","Textures/BG_RAD_KAMEN_B/bg_rad_kamen_floor10_n_pcs.png","Textures/BG_RAD_KAMEN_B/bg_rad_kamen_floor10_s_pcs.png","",1,1,1,0,0,1.85,0.56,0
"BG_RAD_KAMEN_B","BG_RAD_KAMEN_B__bg_rad_kamen_pillar07_mi_hht","Universal Render Pipeline/Lit","Textures/BG_RAD_KAMEN_B/bg_rad_kamen_pillar07_d_hht.png","Textures/BG_RAD_KAMEN_B/bg_rad_kamen_pillar07_n_hht.png","Textures/BG_RAD_KAMEN_B/bg_rad_kamen_pillar07_s_hht.png","",1,1,1,0,0,1.55,0.5,0
"BG_RAD_KAMEN_B","BG_RAD_KAMEN_B__bg_rad_kamen_pillar07a_mi_hht","Universal Render Pipeline/Lit","Textures/BG_RAD_KAMEN_B/bg_rad_kamen_pillar07a_d_hht.png","Textures/BG_RAD_KAMEN_B/bg_rad_kamen_pillar07a_n_hht.png","Textures/BG_RAD_KAMEN_B/bg_rad_kamen_pillar07a_s_hht.png","",1,1,1,0,0,1.55,0.5,0
"BG_RAD_KAMEN_B","BG_RAD_KAMEN_B__bg_rad_kamen_pillar07_mi_hht","Universal Render Pipeline/Lit","Textures/BG_RAD_KAMEN_B/bg_rad_kamen_pillar07_d_hht.png","Textures/BG_RAD_KAMEN_B/bg_rad_kamen_pillar07_n_hht.png","Textures/BG_RAD_KAMEN_B/bg_rad_kamen_pillar07_s_hht.png","",1,1,1,0,0,1.55,0.5,0
"BG_RAD_KAMEN_B","BG_RAD_KAMEN_B__bg_rad_kamen_pillar07a_mi_hht","Universal Render Pipeline/Lit","Textures/BG_RAD_KAMEN_B/bg_rad_kamen_pillar07a_d_hht.png","Textures/BG_RAD_KAMEN_B/bg_rad_kamen_pillar07a_n_hht.png","Textures/BG_RAD_KAMEN_B/bg_rad_kamen_pillar07a_s_hht.png","",1,1,1,0,0,1.55,0.5,0
"BG_RAD_KAMEN_B","BG_RAD_KAMEN_B__bg_rad_kamen_pillar07_mi_hht","Universal Render Pipeline/Lit","Textures/BG_RAD_KAMEN_B/bg_rad_kamen_pillar07_d_hht.png","Textures/BG_RAD_KAMEN_B/bg_rad_kamen_pillar07_n_hht.png","Textures/BG_RAD_KAMEN_B/bg_rad_kamen_pillar07_s_hht.png","",1,1,1,0,0,1.55,0.5,0
"BG_RAD_KAMEN_B","BG_RAD_KAMEN_B__bg_rad_kamen_pillar07a_mi_hht","Universal Render Pipeline/Lit","Textures/BG_RAD_KAMEN_B/bg_rad_kamen_pillar07a_d_hht.png","Textures/BG_RAD_KAMEN_B/bg_rad_kamen_pillar07a_n_hht.png","Textures/BG_RAD_KAMEN_B/bg_rad_kamen_pillar07a_s_hht.png","",1,1,1,0,0,1.55,0.5,0
"BG_RAD_KAMEN_B","BG_RAD_KAMEN_B__bg_rad_kamen_pillar07a_mi_hht","Universal Render Pipeline/Lit","Textures/BG_RAD_KAMEN_B/bg_rad_kamen_pillar07a_d_hht.png","Textures/BG_RAD_KAMEN_B/bg_rad_kamen_pillar07a_n_hht.png","Textures/BG_RAD_KAMEN_B/bg_rad_kamen_pillar07a_s_hht.png","",1,1,1,0,0,1.55,0.5,0
"BG_RAD_KAMEN_B","BG_RAD_KAMEN_B__bg_rad_kamen_pillar08_mi_alchemy","Universal Render Pipeline/Lit","Textures/BG_RAD_KAMEN_B/bg_rad_kamen_pillar08_d_alchemy.png","Textures/BG_RAD_KAMEN_B/bg_rad_kamen_pillar08_n_alchemy.png","Textures/BG_RAD_KAMEN_B/bg_rad_kamen_pillar08_s_alchemy.png","",1,1,1,0,0,1.55,0.5,0
"BG_RAD_KAMEN_B","BG_RAD_KAMEN_B__bg_rad_kamen_pillar08a_mi_alchemy","Universal Render Pipeline/Lit","Textures/BG_RAD_KAMEN_B/bg_rad_kamen_pillar08a_d_alchemy.png","Textures/BG_RAD_KAMEN_B/bg_rad_kamen_pillar08a_n_alchemy.png","Textures/BG_RAD_KAMEN_B/bg_rad_kamen_pillar08a_s_alchemy.png","",1,1,1,0,0,1.55,0.5,0
"BG_RAD_KAMEN_B","BG_RAD_KAMEN_B__bg_rad_kamen_pillar08_mi_alchemy","Universal Render Pipeline/Lit","Textures/BG_RAD_KAMEN_B/bg_rad_kamen_pillar08_d_alchemy.png","Textures/BG_RAD_KAMEN_B/bg_rad_kamen_pillar08_n_alchemy.png","Textures/BG_RAD_KAMEN_B/bg_rad_kamen_pillar08_s_alchemy.png","",1,1,1,0,0,1.55,0.5,0
"BG_RAD_KAMEN_B","BG_RAD_KAMEN_B__bg_rad_kamen_pillar09_mi_hhk","Universal Render Pipeline/Lit","Textures/BG_RAD_KAMEN_B/bg_rad_kamen_pillar09_d_hhk.png","Textures/BG_RAD_KAMEN_B/bg_rad_kamen_pillar09_n_hhk.png","Textures/BG_RAD_KAMEN_B/bg_rad_kamen_pillar09_s_hhk.png","",1,1,1,0,0,1.55,0.5,0
"BG_RAD_KAMEN_B","BG_RAD_KAMEN_B__bg_rad_kamen_pillar09a_mi_hhk","Universal Render Pipeline/Lit","Textures/BG_RAD_KAMEN_B/bg_rad_kamen_pillar09a_d_hhk.png","Textures/BG_RAD_KAMEN_B/bg_rad_kamen_pillar09a_n_hhk.png","Textures/BG_RAD_KAMEN_B/bg_rad_kamen_pillar09a_s_hhk.png","",1,1,1,0,0,1.55,0.5,0
"BG_RAD_KAMEN_B","BG_RAD_KAMEN_B__bg_rad_kamen_pillar09a_mi_hhk","Universal Render Pipeline/Lit","Textures/BG_RAD_KAMEN_B/bg_rad_kamen_pillar09a_d_hhk.png","Textures/BG_RAD_KAMEN_B/bg_rad_kamen_pillar09a_n_hhk.png","Textures/BG_RAD_KAMEN_B/bg_rad_kamen_pillar09a_s_hhk.png","",1,1,1,0,0,1.55,0.5,0
"BG_RAD_KAMEN_B","BG_RAD_KAMEN_B__bg_common_crackrock01b_mi_ksr","Universal Render Pipeline/Lit","","","","",0,0,0,0,0,1,0.32,1
"BG_RAD_KAMEN_B","BG_RAD_KAMEN_B__bg_rad_kamen_pillar09_mi_hhk","Universal Render Pipeline/Lit","Textures/BG_RAD_KAMEN_B/bg_rad_kamen_pillar09_d_hhk.png","Textures/BG_RAD_KAMEN_B/bg_rad_kamen_pillar09_n_hhk.png","Textures/BG_RAD_KAMEN_B/bg_rad_kamen_pillar09_s_hhk.png","",1,1,1,0,0,1.55,0.5,0
"BG_RAD_KAMEN_B","BG_RAD_KAMEN_B__bg_rad_kamen_pillar09a_mi_hhk","Universal Render Pipeline/Lit","Textures/BG_RAD_KAMEN_B/bg_rad_kamen_pillar09a_d_hhk.png","Textures/BG_RAD_KAMEN_B/bg_rad_kamen_pillar09a_n_hhk.png","Textures/BG_RAD_KAMEN_B/bg_rad_kamen_pillar09a_s_hhk.png","",1,1,1,0,0,1.55,0.5,0
"BG_RAD_KAMEN_B","BG_RAD_KAMEN_B__bg_rad_kamen_wall01_mi_alchemy","Universal Render Pipeline/Lit","Textures/BG_RAD_KAMEN_B/bg_rad_kamen_wall01_d_alchemy.png","Textures/BG_RAD_KAMEN_B/bg_rad_kamen_wall01_n_alchemy.png","Textures/BG_RAD_KAMEN_B/bg_rad_kamen_wall01_s_alchemy.png","",1,1,1,0,0,1.55,0.56,0
"BG_RAD_KAMEN_B","BG_RAD_KAMEN_B__bg_rad_kamen_wall01a_mi_alchemy","Universal Render Pipeline/Lit","Textures/BG_RAD_KAMEN_B/bg_rad_kamen_wall01a_d_alchemy.png","Textures/BG_RAD_KAMEN_B/bg_rad_kamen_wall01a_n_alchemy.png","Textures/BG_RAD_KAMEN_B/bg_rad_kamen_wall01a_s_alchemy.png","",1,1,1,0,0,1.55,0.56,0
"BG_RAD_KAMEN_C","BG_RAD_KAMEN_C__bg_rad_kamen_floor11_mi_lsj","Universal Render Pipeline/Lit","Textures/BG_RAD_KAMEN_C/bg_rad_kamen_floor11_d_lsj.png","Textures/BG_RAD_KAMEN_C/bg_rad_kamen_floor11_n_lsj.png","Textures/BG_RAD_KAMEN_C/bg_rad_kamen_floor11_s_lsj.png","",1,1,1,0,0,1.85,0.56,0
"BG_RAD_KAMEN_C","BG_RAD_KAMEN_C__bg_rad_kamen_floor11_mi_lsj","Universal Render Pipeline/Lit","Textures/BG_RAD_KAMEN_C/bg_rad_kamen_floor11_d_lsj.png","Textures/BG_RAD_KAMEN_C/bg_rad_kamen_floor11_n_lsj.png","Textures/BG_RAD_KAMEN_C/bg_rad_kamen_floor11_s_lsj.png","",1,1,1,0,0,1.85,0.56,0
"BG_RAD_KAMEN_C","BG_RAD_KAMEN_C__bg_rad_kamen_floor12_mi_ksr","Universal Render Pipeline/Lit","Textures/BG_RAD_KAMEN_C/bg_rad_kamen_floor12_d_ksr.png","Textures/BG_RAD_KAMEN_C/bg_rad_kamen_floor12_n_ksr.png","","",1,1,0,0,0,1.85,0.42,1
"BG_RAD_KAMEN_C","BG_RAD_KAMEN_C__bg_rad_kamen_floor12a_mi_ksr","Universal Render Pipeline/Lit","Textures/BG_RAD_KAMEN_C/bg_rad_kamen_floor12a_d_ksr.png","Textures/BG_RAD_KAMEN_C/bg_rad_kamen_floor12a_n_ksr.png","","",1,1,0,0,0,1.85,0.42,1
"BG_RAD_KAMEN_C","BG_RAD_KAMEN_C__bg_rad_kamen_floor12b_mi_ksr","Universal Render Pipeline/Lit","","","","",0,0,0,0,0,1,0.42,1
"BG_RAD_KAMEN_C","BG_RAD_KAMEN_C__bg_rad_kamen_floor12_mi_ksr","Universal Render Pipeline/Lit","Textures/BG_RAD_KAMEN_C/bg_rad_kamen_floor12_d_ksr.png","Textures/BG_RAD_KAMEN_C/bg_rad_kamen_floor12_n_ksr.png","","",1,1,0,0,0,1.85,0.42,1
"BG_RAD_KAMEN_C","BG_RAD_KAMEN_C__bg_rad_kamen_floor12a_mi_ksr","Universal Render Pipeline/Lit","Textures/BG_RAD_KAMEN_C/bg_rad_kamen_floor12a_d_ksr.png","Textures/BG_RAD_KAMEN_C/bg_rad_kamen_floor12a_n_ksr.png","","",1,1,0,0,0,1.85,0.42,1
"BG_RAD_KAMEN_C","BG_RAD_KAMEN_C__bg_rad_kamen_pillar01_mi_cjy","Universal Render Pipeline/Lit","Textures/BG_RAD_KAMEN_C/bg_rad_kamen_pillar01_d_cjy.png","Textures/BG_RAD_KAMEN_C/bg_rad_kamen_pillar01_n_cjy.png","Textures/BG_RAD_KAMEN_C/bg_rad_kamen_pillar01_s_cjy.png","",1,1,1,0,0,1.55,0.5,0
"BG_RAD_KAMEN_C","BG_RAD_KAMEN_C__bg_rad_kamen_pillar01_mi_cjy","Universal Render Pipeline/Lit","Textures/BG_RAD_KAMEN_C/bg_rad_kamen_pillar01_d_cjy.png","Textures/BG_RAD_KAMEN_C/bg_rad_kamen_pillar01_n_cjy.png","Textures/BG_RAD_KAMEN_C/bg_rad_kamen_pillar01_s_cjy.png","",1,1,1,0,0,1.55,0.5,0
"BG_RAD_KAMEN_C","BG_RAD_KAMEN_C__bg_rad_kamen_pillar02_mi_hhk","Universal Render Pipeline/Lit","Textures/BG_RAD_KAMEN_C/bg_rad_kamen_pillar02_d_hhk.png","Textures/BG_RAD_KAMEN_C/bg_rad_kamen_pillar02_n_hhk.png","Textures/BG_RAD_KAMEN_C/bg_rad_kamen_pillar02_s_hhk.png","",1,1,1,0,0,1.55,0.5,0
"BG_RAD_KAMEN_C","BG_RAD_KAMEN_C__bg_rad_kamen_pillar02_mi_hhk","Universal Render Pipeline/Lit","Textures/BG_RAD_KAMEN_C/bg_rad_kamen_pillar02_d_hhk.png","Textures/BG_RAD_KAMEN_C/bg_rad_kamen_pillar02_n_hhk.png","Textures/BG_RAD_KAMEN_C/bg_rad_kamen_pillar02_s_hhk.png","",1,1,1,0,0,1.55,0.5,0
"BG_RAD_KAMEN_C","BG_RAD_KAMEN_C__bg_common_crackrock01a_mi_ksr","Universal Render Pipeline/Lit","","","","",0,0,0,0,0,1,0.32,1
"BG_RAD_KAMEN_C","BG_RAD_KAMEN_C__bg_rad_kamen_pillar02_mi_hhk","Universal Render Pipeline/Lit","Textures/BG_RAD_KAMEN_C/bg_rad_kamen_pillar02_d_hhk.png","Textures/BG_RAD_KAMEN_C/bg_rad_kamen_pillar02_n_hhk.png","Textures/BG_RAD_KAMEN_C/bg_rad_kamen_pillar02_s_hhk.png","",1,1,1,0,0,1.55,0.5,0
"BG_RAD_KAMEN_C","BG_RAD_KAMEN_C__bg_rad_kamen_pillar03_mi_csw","Universal Render Pipeline/Lit","Textures/BG_RAD_KAMEN_C/bg_rad_kamen_pillar03_d_csw.png","Textures/BG_RAD_KAMEN_C/bg_rad_kamen_pillar03_n_csw.png","Textures/BG_RAD_KAMEN_C/bg_rad_kamen_pillar03_s_csw.png","",1,1,1,0,0,1.55,0.5,0
"BG_RAD_KAMEN_C","BG_RAD_KAMEN_C__bg_rad_kamen_pillar03a_mi","Universal Render Pipeline/Lit","Textures/BG_RAD_KAMEN_C/bg_rad_kamen_pillar03_d_csw.png","Textures/BG_RAD_KAMEN_C/bg_rad_kamen_pillar03_n_csw.png","Textures/BG_RAD_KAMEN_C/bg_rad_kamen_pillar03_s_csw.png","",1,1,1,0,0,1.55,0.5,0
"BG_RAD_KAMEN_C","BG_RAD_KAMEN_C__bg_common_crackrock01a_mi_ksr","Universal Render Pipeline/Lit","","","","",0,0,0,0,0,1,0.32,1
"BG_RAD_KAMEN_C","BG_RAD_KAMEN_C__bg_rad_kamen_pillar03_mi_csw","Universal Render Pipeline/Lit","Textures/BG_RAD_KAMEN_C/bg_rad_kamen_pillar03_d_csw.png","Textures/BG_RAD_KAMEN_C/bg_rad_kamen_pillar03_n_csw.png","Textures/BG_RAD_KAMEN_C/bg_rad_kamen_pillar03_s_csw.png","",1,1,1,0,0,1.55,0.5,0
"BG_RAD_KAMEN_C","BG_RAD_KAMEN_C__bg_common_crackrock01a_mi_ksr","Universal Render Pipeline/Lit","","","","",0,0,0,0,0,1,0.32,1
"BG_RAD_KAMEN_C","BG_RAD_KAMEN_C__bg_rad_kamen_pillar04_mi_kjs","Universal Render Pipeline/Lit","Textures/BG_RAD_KAMEN_C/bg_rad_kamen_pillar04_d_kjs.png","Textures/BG_RAD_KAMEN_C/bg_rad_kamen_pillar04_n_kjs.png","Textures/BG_RAD_KAMEN_C/bg_rad_kamen_pillar04_s_kjs.png","",1,1,1,0,0,1.55,0.5,0
"BG_RAD_KAMEN_C","BG_RAD_KAMEN_C__bg_rad_kamen_pillar05_mi_cwk","Universal Render Pipeline/Lit","Textures/BG_RAD_KAMEN_C/bg_rad_kamen_pillar05_d_cwk.png","Textures/BG_RAD_KAMEN_C/bg_rad_kamen_pillar05_n_cwk.png","Textures/BG_RAD_KAMEN_C/bg_rad_kamen_pillar05_s_cwk.png","",1,1,1,0,0,1.55,0.5,0
"BG_RAD_KAMEN_C","BG_RAD_KAMEN_C__bg_rad_kamen_pillar05a_mi_cwk","Universal Render Pipeline/Lit","Textures/BG_RAD_KAMEN_C/bg_rad_kamen_pillar05a_d_cwk.png","Textures/BG_RAD_KAMEN_C/bg_rad_kamen_pillar05a_n_cwk.png","Textures/BG_RAD_KAMEN_C/bg_rad_kamen_pillar05a_s_cwk.png","",1,1,1,0,0,1.55,0.5,0
"BG_RAD_KAMEN_C","BG_RAD_KAMEN_C__bg_rad_kamen_pillar06_mi_cjy","Universal Render Pipeline/Lit","Textures/BG_RAD_KAMEN_C/bg_rad_kamen_pillar06_d_cjy.png","Textures/BG_RAD_KAMEN_C/bg_rad_kamen_pillar06_n_cjy.png","Textures/BG_RAD_KAMEN_C/bg_rad_kamen_pillar06_s_cjy.png","",1,1,1,0,0,1.55,0.5,0
"BG_RAD_KAMEN_C","BG_RAD_KAMEN_C__bg_rad_kamen_pillar06_mi_cjy","Universal Render Pipeline/Lit","Textures/BG_RAD_KAMEN_C/bg_rad_kamen_pillar06_d_cjy.png","Textures/BG_RAD_KAMEN_C/bg_rad_kamen_pillar06_n_cjy.png","Textures/BG_RAD_KAMEN_C/bg_rad_kamen_pillar06_s_cjy.png","",1,1,1,0,0,1.55,0.5,0
"BG_RAD_KAMEN_C","BG_RAD_KAMEN_C__bg_rad_kamen_pillar10_mi_alchemy","Universal Render Pipeline/Lit","Textures/BG_RAD_KAMEN_C/bg_rad_kamen_pillar10_d_alchemy.png","Textures/BG_RAD_KAMEN_C/bg_rad_kamen_pillar10_n_alchemy.png","Textures/BG_RAD_KAMEN_C/bg_rad_kamen_pillar10_s_alchemy.png","",1,1,1,0,0,1.55,0.5,0
"BG_RAD_KAMEN_C","BG_RAD_KAMEN_C__bg_rad_kamen_pillar10a_mi_alchemy","Universal Render Pipeline/Lit","Textures/BG_RAD_KAMEN_C/bg_rad_kamen_pillar10a_d_alchemy.png","Textures/BG_RAD_KAMEN_C/bg_rad_kamen_pillar10a_n_alchemy.png","Textures/BG_RAD_KAMEN_C/bg_rad_kamen_pillar10a_s_alchemy.png","",1,1,1,0,0,1.55,0.5,0
"BG_RAD_KAMEN_C","BG_RAD_KAMEN_C__bg_rad_kamen_pillar01_mi_cjy","Universal Render Pipeline/Lit","Textures/BG_RAD_KAMEN_C/bg_rad_kamen_pillar01_d_cjy.png","Textures/BG_RAD_KAMEN_C/bg_rad_kamen_pillar01_n_cjy.png","Textures/BG_RAD_KAMEN_C/bg_rad_kamen_pillar01_s_cjy.png","",1,1,1,0,0,1.55,0.5,0
"BG_RAD_KAMEN_C","BG_RAD_KAMEN_C__bg_rad_kamen_pillar11_mi_alchemy","Universal Render Pipeline/Lit","Textures/BG_RAD_KAMEN_C/bg_rad_kamen_pillar11_d_alchemy.png","Textures/BG_RAD_KAMEN_C/bg_rad_kamen_pillar11_n_alchemy.png","Textures/BG_RAD_KAMEN_C/bg_rad_kamen_pillar11_s_alchemy.png","",1,1,1,0,0,1.55,0.5,0
"BG_RAD_KAMEN_D","BG_RAD_KAMEN_D__bg_rad_kamen_housedome01_mi_hhk","Universal Render Pipeline/Lit","Textures/BG_RAD_KAMEN_D/bg_rad_kamen_housedome01_d_hhk.png","Textures/BG_RAD_KAMEN_D/bg_rad_kamen_housedome01_na_hhk.png","Textures/BG_RAD_KAMEN_D/bg_rad_kamen_housedome01_s_hhk.png","",1,1,1,0,0,1.35,0.5,0
"BG_RAD_KAMEN_D","BG_RAD_KAMEN_D__bg_rad_kamen_housedome01_mi_hhk","Universal Render Pipeline/Lit","Textures/BG_RAD_KAMEN_D/bg_rad_kamen_housedome01_d_hhk.png","Textures/BG_RAD_KAMEN_D/bg_rad_kamen_housedome01_na_hhk.png","Textures/BG_RAD_KAMEN_D/bg_rad_kamen_housedome01_s_hhk.png","",1,1,1,0,0,1.35,0.5,0
"BG_RAD_KAMEN_D","BG_RAD_KAMEN_D__bg_rad_kamen_gate01_mi_jjh","Universal Render Pipeline/Lit","Textures/BG_RAD_KAMEN_D/bg_rad_kamen_gate01_d_jjh.png","Textures/BG_RAD_KAMEN_D/bg_rad_kamen_gate01_n_jjh.png","Textures/BG_RAD_KAMEN_D/bg_rad_kamen_gate01_s_jjh.png","",1,1,1,0,0,1.55,0.72,0
"BG_RAD_KAMEN_D","BG_RAD_KAMEN_D__bg_rad_kamen_gate01a_mi_jjh","Universal Render Pipeline/Lit","Textures/BG_RAD_KAMEN_D/bg_rad_kamen_gate01a_d_jjh.png","Textures/BG_RAD_KAMEN_D/bg_rad_kamen_gate01a_n_jjh.png","Textures/BG_RAD_KAMEN_D/bg_rad_kamen_gate01a_s_jjh.png","",1,1,1,0,0,1.55,0.72,0
"BG_RAD_KAMEN_D","BG_RAD_KAMEN_D__bg_rad_kamen_housedome01c_mi_hhk","Universal Render Pipeline/Lit","Textures/BG_RAD_KAMEN_D/bg_rad_kamen_housedome01c_da_hhk.png","Textures/BG_RAD_KAMEN_D/bg_rad_kamen_housedome01c_na_hhk.png","Textures/BG_RAD_KAMEN_D/bg_rad_kamen_housedome01c_s_hhk.png","",1,1,1,0,1,1.35,0.5,0
"BG_RAD_KAMEN_D","BG_RAD_KAMEN_D__bg_rad_kamen_housedome01c_mi_hhk","Universal Render Pipeline/Lit","Textures/BG_RAD_KAMEN_D/bg_rad_kamen_housedome01c_da_hhk.png","Textures/BG_RAD_KAMEN_D/bg_rad_kamen_housedome01c_na_hhk.png","Textures/BG_RAD_KAMEN_D/bg_rad_kamen_housedome01c_s_hhk.png","",1,1,1,0,1,1.35,0.5,0
"BG_RAD_KAMEN_D","BG_RAD_KAMEN_D__bg_rad_kamen_housedome01c_mi_hhk","Universal Render Pipeline/Lit","Textures/BG_RAD_KAMEN_D/bg_rad_kamen_housedome01c_da_hhk.png","Textures/BG_RAD_KAMEN_D/bg_rad_kamen_housedome01c_na_hhk.png","Textures/BG_RAD_KAMEN_D/bg_rad_kamen_housedome01c_s_hhk.png","",1,1,1,0,1,1.35,0.5,0
"BG_RAD_KAMEN_D","BG_RAD_KAMEN_D__bg_rad_kamen_gate01_mi_jjh","Universal Render Pipeline/Lit","Textures/BG_RAD_KAMEN_D/bg_rad_kamen_gate01_d_jjh.png","Textures/BG_RAD_KAMEN_D/bg_rad_kamen_gate01_n_jjh.png","Textures/BG_RAD_KAMEN_D/bg_rad_kamen_gate01_s_jjh.png","",1,1,1,0,0,1.55,0.72,0
"BG_RAD_KAMEN_D","BG_RAD_KAMEN_D__bg_rad_kamen_gate01a_mi_jjh","Universal Render Pipeline/Lit","Textures/BG_RAD_KAMEN_D/bg_rad_kamen_gate01a_d_jjh.png","Textures/BG_RAD_KAMEN_D/bg_rad_kamen_gate01a_n_jjh.png","Textures/BG_RAD_KAMEN_D/bg_rad_kamen_gate01a_s_jjh.png","",1,1,1,0,0,1.55,0.72,0
"BG_RAD_KAMEN_D","BG_RAD_KAMEN_D__bg_rad_kamen_gate01_mi_jjh","Universal Render Pipeline/Lit","Textures/BG_RAD_KAMEN_D/bg_rad_kamen_gate01_d_jjh.png","Textures/BG_RAD_KAMEN_D/bg_rad_kamen_gate01_n_jjh.png","Textures/BG_RAD_KAMEN_D/bg_rad_kamen_gate01_s_jjh.png","",1,1,1,0,0,1.55,0.72,0
"BG_RAD_KAMEN_D","BG_RAD_KAMEN_D__bg_rad_kamen_gate01b_mi_jjh","Universal Render Pipeline/Lit","Textures/BG_RAD_KAMEN_D/bg_rad_kamen_gate01b_d_jjh.png","Textures/BG_RAD_KAMEN_D/bg_rad_kamen_gate01b_n_jjh.png","Textures/BG_RAD_KAMEN_D/bg_rad_kamen_gate01b_s_jjh.png","",1,1,1,0,0,1.55,0.72,0
"BG_RAD_KAMEN_D","BG_RAD_KAMEN_D__bg_rad_kamen_gate01_mi_jjh","Universal Render Pipeline/Lit","Textures/BG_RAD_KAMEN_D/bg_rad_kamen_gate01_d_jjh.png","Textures/BG_RAD_KAMEN_D/bg_rad_kamen_gate01_n_jjh.png","Textures/BG_RAD_KAMEN_D/bg_rad_kamen_gate01_s_jjh.png","",1,1,1,0,0,1.55,0.72,0
"BG_RAD_KAMEN_D","BG_RAD_KAMEN_D__bg_rad_kamen_gate01a_mi_jjh","Universal Render Pipeline/Lit","Textures/BG_RAD_KAMEN_D/bg_rad_kamen_gate01a_d_jjh.png","Textures/BG_RAD_KAMEN_D/bg_rad_kamen_gate01a_n_jjh.png","Textures/BG_RAD_KAMEN_D/bg_rad_kamen_gate01a_s_jjh.png","",1,1,1,0,0,1.55,0.72,0
"BG_RAD_KAMEN_D","BG_RAD_KAMEN_D__bg_ple_common_bridge02_mi_ksr","Universal Render Pipeline/Lit","","","","",0,0,0,0,0,1,0.42,1
"BG_RAD_KAMEN_D","BG_RAD_KAMEN_D__bg_rad_kamen_gate01b_mi_jjh","Universal Render Pipeline/Lit","Textures/BG_RAD_KAMEN_D/bg_rad_kamen_gate01b_d_jjh.png","Textures/BG_RAD_KAMEN_D/bg_rad_kamen_gate01b_n_jjh.png","Textures/BG_RAD_KAMEN_D/bg_rad_kamen_gate01b_s_jjh.png","",1,1,1,0,0,1.55,0.72,0
"BG_RAD_KAMEN_D","BG_RAD_KAMEN_D__bg_rad_kamen_housedome01_mi_hhk","Universal Render Pipeline/Lit","Textures/BG_RAD_KAMEN_D/bg_rad_kamen_housedome01_d_hhk.png","Textures/BG_RAD_KAMEN_D/bg_rad_kamen_housedome01_na_hhk.png","Textures/BG_RAD_KAMEN_D/bg_rad_kamen_housedome01_s_hhk.png","",1,1,1,0,0,1.35,0.5,0
"BG_RAD_KAMEN_D","BG_RAD_KAMEN_D__bg_rad_kamen_housedome01a_mi_hhk","Universal Render Pipeline/Lit","Textures/BG_RAD_KAMEN_D/bg_rad_kamen_housedome01a_d_hhk.png","Textures/BG_RAD_KAMEN_D/bg_rad_kamen_housedome01a_na_hhk.png","Textures/BG_RAD_KAMEN_D/bg_rad_kamen_housedome01a_s_hhk.png","",1,1,1,0,0,1.35,0.5,0
"BG_RAD_KAMEN_D","BG_RAD_KAMEN_D__bg_rad_kamen_housedome01b_mi_hhk","Universal Render Pipeline/Lit","Textures/BG_RAD_KAMEN_D/bg_rad_kamen_housedome01b_d_hhk.png","Textures/BG_RAD_KAMEN_D/bg_rad_kamen_housedome01b_na_hhk.png","Textures/BG_RAD_KAMEN_D/bg_rad_kamen_housedome01b_s_hhk.png","",1,1,1,0,0,1.35,0.5,0
"BG_RAD_KAMEN_D","BG_RAD_KAMEN_D__bg_rad_kamen_housedome01c_mi_hhk","Universal Render Pipeline/Lit","Textures/BG_RAD_KAMEN_D/bg_rad_kamen_housedome01c_da_hhk.png","Textures/BG_RAD_KAMEN_D/bg_rad_kamen_housedome01c_na_hhk.png","Textures/BG_RAD_KAMEN_D/bg_rad_kamen_housedome01c_s_hhk.png","",1,1,1,0,1,1.35,0.5,0
"BG_RAD_KAMEN_D","BG_RAD_KAMEN_D__bg_rad_kamen_housedome01_mi_hhk","Universal Render Pipeline/Lit","Textures/BG_RAD_KAMEN_D/bg_rad_kamen_housedome01_d_hhk.png","Textures/BG_RAD_KAMEN_D/bg_rad_kamen_housedome01_na_hhk.png","Textures/BG_RAD_KAMEN_D/bg_rad_kamen_housedome01_s_hhk.png","",1,1,1,0,0,1.35,0.5,0
"BG_RAD_KAMEN_D","BG_RAD_KAMEN_D__bg_rad_kamen_housedome01a_mi_hhk","Universal Render Pipeline/Lit","Textures/BG_RAD_KAMEN_D/bg_rad_kamen_housedome01a_d_hhk.png","Textures/BG_RAD_KAMEN_D/bg_rad_kamen_housedome01a_na_hhk.png","Textures/BG_RAD_KAMEN_D/bg_rad_kamen_housedome01a_s_hhk.png","",1,1,1,0,0,1.35,0.5,0
"BG_RAD_KAMEN_D","BG_RAD_KAMEN_D__bg_rad_kamen_housedome01b_mi_hhk","Universal Render Pipeline/Lit","Textures/BG_RAD_KAMEN_D/bg_rad_kamen_housedome01b_d_hhk.png","Textures/BG_RAD_KAMEN_D/bg_rad_kamen_housedome01b_na_hhk.png","Textures/BG_RAD_KAMEN_D/bg_rad_kamen_housedome01b_s_hhk.png","",1,1,1,0,0,1.35,0.5,0
"BG_RAD_KAMEN_D","BG_RAD_KAMEN_D__bg_rad_kamen_housedome01c_mi_hhk","Universal Render Pipeline/Lit","Textures/BG_RAD_KAMEN_D/bg_rad_kamen_housedome01c_da_hhk.png","Textures/BG_RAD_KAMEN_D/bg_rad_kamen_housedome01c_na_hhk.png","Textures/BG_RAD_KAMEN_D/bg_rad_kamen_housedome01c_s_hhk.png","",1,1,1,0,1,1.35,0.5,0
"BG_RAD_KAMEN_D","BG_RAD_KAMEN_D__bg_rad_illiakan_column01c_mi_rsh","Universal Render Pipeline/Lit","","","","",0,0,0,0,0,1,0.42,1
"BG_RAD_KAMEN_D","BG_RAD_KAMEN_D__bg_rad_kamen_housedome01_mi_hhk","Universal Render Pipeline/Lit","Textures/BG_RAD_KAMEN_D/bg_rad_kamen_housedome01_d_hhk.png","Textures/BG_RAD_KAMEN_D/bg_rad_kamen_housedome01_na_hhk.png","Textures/BG_RAD_KAMEN_D/bg_rad_kamen_housedome01_s_hhk.png","",1,1,1,0,0,1.35,0.5,0
"BG_RAD_KAMEN_D","BG_RAD_KAMEN_D__bg_rad_kamen_housedome01a_mi_hhk","Universal Render Pipeline/Lit","Textures/BG_RAD_KAMEN_D/bg_rad_kamen_housedome01a_d_hhk.png","Textures/BG_RAD_KAMEN_D/bg_rad_kamen_housedome01a_na_hhk.png","Textures/BG_RAD_KAMEN_D/bg_rad_kamen_housedome01a_s_hhk.png","",1,1,1,0,0,1.35,0.5,0
"BG_RAD_KAMEN_D","BG_RAD_KAMEN_D__bg_rad_kamen_gate01b_mi_jjh","Universal Render Pipeline/Lit","Textures/BG_RAD_KAMEN_D/bg_rad_kamen_gate01b_d_jjh.png","Textures/BG_RAD_KAMEN_D/bg_rad_kamen_gate01b_n_jjh.png","Textures/BG_RAD_KAMEN_D/bg_rad_kamen_gate01b_s_jjh.png","",1,1,1,0,0,1.55,0.72,0
"BG_RAD_KAMEN_D","BG_RAD_KAMEN_D__bg_rad_kamen_housedome01b_mi_hhk","Universal Render Pipeline/Lit","Textures/BG_RAD_KAMEN_D/bg_rad_kamen_housedome01b_d_hhk.png","Textures/BG_RAD_KAMEN_D/bg_rad_kamen_housedome01b_na_hhk.png","Textures/BG_RAD_KAMEN_D/bg_rad_kamen_housedome01b_s_hhk.png","",1,1,1,0,0,1.35,0.5,0
"BG_RAD_KAMEN_D","BG_RAD_KAMEN_D__bg_rad_kamen_gate01b_mi_jjh","Universal Render Pipeline/Lit","Textures/BG_RAD_KAMEN_D/bg_rad_kamen_gate01b_d_jjh.png","Textures/BG_RAD_KAMEN_D/bg_rad_kamen_gate01b_n_jjh.png","Textures/BG_RAD_KAMEN_D/bg_rad_kamen_gate01b_s_jjh.png","",1,1,1,0,0,1.55,0.72,0
"BG_RAD_KAMEN_D","BG_RAD_KAMEN_D__bg_rad_kamen_housedome01a_mi_hhk","Universal Render Pipeline/Lit","Textures/BG_RAD_KAMEN_D/bg_rad_kamen_housedome01a_d_hhk.png","Textures/BG_RAD_KAMEN_D/bg_rad_kamen_housedome01a_na_hhk.png","Textures/BG_RAD_KAMEN_D/bg_rad_kamen_housedome01a_s_hhk.png","",1,1,1,0,0,1.35,0.5,0
"BG_RAD_KAMEN_D","BG_RAD_KAMEN_D__bg_rad_kamen_window01a_mi_psy","Universal Render Pipeline/Lit","Textures/BG_RAD_KAMEN_D/bg_rad_kamen_window01a_d_psy.png","Textures/BG_RAD_KAMEN_D/bg_rad_kamen_window01a_n_psy.png","","",1,1,0,0,1,1.35,0.42,1
"BG_RAD_KAMEN_D","BG_RAD_KAMEN_D__bg_rad_kamen_window01b_mi_psy","Universal Render Pipeline/Lit","Textures/BG_RAD_KAMEN_D/bg_rad_kamen_window01b_da_psy.png","Textures/BG_RAD_KAMEN_D/bg_rad_kamen_window01b_na_psy.png","","",1,1,0,0,1,1.35,0.42,1
"BG_RAD_KAMEN_D","BG_RAD_KAMEN_D__bg_rad_kamen_housedome01b_mi_hhk","Universal Render Pipeline/Lit","Textures/BG_RAD_KAMEN_D/bg_rad_kamen_housedome01b_d_hhk.png","Textures/BG_RAD_KAMEN_D/bg_rad_kamen_housedome01b_na_hhk.png","Textures/BG_RAD_KAMEN_D/bg_rad_kamen_housedome01b_s_hhk.png","",1,1,1,0,0,1.35,0.5,0
"BG_RAD_KAMEN_STONE_A","BG_RAD_KAMEN_STONE_A__bg_rad_kamen_rock01_mi_ksr","Universal Render Pipeline/Lit","Textures/BG_RAD_KAMEN_STONE_A/bg_rad_kamen_rock01_d_ksr.png","Textures/BG_RAD_KAMEN_STONE_A/bg_rad_kamen_rock01_n_ksr.png","","Textures/BG_RAD_KAMEN_STONE_A/bg_rad_kamen_rock01_em_ksr.png",1,1,0,1,0,2.15,0.34,1
"BG_RAD_KAMEN_STONE_A","BG_RAD_KAMEN_STONE_A__bg_rad_kamen_rock01_mi_ksr","Universal Render Pipeline/Lit","Textures/BG_RAD_KAMEN_STONE_A/bg_rad_kamen_rock01_d_ksr.png","Textures/BG_RAD_KAMEN_STONE_A/bg_rad_kamen_rock01_n_ksr.png","","Textures/BG_RAD_KAMEN_STONE_A/bg_rad_kamen_rock01_em_ksr.png",1,1,0,1,0,2.15,0.34,1
"BG_RAD_KAMEN_STONE_A","BG_RAD_KAMEN_STONE_A__bg_rad_kamen_rock02_mi_ksr","Universal Render Pipeline/Lit","Textures/BG_RAD_KAMEN_STONE_A/bg_rad_kamen_rock02_d_ksr.png","Textures/BG_RAD_KAMEN_STONE_A/bg_rad_kamen_rock02_n_ksr.png","","Textures/BG_RAD_KAMEN_STONE_A/bg_rad_kamen_rock02_em_ksr.png",1,1,0,1,0,2.15,0.34,1
"BG_RAD_KAMEN_STONE_A","BG_RAD_KAMEN_STONE_A__bg_rad_kamen_rock02_mi_ksr","Universal Render Pipeline/Lit","Textures/BG_RAD_KAMEN_STONE_A/bg_rad_kamen_rock02_d_ksr.png","Textures/BG_RAD_KAMEN_STONE_A/bg_rad_kamen_rock02_n_ksr.png","","Textures/BG_RAD_KAMEN_STONE_A/bg_rad_kamen_rock02_em_ksr.png",1,1,0,1,0,2.15,0.34,1
"BG_RAD_KAMEN_STONE_A","BG_RAD_KAMEN_STONE_A__bg_rad_kamen_rock02_mi_ksr","Universal Render Pipeline/Lit","Textures/BG_RAD_KAMEN_STONE_A/bg_rad_kamen_rock02_d_ksr.png","Textures/BG_RAD_KAMEN_STONE_A/bg_rad_kamen_rock02_n_ksr.png","","Textures/BG_RAD_KAMEN_STONE_A/bg_rad_kamen_rock02_em_ksr.png",1,1,0,1,0,2.15,0.34,1
"BG_RAD_KAMEN_STONE_A","BG_RAD_KAMEN_STONE_A__bg_rad_kamen_rock02_mi_ksr","Universal Render Pipeline/Lit","Textures/BG_RAD_KAMEN_STONE_A/bg_rad_kamen_rock02_d_ksr.png","Textures/BG_RAD_KAMEN_STONE_A/bg_rad_kamen_rock02_n_ksr.png","","Textures/BG_RAD_KAMEN_STONE_A/bg_rad_kamen_rock02_em_ksr.png",1,1,0,1,0,2.15,0.34,1
"BG_RAD_KAMEN_STONE_A","BG_RAD_KAMEN_STONE_A__bg_rad_kamen_rock02_mi_ksr","Universal Render Pipeline/Lit","Textures/BG_RAD_KAMEN_STONE_A/bg_rad_kamen_rock02_d_ksr.png","Textures/BG_RAD_KAMEN_STONE_A/bg_rad_kamen_rock02_n_ksr.png","","Textures/BG_RAD_KAMEN_STONE_A/bg_rad_kamen_rock02_em_ksr.png",1,1,0,1,0,2.15,0.34,1
"BG_RAD_KAMEN_STONE_A","BG_RAD_KAMEN_STONE_A__bg_rad_kamen_rock02_mi_ksr","Universal Render Pipeline/Lit","Textures/BG_RAD_KAMEN_STONE_A/bg_rad_kamen_rock02_d_ksr.png","Textures/BG_RAD_KAMEN_STONE_A/bg_rad_kamen_rock02_n_ksr.png","","Textures/BG_RAD_KAMEN_STONE_A/bg_rad_kamen_rock02_em_ksr.png",1,1,0,1,0,2.15,0.34,1
"BG_RAD_KAMEN_STONE_A","BG_RAD_KAMEN_STONE_A__bg_rad_kamen_rock02_mi_ksr","Universal Render Pipeline/Lit","Textures/BG_RAD_KAMEN_STONE_A/bg_rad_kamen_rock02_d_ksr.png","Textures/BG_RAD_KAMEN_STONE_A/bg_rad_kamen_rock02_n_ksr.png","","Textures/BG_RAD_KAMEN_STONE_A/bg_rad_kamen_rock02_em_ksr.png",1,1,0,1,0,2.15,0.34,1
"BG_RAD_KAMEN_STONE_A","BG_RAD_KAMEN_STONE_A__bg_rad_kamen_rock02_mi_ksr","Universal Render Pipeline/Lit","Textures/BG_RAD_KAMEN_STONE_A/bg_rad_kamen_rock02_d_ksr.png","Textures/BG_RAD_KAMEN_STONE_A/bg_rad_kamen_rock02_n_ksr.png","","Textures/BG_RAD_KAMEN_STONE_A/bg_rad_kamen_rock02_em_ksr.png",1,1,0,1,0,2.15,0.34,1
"BG_RAD_KAMEN_STONE_A","BG_RAD_KAMEN_STONE_A__bg_rad_kamen_rock02_mi_ksr","Universal Render Pipeline/Lit","Textures/BG_RAD_KAMEN_STONE_A/bg_rad_kamen_rock02_d_ksr.png","Textures/BG_RAD_KAMEN_STONE_A/bg_rad_kamen_rock02_n_ksr.png","","Textures/BG_RAD_KAMEN_STONE_A/bg_rad_kamen_rock02_em_ksr.png",1,1,0,1,0,2.15,0.34,1
"BG_RAD_KAMEN_STONE_A","BG_RAD_KAMEN_STONE_A__bg_rad_kamen_rock02_mi_ksr","Universal Render Pipeline/Lit","Textures/BG_RAD_KAMEN_STONE_A/bg_rad_kamen_rock02_d_ksr.png","Textures/BG_RAD_KAMEN_STONE_A/bg_rad_kamen_rock02_n_ksr.png","","Textures/BG_RAD_KAMEN_STONE_A/bg_rad_kamen_rock02_em_ksr.png",1,1,0,1,0,2.15,0.34,1
"BG_RAD_KAMEN_STONE_A","BG_RAD_KAMEN_STONE_A__bg_rad_kamen_rock02_mi_ksr","Universal Render Pipeline/Lit","Textures/BG_RAD_KAMEN_STONE_A/bg_rad_kamen_rock02_d_ksr.png","Textures/BG_RAD_KAMEN_STONE_A/bg_rad_kamen_rock02_n_ksr.png","","Textures/BG_RAD_KAMEN_STONE_A/bg_rad_kamen_rock02_em_ksr.png",1,1,0,1,0,2.15,0.34,1
"BG_RAD_KAMEN_STONE_A","BG_RAD_KAMEN_STONE_A__bg_rad_kamen_rock02_mi_ksr","Universal Render Pipeline/Lit","Textures/BG_RAD_KAMEN_STONE_A/bg_rad_kamen_rock02_d_ksr.png","Textures/BG_RAD_KAMEN_STONE_A/bg_rad_kamen_rock02_n_ksr.png","","Textures/BG_RAD_KAMEN_STONE_A/bg_rad_kamen_rock02_em_ksr.png",1,1,0,1,0,2.15,0.34,1
"BG_RAD_KAMEN_STONE_A","BG_RAD_KAMEN_STONE_A__bg_rad_kamen_rock02_mi_ksr","Universal Render Pipeline/Lit","Textures/BG_RAD_KAMEN_STONE_A/bg_rad_kamen_rock02_d_ksr.png","Textures/BG_RAD_KAMEN_STONE_A/bg_rad_kamen_rock02_n_ksr.png","","Textures/BG_RAD_KAMEN_STONE_A/bg_rad_kamen_rock02_em_ksr.png",1,1,0,1,0,2.15,0.34,1
"BG_RAD_KAMEN_STONE_A","BG_RAD_KAMEN_STONE_A__bg_rad_kamen_rockfloor01_mi_ksr","Universal Render Pipeline/Lit","Textures/BG_RAD_KAMEN_STONE_A/bg_rad_kamen_rockfloor01_d_ksr.png","Textures/BG_RAD_KAMEN_STONE_A/bg_rad_kamen_rockfloor01_n_ksr.png","","Textures/BG_RAD_KAMEN_STONE_A/bg_rad_kamen_rockfloor01_em_ksr.png",1,1,0,1,0,2.15,0.34,1
"BG_RAD_KAMEN_STONE_A","BG_RAD_KAMEN_STONE_A__bg_rad_kamen_rockfloor01a_mi_ksr","Universal Render Pipeline/Lit","Textures/BG_RAD_KAMEN_STONE_A/bg_rad_kamen_rockfloor01a_d_ksr.png","Textures/BG_RAD_KAMEN_STONE_A/bg_rad_kamen_rockfloor01a_n_ksr.png","","Textures/BG_RAD_KAMEN_STONE_A/bg_rad_kamen_rockfloor01a_em_ksr.png",1,1,0,1,0,2.15,0.34,1
"BG_RAD_KAMEN_STONE_A","BG_RAD_KAMEN_STONE_A__bg_rad_kamen_rockfloor01_mi_ksr","Universal Render Pipeline/Lit","Textures/BG_RAD_KAMEN_STONE_A/bg_rad_kamen_rockfloor01_d_ksr.png","Textures/BG_RAD_KAMEN_STONE_A/bg_rad_kamen_rockfloor01_n_ksr.png","","Textures/BG_RAD_KAMEN_STONE_A/bg_rad_kamen_rockfloor01_em_ksr.png",1,1,0,1,0,2.15,0.34,1
"BG_RAD_KAMEN_STONE_A","BG_RAD_KAMEN_STONE_A__bg_rad_kamen_rockfloor01a_mi_ksr","Universal Render Pipeline/Lit","Textures/BG_RAD_KAMEN_STONE_A/bg_rad_kamen_rockfloor01a_d_ksr.png","Textures/BG_RAD_KAMEN_STONE_A/bg_rad_kamen_rockfloor01a_n_ksr.png","","Textures/BG_RAD_KAMEN_STONE_A/bg_rad_kamen_rockfloor01a_em_ksr.png",1,1,0,1,0,2.15,0.34,1
"BG_RAD_KAMEN_STONE_A","BG_RAD_KAMEN_STONE_A__bg_rad_kamen_rock02_mi_ksr","Universal Render Pipeline/Lit","Textures/BG_RAD_KAMEN_STONE_A/bg_rad_kamen_rock02_d_ksr.png","Textures/BG_RAD_KAMEN_STONE_A/bg_rad_kamen_rock02_n_ksr.png","","Textures/BG_RAD_KAMEN_STONE_A/bg_rad_kamen_rock02_em_ksr.png",1,1,0,1,0,2.15,0.34,1
"BG_RAD_KAMEN_STONE_A","BG_RAD_KAMEN_STONE_A__bg_rad_kamen_rockfloor01_mi_ksr","Universal Render Pipeline/Lit","Textures/BG_RAD_KAMEN_STONE_A/bg_rad_kamen_rockfloor01_d_ksr.png","Textures/BG_RAD_KAMEN_STONE_A/bg_rad_kamen_rockfloor01_n_ksr.png","","Textures/BG_RAD_KAMEN_STONE_A/bg_rad_kamen_rockfloor01_em_ksr.png",1,1,0,1,0,2.15,0.34,1
"BG_RAD_KAMEN_STONE_A","BG_RAD_KAMEN_STONE_A__bg_rad_kamen_rockfloor01a_mi_ksr","Universal Render Pipeline/Lit","Textures/BG_RAD_KAMEN_STONE_A/bg_rad_kamen_rockfloor01a_d_ksr.png","Textures/BG_RAD_KAMEN_STONE_A/bg_rad_kamen_rockfloor01a_n_ksr.png","","Textures/BG_RAD_KAMEN_STONE_A/bg_rad_kamen_rockfloor01a_em_ksr.png",1,1,0,1,0,2.15,0.34,1
"BG_RAD_KAMEN_STONE_A","BG_RAD_KAMEN_STONE_A__bg_rad_kamen_rock02_mi_ksr","Universal Render Pipeline/Lit","Textures/BG_RAD_KAMEN_STONE_A/bg_rad_kamen_rock02_d_ksr.png","Textures/BG_RAD_KAMEN_STONE_A/bg_rad_kamen_rock02_n_ksr.png","","Textures/BG_RAD_KAMEN_STONE_A/bg_rad_kamen_rock02_em_ksr.png",1,1,0,1,0,2.15,0.34,1
"BG_RAD_KAMEN_STONE_A","BG_RAD_KAMEN_STONE_A__bg_rad_kamen_rockfloor02_mi_ksr","Universal Render Pipeline/Lit","Textures/BG_RAD_KAMEN_STONE_A/bg_rad_kamen_rockfloor02_d_ksr.png","Textures/BG_RAD_KAMEN_STONE_A/bg_rad_kamen_rockfloor02_n_ksr.png","","Textures/BG_RAD_KAMEN_STONE_A/bg_rad_kamen_rockfloor02_em_ksr.png",1,1,0,1,0,2.15,0.34,1
"BG_RAD_KAMEN_STONE_A","BG_RAD_KAMEN_STONE_A__bg_rad_kamen_rockfloor03_mi_ksr","Universal Render Pipeline/Lit","Textures/BG_RAD_KAMEN_STONE_A/bg_rad_kamen_rockfloor03_d_ksr.png","Textures/BG_RAD_KAMEN_STONE_A/bg_rad_kamen_rockfloor03_n_ksr.png","","",1,1,0,0,0,2.15,0.32,1
"BG_RAD_KAMEN_STONE_A","BG_RAD_KAMEN_STONE_A__bg_rad_kamen_rockfloor03a_mi_ksr","Universal Render Pipeline/Lit","Textures/BG_RAD_KAMEN_STONE_A/bg_rad_kamen_rockfloor03a_d_ksr.png","Textures/BG_RAD_KAMEN_STONE_A/bg_rad_kamen_rockfloor03a_n_ksr.png","","",1,1,0,0,0,2.15,0.32,1
"BG_RAD_KAMEN_STONE_A","BG_RAD_KAMEN_STONE_A__bg_rad_kamen_rockfloor03_mi_ksr","Universal Render Pipeline/Lit","Textures/BG_RAD_KAMEN_STONE_A/bg_rad_kamen_rockfloor03_d_ksr.png","Textures/BG_RAD_KAMEN_STONE_A/bg_rad_kamen_rockfloor03_n_ksr.png","","",1,1,0,0,0,2.15,0.32,1
"BG_RAD_KAMEN_STONE_A","BG_RAD_KAMEN_STONE_A__bg_rad_kamen_rockfloor03a_mi_ksr","Universal Render Pipeline/Lit","Textures/BG_RAD_KAMEN_STONE_A/bg_rad_kamen_rockfloor03a_d_ksr.png","Textures/BG_RAD_KAMEN_STONE_A/bg_rad_kamen_rockfloor03a_n_ksr.png","","",1,1,0,0,0,2.15,0.32,1
"BG_RAD_KAMEN_STONE_A","BG_RAD_KAMEN_STONE_A__bg_rad_kamen_rockfloor03_mi_ksr","Universal Render Pipeline/Lit","Textures/BG_RAD_KAMEN_STONE_A/bg_rad_kamen_rockfloor03_d_ksr.png","Textures/BG_RAD_KAMEN_STONE_A/bg_rad_kamen_rockfloor03_n_ksr.png","","",1,1,0,0,0,2.15,0.32,1
"BG_RAD_KAMEN_STONE_A","BG_RAD_KAMEN_STONE_A__bg_rad_kamen_rockfloor03a_mi_ksr","Universal Render Pipeline/Lit","Textures/BG_RAD_KAMEN_STONE_A/bg_rad_kamen_rockfloor03a_d_ksr.png","Textures/BG_RAD_KAMEN_STONE_A/bg_rad_kamen_rockfloor03a_n_ksr.png","","",1,1,0,0,0,2.15,0.32,1
"BG_RAD_KAMEN_STONE_A","BG_RAD_KAMEN_STONE_A__bg_rad_kamen_rockfloor03_mi_ksr","Universal Render Pipeline/Lit","Textures/BG_RAD_KAMEN_STONE_A/bg_rad_kamen_rockfloor03_d_ksr.png","Textures/BG_RAD_KAMEN_STONE_A/bg_rad_kamen_rockfloor03_n_ksr.png","","",1,1,0,0,0,2.15,0.32,1
"BG_RAD_KAMEN_STONE_A","BG_RAD_KAMEN_STONE_A__bg_rad_kamen_rockfloor03a_mi_ksr","Universal Render Pipeline/Lit","Textures/BG_RAD_KAMEN_STONE_A/bg_rad_kamen_rockfloor03a_d_ksr.png","Textures/BG_RAD_KAMEN_STONE_A/bg_rad_kamen_rockfloor03a_n_ksr.png","","",1,1,0,0,0,2.15,0.32,1
"BG_RAD_KAMEN_STONE_A","BG_RAD_KAMEN_STONE_A__bg_rad_kamen_rockfloor03_mi_ksr","Universal Render Pipeline/Lit","Textures/BG_RAD_KAMEN_STONE_A/bg_rad_kamen_rockfloor03_d_ksr.png","Textures/BG_RAD_KAMEN_STONE_A/bg_rad_kamen_rockfloor03_n_ksr.png","","",1,1,0,0,0,2.15,0.32,1
"BG_RAD_KAMEN_STONE_A","BG_RAD_KAMEN_STONE_A__bg_rad_kamen_rockpillar01_mi_ksr","Universal Render Pipeline/Lit","Textures/BG_RAD_KAMEN_STONE_A/bg_rad_kamen_rockpillar01_d_ksr.png","Textures/BG_RAD_KAMEN_STONE_A/bg_rad_kamen_rockpillar01_n_ksr.png","","Textures/BG_RAD_KAMEN_STONE_A/bg_rad_kamen_rockpillar01_em_ksr.png",1,1,0,1,0,2.15,0.34,1
"BG_RAD_KAMEN_STONE_A","BG_RAD_KAMEN_STONE_A__bg_rad_kamen_rockpillar01a_mi_ksr","Universal Render Pipeline/Lit","Textures/BG_RAD_KAMEN_STONE_A/bg_rad_kamen_rockpillar01a_d_ksr.png","Textures/BG_RAD_KAMEN_STONE_A/bg_rad_kamen_rockpillar01a_n_ksr.png","","Textures/BG_RAD_KAMEN_STONE_A/bg_rad_kamen_rockpillar01a_em_ksr.png",1,1,0,1,0,2.15,0.34,1
"BG_RAD_KAMEN_STONE_A","BG_RAD_KAMEN_STONE_A__bg_rad_kamen_rockpillar01_mi_ksr","Universal Render Pipeline/Lit","Textures/BG_RAD_KAMEN_STONE_A/bg_rad_kamen_rockpillar01_d_ksr.png","Textures/BG_RAD_KAMEN_STONE_A/bg_rad_kamen_rockpillar01_n_ksr.png","","Textures/BG_RAD_KAMEN_STONE_A/bg_rad_kamen_rockpillar01_em_ksr.png",1,1,0,1,0,2.15,0.34,1
"BG_RAD_KAMEN_STONE_A","BG_RAD_KAMEN_STONE_A__bg_rad_kamen_rockpillar01a_mi_ksr","Universal Render Pipeline/Lit","Textures/BG_RAD_KAMEN_STONE_A/bg_rad_kamen_rockpillar01a_d_ksr.png","Textures/BG_RAD_KAMEN_STONE_A/bg_rad_kamen_rockpillar01a_n_ksr.png","","Textures/BG_RAD_KAMEN_STONE_A/bg_rad_kamen_rockpillar01a_em_ksr.png",1,1,0,1,0,2.15,0.34,1
"BG_RAD_KAMEN_STONE_A","BG_RAD_KAMEN_STONE_A__bg_rad_kamen_rockpillar01_mi_ksr","Universal Render Pipeline/Lit","Textures/BG_RAD_KAMEN_STONE_A/bg_rad_kamen_rockpillar01_d_ksr.png","Textures/BG_RAD_KAMEN_STONE_A/bg_rad_kamen_rockpillar01_n_ksr.png","","Textures/BG_RAD_KAMEN_STONE_A/bg_rad_kamen_rockpillar01_em_ksr.png",1,1,0,1,0,2.15,0.34,1
"BG_RAD_KAMEN_STONE_A","BG_RAD_KAMEN_STONE_A__bg_rad_kamen_rockpillar01a_mi_ksr","Universal Render Pipeline/Lit","Textures/BG_RAD_KAMEN_STONE_A/bg_rad_kamen_rockpillar01a_d_ksr.png","Textures/BG_RAD_KAMEN_STONE_A/bg_rad_kamen_rockpillar01a_n_ksr.png","","Textures/BG_RAD_KAMEN_STONE_A/bg_rad_kamen_rockpillar01a_em_ksr.png",1,1,0,1,0,2.15,0.34,1
"BG_RAD_KAMEN_STONE_A","BG_RAD_KAMEN_STONE_A__bg_rad_kamen_rock02_mi_ksr","Universal Render Pipeline/Lit","Textures/BG_RAD_KAMEN_STONE_A/bg_rad_kamen_rock02_d_ksr.png","Textures/BG_RAD_KAMEN_STONE_A/bg_rad_kamen_rock02_n_ksr.png","","Textures/BG_RAD_KAMEN_STONE_A/bg_rad_kamen_rock02_em_ksr.png",1,1,0,1,0,2.15,0.34,1
"BG_RAD_KAMEN_STONE_A","BG_RAD_KAMEN_STONE_A__bg_rad_kamen_rock03_mi_ksr","Universal Render Pipeline/Lit","Textures/BG_RAD_KAMEN_STONE_A/bg_rad_kamen_rock03_d_ksr.png","Textures/BG_RAD_KAMEN_STONE_A/bg_rad_kamen_rock03_n_ksr.png","","",1,1,0,0,0,2.15,0.32,1
"BG_RAD_KAMEN_STONE_A","BG_RAD_KAMEN_STONE_A__bg_rad_kamen_rockpillar01_mi_ksr","Universal Render Pipeline/Lit","Textures/BG_RAD_KAMEN_STONE_A/bg_rad_kamen_rockpillar01_d_ksr.png","Textures/BG_RAD_KAMEN_STONE_A/bg_rad_kamen_rockpillar01_n_ksr.png","","Textures/BG_RAD_KAMEN_STONE_A/bg_rad_kamen_rockpillar01_em_ksr.png",1,1,0,1,0,2.15,0.34,1
"BG_RAD_KAMEN_STONE_A","BG_RAD_KAMEN_STONE_A__bg_rad_kamen_rockpillar01a_mi_ksr","Universal Render Pipeline/Lit","Textures/BG_RAD_KAMEN_STONE_A/bg_rad_kamen_rockpillar01a_d_ksr.png","Textures/BG_RAD_KAMEN_STONE_A/bg_rad_kamen_rockpillar01a_n_ksr.png","","Textures/BG_RAD_KAMEN_STONE_A/bg_rad_kamen_rockpillar01a_em_ksr.png",1,1,0,1,0,2.15,0.34,1
"BG_RAD_KAMEN_STONE_A","BG_RAD_KAMEN_STONE_A__bg_rad_kamen_rock02_mi_ksr","Universal Render Pipeline/Lit","Textures/BG_RAD_KAMEN_STONE_A/bg_rad_kamen_rock02_d_ksr.png","Textures/BG_RAD_KAMEN_STONE_A/bg_rad_kamen_rock02_n_ksr.png","","Textures/BG_RAD_KAMEN_STONE_A/bg_rad_kamen_rock02_em_ksr.png",1,1,0,1,0,2.15,0.34,1
"BG_RAD_KAMEN_STONE_A","BG_RAD_KAMEN_STONE_A__bg_rad_kamen_rock03_mi_ksr","Universal Render Pipeline/Lit","Textures/BG_RAD_KAMEN_STONE_A/bg_rad_kamen_rock03_d_ksr.png","Textures/BG_RAD_KAMEN_STONE_A/bg_rad_kamen_rock03_n_ksr.png","","",1,1,0,0,0,2.15,0.32,1
"BG_RAD_KAMEN_STONE_A","BG_RAD_KAMEN_STONE_A__bg_rad_kamen_rockpillar01_mi_ksr","Universal Render Pipeline/Lit","Textures/BG_RAD_KAMEN_STONE_A/bg_rad_kamen_rockpillar01_d_ksr.png","Textures/BG_RAD_KAMEN_STONE_A/bg_rad_kamen_rockpillar01_n_ksr.png","","Textures/BG_RAD_KAMEN_STONE_A/bg_rad_kamen_rockpillar01_em_ksr.png",1,1,0,1,0,2.15,0.34,1
"BG_RAD_KAMEN_STONE_A","BG_RAD_KAMEN_STONE_A__bg_rad_kamen_rockpillar01a_mi_ksr","Universal Render Pipeline/Lit","Textures/BG_RAD_KAMEN_STONE_A/bg_rad_kamen_rockpillar01a_d_ksr.png","Textures/BG_RAD_KAMEN_STONE_A/bg_rad_kamen_rockpillar01a_n_ksr.png","","Textures/BG_RAD_KAMEN_STONE_A/bg_rad_kamen_rockpillar01a_em_ksr.png",1,1,0,1,0,2.15,0.34,1
"BG_RAD_KAMEN_STONE_A","BG_RAD_KAMEN_STONE_A__bg_rad_kamen_rock02_mi_ksr","Universal Render Pipeline/Lit","Textures/BG_RAD_KAMEN_STONE_A/bg_rad_kamen_rock02_d_ksr.png","Textures/BG_RAD_KAMEN_STONE_A/bg_rad_kamen_rock02_n_ksr.png","","Textures/BG_RAD_KAMEN_STONE_A/bg_rad_kamen_rock02_em_ksr.png",1,1,0,1,0,2.15,0.34,1
"BG_RAD_KAMEN_STONE_A","BG_RAD_KAMEN_STONE_A__bg_rad_kamen_rock03_mi_ksr","Universal Render Pipeline/Lit","Textures/BG_RAD_KAMEN_STONE_A/bg_rad_kamen_rock03_d_ksr.png","Textures/BG_RAD_KAMEN_STONE_A/bg_rad_kamen_rock03_n_ksr.png","","",1,1,0,0,0,2.15,0.32,1
"BG_RAD_KAMEN_STONE_A","BG_RAD_KAMEN_STONE_A__bg_rad_kamen_rockpillar01_mi_ksr","Universal Render Pipeline/Lit","Textures/BG_RAD_KAMEN_STONE_A/bg_rad_kamen_rockpillar01_d_ksr.png","Textures/BG_RAD_KAMEN_STONE_A/bg_rad_kamen_rockpillar01_n_ksr.png","","Textures/BG_RAD_KAMEN_STONE_A/bg_rad_kamen_rockpillar01_em_ksr.png",1,1,0,1,0,2.15,0.34,1
"BG_RAD_KAMEN_STONE_A","BG_RAD_KAMEN_STONE_A__bg_rad_kamen_rockpillar01a_mi_ksr","Universal Render Pipeline/Lit","Textures/BG_RAD_KAMEN_STONE_A/bg_rad_kamen_rockpillar01a_d_ksr.png","Textures/BG_RAD_KAMEN_STONE_A/bg_rad_kamen_rockpillar01a_n_ksr.png","","Textures/BG_RAD_KAMEN_STONE_A/bg_rad_kamen_rockpillar01a_em_ksr.png",1,1,0,1,0,2.15,0.34,1
"BG_RAD_KAMEN_STONE_A","BG_RAD_KAMEN_STONE_A__bg_rad_kamen_rock02_mi_ksr","Universal Render Pipeline/Lit","Textures/BG_RAD_KAMEN_STONE_A/bg_rad_kamen_rock02_d_ksr.png","Textures/BG_RAD_KAMEN_STONE_A/bg_rad_kamen_rock02_n_ksr.png","","Textures/BG_RAD_KAMEN_STONE_A/bg_rad_kamen_rock02_em_ksr.png",1,1,0,1,0,2.15,0.34,1
"BG_RAD_KAMEN_STONE_A","BG_RAD_KAMEN_STONE_A__bg_rad_kamen_rock03_mi_ksr","Universal Render Pipeline/Lit","Textures/BG_RAD_KAMEN_STONE_A/bg_rad_kamen_rock03_d_ksr.png","Textures/BG_RAD_KAMEN_STONE_A/bg_rad_kamen_rock03_n_ksr.png","","",1,1,0,0,0,2.15,0.32,1
"EFMASTER_MATERIAL_SKYMATTE","EFMASTER_MATERIAL_SKYMATTE__matte_base_mi","Universal Render Pipeline/Lit","","","","",0,0,0,0,0,1,0.08,1
"EFMASTER_MATERIAL_SKYMATTE","EFMASTER_MATERIAL_SKYMATTE__material","Universal Render Pipeline/Lit","","","","",0,0,0,0,0,1,0.08,1
"EFMASTER_MATERIAL_SKYMATTE","EFMASTER_MATERIAL_SKYMATTE__sky_simple_trn","Universal Render Pipeline/Lit","Textures/EFMASTER_MATERIAL_SKYMATTE/cloud_01_m.png","","","",1,0,0,0,1,1,0.08,1
"EFMASTER_MATERIAL_SKYMATTE","EFMASTER_MATERIAL_SKYMATTE__sky_udk_daytime","Universal Render Pipeline/Lit","Textures/EFMASTER_MATERIAL_SKYMATTE/cloud_01_m.png","Textures/EFMASTER_MATERIAL_SKYMATTE/cloud_01_n.png","","",1,1,0,0,0,1.35,0.08,1
"SK_FIF_HDR_00","SK_FIF_HDR_00__sk_fif_hdr_00_01_mi_dead","Universal Render Pipeline/Lit","Textures/SK_FIF_HDR_00/sk_fif_hdr_00_01_d.png","Textures/SK_FIF_HDR_00/sk_fif_hdr_00_01_n.png","","Textures/SK_FIF_HDR_00/sk_fif_hdr_00_01_e.png",1,1,0,1,0,1.35,0.34,1
"SK_FIF_HDR_00","SK_FIF_HDR_00__sk_fif_hdr_00_02_mi_dead","Universal Render Pipeline/Lit","Textures/SK_FIF_HDR_00/sk_fif_hdr_00_02_d.png","Textures/SK_FIF_HDR_00/sk_fif_hdr_00_02_n.png","","Textures/SK_FIF_HDR_00/sk_fif_hdr_00_02_e.png",1,1,0,1,0,1.35,0.34,1
"SK_FIF_HDR_00","SK_FIF_HDR_00__sk_fif_hdr_00_03_mi_dead","Universal Render Pipeline/Lit","Textures/SK_FIF_HDR_00/sk_fif_hdr_00_03_d.png","Textures/SK_FIF_HDR_00/sk_fif_hdr_00_03_n.png","","Textures/SK_FIF_HDR_00/sk_fif_hdr_00_03_e.png",1,1,0,1,0,1.35,0.34,1
"SK_FIF_HDR_00","SK_FIF_HDR_00__sk_fif_hdr_00_04_mi_dead","Universal Render Pipeline/Lit","Textures/SK_FIF_HDR_00/sk_fif_hdr_00_04_d.png","Textures/SK_FIF_HDR_00/sk_fif_hdr_00_04_n.png","","Textures/SK_FIF_HDR_00/sk_fif_hdr_00_04_e.png",1,1,0,1,0,1.35,0.34,1
"SK_FIF_HDR_00","SK_FIF_HDR_00__sk_fif_hdr_00_05_mi_dead","Universal Render Pipeline/Lit","Textures/SK_FIF_HDR_00/sk_fif_hdr_00_05_d.png","Textures/SK_FIF_HDR_00/sk_fif_hdr_00_05_n.png","","",1,1,0,0,0,1.35,0.08,1
