package,material,diffuse,normal,specular,emissive,source_gltf,source_metadata
BG_RAD_KAMEN_A,BG_RAD_KAMEN_A__bg_rad_kamen_chair01_mi_jjh,Textures/BG_RAD_KAMEN_A/bg_rad_kamen_chair01_d_jjh.png,Textures/BG_RAD_KAMEN_A/bg_rad_kamen_chair01_n_jjh.png,Textures/BG_RAD_KAMEN_A/bg_rad_kamen_chair01_s_jjh.png,,BG_RAD_KAMEN_A/StaticMesh3/bg_rad_kamen_chair01_sm_cjy.gltf,BG_RAD_KAMEN_A/MaterialInstanceConstant/bg_rad_kamen_chair01_mi_jjh.mat
BG_RAD_KAMEN_A,BG_RAD_KAMEN_A__bg_rad_kamen_pillar01_mi_cjy,,,,,BG_RAD_KAMEN_A/StaticMesh3/bg_rad_kamen_chair01_sm_cjy.gltf,
BG_RAD_KAMEN_A,BG_RAD_KAMEN_A__bg_rad_kamen_pillar06_mi_cjy,,,,,BG_RAD_KAMEN_A/StaticMesh3/bg_rad_kamen_chair01_sm_cjy.gltf,
BG_RAD_KAMEN_A,BG_RAD_KAMEN_A__bg_rad_kamen_chair01b_mi_cjy,Textures/BG_RAD_KAMEN_A/bg_rad_kamen_chair01b_d_cjy.png,Textures/BG_RAD_KAMEN_A/bg_rad_kamen_chair01b_n_cjy.png,Textures/BG_RAD_KAMEN_A/bg_rad_kamen_chair01b_s_cjy.png,,BG_RAD_KAMEN_A/StaticMesh3/bg_rad_kamen_chair01_sm_cjy.gltf,BG_RAD_KAMEN_A/MaterialInstanceConstant/bg_rad_kamen_chair01b_mi_cjy.mat
BG_RAD_KAMEN_A,BG_RAD_KAMEN_A__bg_rad_kamen_chair01a_mi_jjh,Textures/BG_RAD_KAMEN_A/bg_rad_kamen_chair01a_d_jjh.png,Textures/BG_RAD_KAMEN_A/bg_rad_kamen_chair01a_n_jjh.png,Textures/BG_RAD_KAMEN_A/bg_rad_kamen_chair01a_s_jjh.png,,BG_RAD_KAMEN_A/StaticMesh3/bg_rad_kamen_chair01a_sm_jjh.gltf,BG_RAD_KAMEN_A/MaterialInstanceConstant/bg_rad_kamen_chair01a_mi_jjh.mat
BG_RAD_KAMEN_A,BG_RAD_KAMEN_A__bg_rad_kamen_chair01b_mi_cjy,Textures/BG_RAD_KAMEN_A/bg_rad_kamen_chair01b_d_cjy.png,Textures/BG_RAD_KAMEN_A/bg_rad_kamen_chair01b_n_cjy.png,Textures/BG_RAD_KAMEN_A/bg_rad_kamen_chair01b_s_cjy.png,,BG_RAD_KAMEN_A/StaticMesh3/bg_rad_kamen_chair01b_sm_cjy.gltf,BG_RAD_KAMEN_A/MaterialInstanceConstant/bg_rad_kamen_chair01b_mi_cjy.mat
BG_RAD_KAMEN_A,BG_RAD_KAMEN_A__bg_rad_kamen_floor01_mi_kmk,Textures/BG_RAD_KAMEN_A/bg_rad_kamen_floor01_d_kmk.png,Textures/BG_RAD_KAMEN_A/bg_rad_kamen_floor01_n_kmk.png,Textures/BG_RAD_KAMEN_A/bg_rad_kamen_floor01_s_kmk.png,,BG_RAD_KAMEN_A/StaticMesh3/bg_rad_kamen_floor01_sm.gltf,BG_RAD_KAMEN_A/MaterialInstanceConstant/bg_rad_kamen_floor01_mi_kmk.mat
BG_RAD_KAMEN_A,BG_RAD_KAMEN_A__bg_rad_kamen_floor01a_mi_kmk,Textures/BG_RAD_KAMEN_A/bg_rad_kamen_floor01a_d_kmk.png,Textures/BG_RAD_KAMEN_A/bg_rad_kamen_floor01a_n_kmk.png,Textures/BG_RAD_KAMEN_A/bg_rad_kamen_floor01a_s_kmk.png,,BG_RAD_KAMEN_A/StaticMesh3/bg_rad_kamen_floor01_sm.gltf,BG_RAD_KAMEN_A/MaterialInstanceConstant/bg_rad_kamen_floor01a_mi_kmk.mat
BG_RAD_KAMEN_A,BG_RAD_KAMEN_A__bg_rad_kamen_floor01_mi_kmk,Textures/BG_RAD_KAMEN_A/bg_rad_kamen_floor01_d_kmk.png,Textures/BG_RAD_KAMEN_A/bg_rad_kamen_floor01_n_kmk.png,Textures/BG_RAD_KAMEN_A/bg_rad_kamen_floor01_s_kmk.png,,BG_RAD_KAMEN_A/StaticMesh3/bg_rad_kamen_floor02_sm.gltf,BG_RAD_KAMEN_A/MaterialInstanceConstant/bg_rad_kamen_floor01_mi_kmk.mat
BG_RAD_KAMEN_A,BG_RAD_KAMEN_A__bg_rad_kamen_floor01a_mi_kmk,Textures/BG_RAD_KAMEN_A/bg_rad_kamen_floor01a_d_kmk.png,Textures/BG_RAD_KAMEN_A/bg_rad_kamen_floor01a_n_kmk.png,Textures/BG_RAD_KAMEN_A/bg_rad_kamen_floor01a_s_kmk.png,,BG_RAD_KAMEN_A/StaticMesh3/bg_rad_kamen_floor02_sm.gltf,BG_RAD_KAMEN_A/MaterialInstanceConstant/bg_rad_kamen_floor01a_mi_kmk.mat
BG_RAD_KAMEN_A,BG_RAD_KAMEN_A__bg_rad_kamen_floor02_mi_kmk,Textures/BG_RAD_KAMEN_A/bg_rad_kamen_floor02_d_kmk.png,Textures/BG_RAD_KAMEN_A/bg_rad_kamen_floor02_n_kmk.png,Textures/BG_RAD_KAMEN_A/bg_rad_kamen_floor02_s_kmk.png,,BG_RAD_KAMEN_A/StaticMesh3/bg_rad_kamen_floor02_sm.gltf,BG_RAD_KAMEN_A/MaterialInstanceConstant/bg_rad_kamen_floor02_mi_kmk.mat
BG_RAD_KAMEN_A,BG_RAD_KAMEN_A__bg_rad_kamen_floor02a_mi_kmk,Textures/BG_RAD_KAMEN_A/bg_rad_kamen_floor02a_d_kmk.png,Textures/BG_RAD_KAMEN_A/bg_rad_kamen_floor02a_n_kmk.png,Textures/BG_RAD_KAMEN_A/bg_rad_kamen_floor02a_s_kmk.png,,BG_RAD_KAMEN_A/StaticMesh3/bg_rad_kamen_floor02_sm.gltf,BG_RAD_KAMEN_A/MaterialInstanceConstant/bg_rad_kamen_floor02a_mi_kmk.mat
BG_RAD_KAMEN_A,BG_RAD_KAMEN_A__bg_rad_kamen_floor03a_mi_jjy,Textures/BG_RAD_KAMEN_A/bg_rad_kamen_floor03a_d_jjy.png,Textures/BG_RAD_KAMEN_A/bg_rad_kamen_floor03a_n_jjy.png,Textures/BG_RAD_KAMEN_A/bg_rad_kamen_floor03a_s_jjy.png,,BG_RAD_KAMEN_A/StaticMesh3/bg_rad_kamen_floor03_sm.gltf,BG_RAD_KAMEN_A/MaterialInstanceConstant/bg_rad_kamen_floor03a_mi_jjy.mat
BG_RAD_KAMEN_A,BG_RAD_KAMEN_A__bg_rad_kamen_floor03b_mi_jjy,Textures/BG_RAD_KAMEN_A/bg_rad_kamen_floor03b_d_jjy.png,Textures/BG_RAD_KAMEN_A/bg_rad_kamen_floor03b_n_jjy.png,Textures/BG_RAD_KAMEN_A/bg_rad_kamen_floor03b_s_jjy.png,,BG_RAD_KAMEN_A/StaticMesh3/bg_rad_kamen_floor03_sm.gltf,BG_RAD_KAMEN_A/MaterialInstanceConstant/bg_rad_kamen_floor03b_mi_jjy.mat
BG_RAD_KAMEN_A,BG_RAD_KAMEN_A__bg_rad_kamen_floor03a_mi_jjy,Textures/BG_RAD_KAMEN_A/bg_rad_kamen_floor03a_d_jjy.png,Textures/BG_RAD_KAMEN_A/bg_rad_kamen_floor03a_n_jjy.png,Textures/BG_RAD_KAMEN_A/bg_rad_kamen_floor03a_s_jjy.png,,BG_RAD_KAMEN_A/StaticMesh3/bg_rad_kamen_floor03lowpoly_sm_jjy.gltf,BG_RAD_KAMEN_A/MaterialInstanceConstant/bg_rad_kamen_floor03a_mi_jjy.mat
BG_RAD_KAMEN_A,BG_RAD_KAMEN_A__bg_rad_kamen_floor03b_mi_jjy,Textures/BG_RAD_KAMEN_A/bg_rad_kamen_floor03b_d_jjy.png,Textures/BG_RAD_KAMEN_A/bg_rad_kamen_floor03b_n_jjy.png,Textures/BG_RAD_KAMEN_A/bg_rad_kamen_floor03b_s_jjy.png,,BG_RAD_KAMEN_A/StaticMesh3/bg_rad_kamen_floor03lowpoly_sm_jjy.gltf,BG_RAD_KAMEN_A/MaterialInstanceConstant/bg_rad_kamen_floor03b_mi_jjy.mat
BG_RAD_KAMEN_A,BG_RAD_KAMEN_A__bg_rad_kamen_floor04_mi_rsh,Textures/BG_RAD_KAMEN_A/bg_rad_kamen_floor04_01_d_rsh.png,Textures/BG_RAD_KAMEN_A/bg_rad_kamen_floor04_01_n_rsh.png,Textures/BG_RAD_KAMEN_A/bg_rad_kamen_floor04_01_s_rsh.png,,BG_RAD_KAMEN_A/StaticMesh3/bg_rad_kamen_floor04_sm.gltf,BG_RAD_KAMEN_A/MaterialInstanceConstant/bg_rad_kamen_floor04_mi_rsh.mat
BG_RAD_KAMEN_A,BG_RAD_KAMEN_A__bg_rad_kamen_floor04b_mi_rsh,Textures/BG_RAD_KAMEN_A/bg_rad_kamen_floor04_02_d_rsh.png,Textures/BG_RAD_KAMEN_A/bg_rad_kamen_floor04_02_n_rsh.png,Textures/BG_RAD_KAMEN_A/bg_rad_kamen_floor04_02_s_rsh.png,,BG_RAD_KAMEN_A/StaticMesh3/bg_rad_kamen_floor04_sm.gltf,BG_RAD_KAMEN_A/MaterialInstanceConstant/bg_rad_kamen_floor04b_mi_rsh.mat
BG_RAD_KAMEN_A,BG_RAD_KAMEN_A__bg_rad_kamen_floor04_mi_rsh,Textures/BG_RAD_KAMEN_A/bg_rad_kamen_floor04_01_d_rsh.png,Textures/BG_RAD_KAMEN_A/bg_rad_kamen_floor04_01_n_rsh.png,Textures/BG_RAD_KAMEN_A/bg_rad_kamen_floor04_01_s_rsh.png,,BG_RAD_KAMEN_A/StaticMesh3/bg_rad_kamen_floor04lowpoly_sm_rsh.gltf,BG_RAD_KAMEN_A/MaterialInstanceConstant/bg_rad_kamen_floor04_mi_rsh.mat
BG_RAD_KAMEN_A,BG_RAD_KAMEN_A__bg_rad_kamen_floor04b_mi_rsh,Textures/BG_RAD_KAMEN_A/bg_rad_kamen_floor04_02_d_rsh.png,Textures/BG_RAD_KAMEN_A/bg_rad_kamen_floor04_02_n_rsh.png,Textures/BG_RAD_KAMEN_A/bg_rad_kamen_floor04_02_s_rsh.png,,BG_RAD_KAMEN_A/StaticMesh3/bg_rad_kamen_floor04lowpoly_sm_rsh.gltf,BG_RAD_KAMEN_A/MaterialInstanceConstant/bg_rad_kamen_floor04b_mi_rsh.mat
BG_RAD_KAMEN_A,BG_RAD_KAMEN_A__bg_rad_kamen_floor05a_mi_lsj,Textures/BG_RAD_KAMEN_A/bg_rad_kamen_floor05a_d_lsj.png,Textures/BG_RAD_KAMEN_A/bg_rad_kamen_floor05a_n_lsj.png,Textures/BG_RAD_KAMEN_A/bg_rad_kamen_floor05a_s_lsj.png,,BG_RAD_KAMEN_A/StaticMesh3/bg_rad_kamen_floor05_sm.gltf,BG_RAD_KAMEN_A/MaterialInstanceConstant/bg_rad_kamen_floor05a_mi_lsj.mat
BG_RAD_KAMEN_A,BG_RAD_KAMEN_A__bg_rad_kamen_floor05b_mi_lsj,Textures/BG_RAD_KAMEN_A/bg_rad_kamen_floor05b_d_lsj.png,Textures/BG_RAD_KAMEN_A/bg_rad_kamen_floor05b_n_lsj.png,Textures/BG_RAD_KAMEN_A/bg_rad_kamen_floor05b_s_lsj.png,,BG_RAD_KAMEN_A/StaticMesh3/bg_rad_kamen_floor05_sm.gltf,BG_RAD_KAMEN_A/MaterialInstanceConstant/bg_rad_kamen_floor05b_mi_lsj.mat
BG_RAD_KAMEN_A,BG_RAD_KAMEN_A__bg_rad_kamen_floor03a_mi_jjy,Textures/BG_RAD_KAMEN_A/bg_rad_kamen_floor03a_d_jjy.png,Textures/BG_RAD_KAMEN_A/bg_rad_kamen_floor03a_n_jjy.png,Textures/BG_RAD_KAMEN_A/bg_rad_kamen_floor03a_s_jjy.png,,BG_RAD_KAMEN_A/StaticMesh3/bg_rad_kamen_floor05_sm.gltf,BG_RAD_KAMEN_A/MaterialInstanceConstant/bg_rad_kamen_floor03a_mi_jjy.mat
BG_RAD_KAMEN_A,BG_RAD_KAMEN_A__bg_rad_kamen_floor03b_mi_jjy,Textures/BG_RAD_KAMEN_A/bg_rad_kamen_floor03b_d_jjy.png,Textures/BG_RAD_KAMEN_A/bg_rad_kamen_floor03b_n_jjy.png,Textures/BG_RAD_KAMEN_A/bg_rad_kamen_floor03b_s_jjy.png,,BG_RAD_KAMEN_A/StaticMesh3/bg_rad_kamen_floor05_sm.gltf,BG_RAD_KAMEN_A/MaterialInstanceConstant/bg_rad_kamen_floor03b_mi_jjy.mat
BG_RAD_KAMEN_A,BG_RAD_KAMEN_A__bg_rad_kamen_floor05c_mi_hhk,Textures/BG_RAD_KAMEN_A/bg_rad_kamen_floor05c_d_hhk.png,Textures/BG_RAD_KAMEN_A/bg_rad_kamen_floor05c_n_hhk.png,Textures/BG_RAD_KAMEN_A/bg_rad_kamen_floor05c_s_hhk.png,,BG_RAD_KAMEN_A/StaticMesh3/bg_rad_kamen_floor05a_sm_hhk.gltf,BG_RAD_KAMEN_A/MaterialInstanceConstant/bg_rad_kamen_floor05c_mi_hhk.mat
BG_RAD_KAMEN_A,BG_RAD_KAMEN_A__bg_rad_kamen_floor05d_mi_hhk,Textures/BG_RAD_KAMEN_A/bg_rad_kamen_floor05d_d_hhk.png,Textures/BG_RAD_KAMEN_A/bg_rad_kamen_floor05d_n_hhk.png,Textures/BG_RAD_KAMEN_A/bg_rad_kamen_floor05d_s_hhk.png,,BG_RAD_KAMEN_A/StaticMesh3/bg_rad_kamen_floor05a_sm_hhk.gltf,BG_RAD_KAMEN_A/MaterialInstanceConstant/bg_rad_kamen_floor05d_mi_hhk.mat
BG_RAD_KAMEN_A,BG_RAD_KAMEN_A__bg_rad_kamen_floor05a_mi_lsj,Textures/BG_RAD_KAMEN_A/bg_rad_kamen_floor05a_d_lsj.png,Textures/BG_RAD_KAMEN_A/bg_rad_kamen_floor05a_n_lsj.png,Textures/BG_RAD_KAMEN_A/bg_rad_kamen_floor05a_s_lsj.png,,BG_RAD_KAMEN_A/StaticMesh3/bg_rad_kamen_floor05b_sm.gltf,BG_RAD_KAMEN_A/MaterialInstanceConstant/bg_rad_kamen_floor05a_mi_lsj.mat
BG_RAD_KAMEN_A,BG_RAD_KAMEN_A__bg_rad_kamen_floor05b_mi_lsj,Textures/BG_RAD_KAMEN_A/bg_rad_kamen_floor05b_d_lsj.png,Textures/BG_RAD_KAMEN_A/bg_rad_kamen_floor05b_n_lsj.png,Textures/BG_RAD_KAMEN_A/bg_rad_kamen_floor05b_s_lsj.png,,BG_RAD_KAMEN_A/StaticMesh3/bg_rad_kamen_floor05b_sm.gltf,BG_RAD_KAMEN_A/MaterialInstanceConstant/bg_rad_kamen_floor05b_mi_lsj.mat
BG_RAD_KAMEN_A,BG_RAD_KAMEN_A__bg_rad_kamen_floor05a_mi_lsj,Textures/BG_RAD_KAMEN_A/bg_rad_kamen_floor05a_d_lsj.png,Textures/BG_RAD_KAMEN_A/bg_rad_kamen_floor05a_n_lsj.png,Textures/BG_RAD_KAMEN_A/bg_rad_kamen_floor05a_s_lsj.png,,BG_RAD_KAMEN_A/StaticMesh3/bg_rad_kamen_floor05c_sm.gltf,BG_RAD_KAMEN_A/MaterialInstanceConstant/bg_rad_kamen_floor05a_mi_lsj.mat
BG_RAD_KAMEN_A,BG_RAD_KAMEN_A__bg_rad_kamen_floor05b_mi_lsj,Textures/BG_RAD_KAMEN_A/bg_rad_kamen_floor05b_d_lsj.png,Textures/BG_RAD_KAMEN_A/bg_rad_kamen_floor05b_n_lsj.png,Textures/BG_RAD_KAMEN_A/bg_rad_kamen_floor05b_s_lsj.png,,BG_RAD_KAMEN_A/StaticMesh3/bg_rad_kamen_floor05c_sm.gltf,BG_RAD_KAMEN_A/MaterialInstanceConstant/bg_rad_kamen_floor05b_mi_lsj.mat
BG_RAD_KAMEN_A,BG_RAD_KAMEN_A__bg_rad_kamen_pillar03a_mi,,,,,BG_RAD_KAMEN_A/StaticMesh3/bg_rad_kamen_floor05c_sm.gltf,
BG_RAD_KAMEN_A,BG_RAD_KAMEN_A__bg_rad_kamen_chair01c_mi,Textures/BG_RAD_KAMEN_A/bg_rad_kamen_floor05e_d_jjh.png,Textures/BG_RAD_KAMEN_A/bg_rad_kamen_floor05e_n_jjh.png,Textures/BG_RAD_KAMEN_A/bg_rad_kamen_floor05e_s_jjh.png,,BG_RAD_KAMEN_A/StaticMesh3/bg_rad_kamen_floor05c_sm.gltf,BG_RAD_KAMEN_A/MaterialInstanceConstant/bg_rad_kamen_chair01c_mi.mat
BG_RAD_KAMEN_A,BG_RAD_KAMEN_A__bg_rad_kamen_floor05a_mi_lsj,Textures/BG_RAD_KAMEN_A/bg_rad_kamen_floor05a_d_lsj.png,Textures/BG_RAD_KAMEN_A/bg_rad_kamen_floor05a_n_lsj.png,Textures/BG_RAD_KAMEN_A/bg_rad_kamen_floor05a_s_lsj.png,,BG_RAD_KAMEN_A/StaticMesh3/bg_rad_kamen_floor05d_sm.gltf,BG_RAD_KAMEN_A/MaterialInstanceConstant/bg_rad_kamen_floor05a_mi_lsj.mat
BG_RAD_KAMEN_A,BG_RAD_KAMEN_A__bg_rad_kamen_floor05b_mi_lsj,Textures/BG_RAD_KAMEN_A/bg_rad_kamen_floor05b_d_lsj.png,Textures/BG_RAD_KAMEN_A/bg_rad_kamen_floor05b_n_lsj.png,Textures/BG_RAD_KAMEN_A/bg_rad_kamen_floor05b_s_lsj.png,,BG_RAD_KAMEN_A/StaticMesh3/bg_rad_kamen_floor05d_sm.gltf,BG_RAD_KAMEN_A/MaterialInstanceConstant/bg_rad_kamen_floor05b_mi_lsj.mat
BG_RAD_KAMEN_A,BG_RAD_KAMEN_A__bg_rad_kamen_pillar03a_mi,,,,,BG_RAD_KAMEN_A/StaticMesh3/bg_rad_kamen_floor05d_sm.gltf,
BG_RAD_KAMEN_A,BG_RAD_KAMEN_A__bg_rad_kamen_chair01c_mi,Textures/BG_RAD_KAMEN_A/bg_rad_kamen_floor05e_d_jjh.png,Textures/BG_RAD_KAMEN_A/bg_rad_kamen_floor05e_n_jjh.png,Textures/BG_RAD_KAMEN_A/bg_rad_kamen_floor05e_s_jjh.png,,BG_RAD_KAMEN_A/StaticMesh3/bg_rad_kamen_floor05d_sm.gltf,BG_RAD_KAMEN_A/MaterialInstanceConstant/bg_rad_kamen_chair01c_mi.mat
BG_RAD_KAMEN_A,BG_RAD_KAMEN_A__bg_rad_kamen_floor05a_mi_lsj,Textures/BG_RAD_KAMEN_A/bg_rad_kamen_floor05a_d_lsj.png,Textures/BG_RAD_KAMEN_A/bg_rad_kamen_floor05a_n_lsj.png,Textures/BG_RAD_KAMEN_A/bg_rad_kamen_floor05a_s_lsj.png,,BG_RAD_KAMEN_A/StaticMesh3/bg_rad_kamen_floor05e_sm.gltf,BG_RAD_KAMEN_A/MaterialInstanceConstant/bg_rad_kamen_floor05a_mi_lsj.mat
BG_RAD_KAMEN_A,BG_RAD_KAMEN_A__bg_rad_kamen_floor05b_mi_lsj,Textures/BG_RAD_KAMEN_A/bg_rad_kamen_floor05b_d_lsj.png,Textures/BG_RAD_KAMEN_A/bg_rad_kamen_floor05b_n_lsj.png,Textures/BG_RAD_KAMEN_A/bg_rad_kamen_floor05b_s_lsj.png,,BG_RAD_KAMEN_A/StaticMesh3/bg_rad_kamen_floor05e_sm.gltf,BG_RAD_KAMEN_A/MaterialInstanceConstant/bg_rad_kamen_floor05b_mi_lsj.mat
BG_RAD_KAMEN_A,BG_RAD_KAMEN_A__bg_rad_kamen_pillar03a_mi,,,,,BG_RAD_KAMEN_A/StaticMesh3/bg_rad_kamen_floor05e_sm.gltf,
BG_RAD_KAMEN_A,BG_RAD_KAMEN_A__bg_rad_kamen_chair01c_mi,Textures/BG_RAD_KAMEN_A/bg_rad_kamen_floor05e_d_jjh.png,Textures/BG_RAD_KAMEN_A/bg_rad_kamen_floor05e_n_jjh.png,Textures/BG_RAD_KAMEN_A/bg_rad_kamen_floor05e_s_jjh.png,,BG_RAD_KAMEN_A/StaticMesh3/bg_rad_kamen_floor05e_sm.gltf,BG_RAD_KAMEN_A/MaterialInstanceConstant/bg_rad_kamen_chair01c_mi.mat
BG_RAD_KAMEN_A,BG_RAD_KAMEN_A__bg_rad_kamen_floor05a_mi_lsj,Textures/BG_RAD_KAMEN_A/bg_rad_kamen_floor05a_d_lsj.png,Textures/BG_RAD_KAMEN_A/bg_rad_kamen_floor05a_n_lsj.png,Textures/BG_RAD_KAMEN_A/bg_rad_kamen_floor05a_s_lsj.png,,BG_RAD_KAMEN_A/StaticMesh3/bg_rad_kamen_floor05f_sm.gltf,BG_RAD_KAMEN_A/MaterialInstanceConstant/bg_rad_kamen_floor05a_mi_lsj.mat
BG_RAD_KAMEN_A,BG_RAD_KAMEN_A__bg_rad_kamen_floor05b_mi_lsj,Textures/BG_RAD_KAMEN_A/bg_rad_kamen_floor05b_d_lsj.png,Textures/BG_RAD_KAMEN_A/bg_rad_kamen_floor05b_n_lsj.png,Textures/BG_RAD_KAMEN_A/bg_rad_kamen_floor05b_s_lsj.png,,BG_RAD_KAMEN_A/StaticMesh3/bg_rad_kamen_floor05f_sm.gltf,BG_RAD_KAMEN_A/MaterialInstanceConstant/bg_rad_kamen_floor05b_mi_lsj.mat
BG_RAD_KAMEN_A,BG_RAD_KAMEN_A__bg_rad_kamen_pillar03a_mi,,,,,BG_RAD_KAMEN_A/StaticMesh3/bg_rad_kamen_floor05f_sm.gltf,
BG_RAD_KAMEN_A,BG_RAD_KAMEN_A__bg_rad_kamen_chair01c_mi,Textures/BG_RAD_KAMEN_A/bg_rad_kamen_floor05e_d_jjh.png,Textures/BG_RAD_KAMEN_A/bg_rad_kamen_floor05e_n_jjh.png,Textures/BG_RAD_KAMEN_A/bg_rad_kamen_floor05e_s_jjh.png,,BG_RAD_KAMEN_A/StaticMesh3/bg_rad_kamen_floor05f_sm.gltf,BG_RAD_KAMEN_A/MaterialInstanceConstant/bg_rad_kamen_chair01c_mi.mat
BG_RAD_KAMEN_A,BG_RAD_KAMEN_A__bg_rad_kamen_floor06b_mi_psy,Textures/BG_RAD_KAMEN_A/bg_rad_kamen_floor06b_d_psy.png,Textures/BG_RAD_KAMEN_A/bg_rad_kamen_floor06b_n_psy.png,,,BG_RAD_KAMEN_A/StaticMesh3/bg_rad_kamen_floor05g_sm.gltf,BG_RAD_KAMEN_A/MaterialInstanceConstant/bg_rad_kamen_floor06b_mi_psy.mat
BG_RAD_KAMEN_A,BG_RAD_KAMEN_A__bg_rad_kamen_floor06b_mi_psy,Textures/BG_RAD_KAMEN_A/bg_rad_kamen_floor06b_d_psy.png,Textures/BG_RAD_KAMEN_A/bg_rad_kamen_floor06b_n_psy.png,,,BG_RAD_KAMEN_A/StaticMesh3/bg_rad_kamen_floor05h_sm.gltf,BG_RAD_KAMEN_A/MaterialInstanceConstant/bg_rad_kamen_floor06b_mi_psy.mat
BG_RAD_KAMEN_A,BG_RAD_KAMEN_A__bg_rad_kamen_floor06_mi_psy,Textures/BG_RAD_KAMEN_A/bg_rad_kamen_floor06_da_psy.png,Textures/BG_RAD_KAMEN_A/bg_rad_kamen_floor06_n_psy.png,,,BG_RAD_KAMEN_A/StaticMesh3/bg_rad_kamen_floor06_sm_psy.gltf,BG_RAD_KAMEN_A/MaterialInstanceConstant/bg_rad_kamen_floor06_mi_psy.mat
BG_RAD_KAMEN_A,BG_RAD_KAMEN_A__bg_rad_kamen_floor06a_mi_psy,Textures/BG_RAD_KAMEN_A/bg_rad_kamen_floor06a_da_psy.png,Textures/BG_RAD_KAMEN_A/bg_rad_kamen_floor06a_n_psy.png,,,BG_RAD_KAMEN_A/StaticMesh3/bg_rad_kamen_floor06_sm_psy.gltf,BG_RAD_KAMEN_A/MaterialInstanceConstant/bg_rad_kamen_floor06a_mi_psy.mat
BG_RAD_KAMEN_A,BG_RAD_KAMEN_A__bg_rad_kamen_floor06b_mi_psy,Textures/BG_RAD_KAMEN_A/bg_rad_kamen_floor06b_d_psy.png,Textures/BG_RAD_KAMEN_A/bg_rad_kamen_floor06b_n_psy.png,,,BG_RAD_KAMEN_A/StaticMesh3/bg_rad_kamen_floor06_sm_psy.gltf,BG_RAD_KAMEN_A/MaterialInstanceConstant/bg_rad_kamen_floor06b_mi_psy.mat
BG_RAD_KAMEN_B,BG_RAD_KAMEN_B__bg_rad_kamen_deco01_mi_snark,Textures/BG_RAD_KAMEN_B/bg_rad_kamen_deco01_d_snark.png,Textures/BG_RAD_KAMEN_B/bg_rad_kamen_deco01_n_snark.png,Textures/BG_RAD_KAMEN_B/bg_rad_kamen_deco01_s_snark.png,Textures/BG_RAD_KAMEN_B/bg_rad_kamen_deco01_em_snark.png,BG_RAD_KAMEN_B/StaticMesh3/bg_rad_kamen_deco01_sm_snark.gltf,BG_RAD_KAMEN_B/MaterialInstanceConstant/bg_rad_kamen_deco01_mi_snark.mat
BG_RAD_KAMEN_B,BG_RAD_KAMEN_B__bg_rad_kamen_deco01a_mi_snark,Textures/BG_RAD_KAMEN_B/bg_rad_kamen_deco01a_d_snark.png,Textures/BG_RAD_KAMEN_B/bg_rad_kamen_deco01a_n_snark.png,Textures/BG_RAD_KAMEN_B/bg_rad_kamen_deco01a_s_snark.png,,BG_RAD_KAMEN_B/StaticMesh3/bg_rad_kamen_deco01_sm_snark.gltf,BG_RAD_KAMEN_B/MaterialInstanceConstant/bg_rad_kamen_deco01a_mi_snark.mat
BG_RAD_KAMEN_B,BG_RAD_KAMEN_B__bg_rad_kamen_deco02_mi_kjs,Textures/BG_RAD_KAMEN_B/bg_rad_kamen_deco02_d_kjs.png,Textures/BG_RAD_KAMEN_B/bg_rad_kamen_deco02_na_kjs.png,Textures/BG_RAD_KAMEN_B/bg_rad_kamen_deco02_s_kjs.png,,BG_RAD_KAMEN_B/StaticMesh3/bg_rad_kamen_deco02_sm_kjs.gltf,BG_RAD_KAMEN_B/MaterialInstanceConstant/bg_rad_kamen_deco02_mi_kjs.mat
BG_RAD_KAMEN_B,BG_RAD_KAMEN_B__bg_rad_kamen_deco02_mi_kjs,Textures/BG_RAD_KAMEN_B/bg_rad_kamen_deco02_d_kjs.png,Textures/BG_RAD_KAMEN_B/bg_rad_kamen_deco02_na_kjs.png,Textures/BG_RAD_KAMEN_B/bg_rad_kamen_deco02_s_kjs.png,,BG_RAD_KAMEN_B/StaticMesh3/bg_rad_kamen_deco02a_sm_kjs.gltf,BG_RAD_KAMEN_B/MaterialInstanceConstant/bg_rad_kamen_deco02_mi_kjs.mat
BG_RAD_KAMEN_B,BG_RAD_KAMEN_B__bg_rad_kamen_deco02_mi_kjs,Textures/BG_RAD_KAMEN_B/bg_rad_kamen_deco02_d_kjs.png,Textures/BG_RAD_KAMEN_B/bg_rad_kamen_deco02_na_kjs.png,Textures/BG_RAD_KAMEN_B/bg_rad_kamen_deco02_s_kjs.png,,BG_RAD_KAMEN_B/StaticMesh3/bg_rad_kamen_deco02b_sm_kjs.gltf,BG_RAD_KAMEN_B/MaterialInstanceConstant/bg_rad_kamen_deco02_mi_kjs.mat
BG_RAD_KAMEN_B,BG_RAD_KAMEN_B__bg_rad_kamen_deco03_mi,,,,,BG_RAD_KAMEN_B/StaticMesh3/bg_rad_kamen_deco03_sm.gltf,BG_RAD_KAMEN_B/MaterialInstanceConstant/bg_rad_kamen_deco03_mi.mat
BG_RAD_KAMEN_B,BG_RAD_KAMEN_B__bg_rad_kamen_floor07_mi_ksr,Textures/BG_RAD_KAMEN_B/bg_rad_kamen_floor07_d_ksr.png,Textures/BG_RAD_KAMEN_B/bg_rad_kamen_floor07_n_ksr.png,,,BG_RAD_KAMEN_B/StaticMesh3/bg_rad_kamen_floor07_sm.gltf,BG_RAD_KAMEN_B/MaterialInstanceConstant/bg_rad_kamen_floor07_mi_ksr.mat
BG_RAD_KAMEN_B,BG_RAD_KAMEN_B__bg_rad_kamen_floor07a_mi_ksr,Textures/BG_RAD_KAMEN_B/bg_rad_kamen_floor07_d_ksr.png,Textures/BG_RAD_KAMEN_B/bg_rad_kamen_floor07_n_ksr.png,,,BG_RAD_KAMEN_B/StaticMesh3/bg_rad_kamen_floor07_sm.gltf,BG_RAD_KAMEN_B/MaterialInstanceConstant/bg_rad_kamen_floor07a_mi_ksr.mat
BG_RAD_KAMEN_B,BG_RAD_KAMEN_B__bg_rad_kamen_floor07e_mi_ksr,Textures/BG_RAD_KAMEN_B/bg_rad_kamen_floor07e_d_ksr.png,Textures/BG_RAD_KAMEN_B/bg_rad_kamen_floor07_n_ksr.png,,,BG_RAD_KAMEN_B/StaticMesh3/bg_rad_kamen_floor07_sm.gltf,BG_RAD_KAMEN_B/MaterialInstanceConstant/bg_rad_kamen_floor07e_mi_ksr.mat
BG_RAD_KAMEN_B,BG_RAD_KAMEN_B__bg_rad_kamen_floor07c_mi_ksr,Textures/BG_RAD_KAMEN_B/bg_rad_kamen_floor08c_da_ksr.png,Textures/BG_RAD_KAMEN_B/bg_rad_kamen_floor08c_n_ksr.png,,,BG_RAD_KAMEN_B/StaticMesh3/bg_rad_kamen_floor07a_sm.gltf,BG_RAD_KAMEN_B/MaterialInstanceConstant/bg_rad_kamen_floor07c_mi_ksr.mat
BG_RAD_KAMEN_B,BG_RAD_KAMEN_B__bg_rad_kamen_floor07d_mi_ksr,Textures/BG_RAD_KAMEN_B/bg_rad_kamen_floor07a_d_ksr.png,Textures/BG_RAD_KAMEN_B/bg_rad_kamen_floor07a_n_ksr.png,,Textures/BG_RAD_KAMEN_B/bg_rad_kamen_floor07a_em_ksr.png,BG_RAD_KAMEN_B/StaticMesh3/bg_rad_kamen_floor07b_sm.gltf,BG_RAD_KAMEN_B/MaterialInstanceConstant/bg_rad_kamen_floor07d_mi_ksr.mat
BG_RAD_KAMEN_B,BG_RAD_KAMEN_B__bg_rad_kamen_floor07_mi_ksr,Textures/BG_RAD_KAMEN_B/bg_rad_kamen_floor07_d_ksr.png,Textures/BG_RAD_KAMEN_B/bg_rad_kamen_floor07_n_ksr.png,,,BG_RAD_KAMEN_B/StaticMesh3/bg_rad_kamen_floor07c_sm.gltf,BG_RAD_KAMEN_B/MaterialInstanceConstant/bg_rad_kamen_floor07_mi_ksr.mat
BG_RAD_KAMEN_B,BG_RAD_KAMEN_B__bg_rad_kamen_floor07a_mi_ksr,Textures/BG_RAD_KAMEN_B/bg_rad_kamen_floor07_d_ksr.png,Textures/BG_RAD_KAMEN_B/bg_rad_kamen_floor07_n_ksr.png,,,BG_RAD_KAMEN_B/StaticMesh3/bg_rad_kamen_floor07c_sm.gltf,BG_RAD_KAMEN_B/MaterialInstanceConstant/bg_rad_kamen_floor07a_mi_ksr.mat
BG_RAD_KAMEN_B,BG_RAD_KAMEN_B__bg_rad_kamen_floor07b_mi_ksr,Textures/BG_RAD_KAMEN_B/bg_rad_kamen_floor07_d_ksr.png,Textures/BG_RAD_KAMEN_B/bg_rad_kamen_floor07_n_ksr.png,,,BG_RAD_KAMEN_B/StaticMesh3/bg_rad_kamen_floor07c_sm.gltf,BG_RAD_KAMEN_B/MaterialInstanceConstant/bg_rad_kamen_floor07b_mi_ksr.mat
BG_RAD_KAMEN_B,BG_RAD_KAMEN_B__bg_atm_etc_bridge06a_mi,,,,,BG_RAD_KAMEN_B/StaticMesh3/bg_rad_kamen_floor07c_sm.gltf,
BG_RAD_KAMEN_B,BG_RAD_KAMEN_B__bg_rad_kamen_floor07_mi_ksr,Textures/BG_RAD_KAMEN_B/bg_rad_kamen_floor07_d_ksr.png,Textures/BG_RAD_KAMEN_B/bg_rad_kamen_floor07_n_ksr.png,,,BG_RAD_KAMEN_B/StaticMesh3/bg_rad_kamen_floor07d_sm.gltf,BG_RAD_KAMEN_B/MaterialInstanceConstant/bg_rad_kamen_floor07_mi_ksr.mat
BG_RAD_KAMEN_B,BG_RAD_KAMEN_B__bg_atm_etc_bridge06a_mi,,,,,BG_RAD_KAMEN_B/StaticMesh3/bg_rad_kamen_floor07d_sm.gltf,
BG_RAD_KAMEN_B,BG_RAD_KAMEN_B__bg_rad_kamen_floor07_mi_ksr,Textures/BG_RAD_KAMEN_B/bg_rad_kamen_floor07_d_ksr.png,Textures/BG_RAD_KAMEN_B/bg_rad_kamen_floor07_n_ksr.png,,,BG_RAD_KAMEN_B/StaticMesh3/bg_rad_kamen_floor07e_sm.gltf,BG_RAD_KAMEN_B/MaterialInstanceConstant/bg_rad_kamen_floor07_mi_ksr.mat
BG_RAD_KAMEN_B,BG_RAD_KAMEN_B__bg_atm_etc_bridge06a_mi,,,,,BG_RAD_KAMEN_B/StaticMesh3/bg_rad_kamen_floor07e_sm.gltf,
BG_RAD_KAMEN_B,BG_RAD_KAMEN_B__bg_rad_kamen_floor08_mi_ksr,Textures/BG_RAD_KAMEN_B/bg_rad_kamen_floor08_da_ksr.png,Textures/BG_RAD_KAMEN_B/bg_rad_kamen_floor08_n_ksr.png,,Textures/BG_RAD_KAMEN_B/bg_rad_kamen_floor08_em_ksr.png,BG_RAD_KAMEN_B/StaticMesh3/bg_rad_kamen_floor08_sm.gltf,BG_RAD_KAMEN_B/MaterialInstanceConstant/bg_rad_kamen_floor08_mi_ksr.mat
BG_RAD_KAMEN_B,BG_RAD_KAMEN_B__bg_rad_kamen_floor08a_mi_ksr,Textures/BG_RAD_KAMEN_B/bg_rad_kamen_floor08a_da_ksr.png,Textures/BG_RAD_KAMEN_B/bg_rad_kamen_floor08a_n_ksr.png,,Textures/BG_RAD_KAMEN_B/bg_rad_kamen_floor08a_em_ksr.png,BG_RAD_KAMEN_B/StaticMesh3/bg_rad_kamen_floor08_sm.gltf,BG_RAD_KAMEN_B/MaterialInstanceConstant/bg_rad_kamen_floor08a_mi_ksr.mat
BG_RAD_KAMEN_B,BG_RAD_KAMEN_B__bg_rad_kamen_floor08c_mi_ksr,Textures/BG_RAD_KAMEN_B/bg_rad_kamen_floor08b_da_ksr.png,Textures/BG_RAD_KAMEN_B/bg_rad_kamen_floor08b_n_ksr.png,,Textures/BG_RAD_KAMEN_B/bg_rad_kamen_floor08b_em_ksr.png,BG_RAD_KAMEN_B/StaticMesh3/bg_rad_kamen_floor08_sm.gltf,BG_RAD_KAMEN_B/MaterialInstanceConstant/bg_rad_kamen_floor08c_mi_ksr.mat
BG_RAD_KAMEN_B,BG_RAD_KAMEN_B__bg_rad_kamen_floor08d_mi_ksr,Textures/BG_RAD_KAMEN_B/bg_rad_kamen_floor08c_da_ksr.png,Textures/BG_RAD_KAMEN_B/bg_rad_kamen_floor08c_n_ksr.png,,,BG_RAD_KAMEN_B/StaticMesh3/bg_rad_kamen_floor08_sm.gltf,BG_RAD_KAMEN_B/MaterialInstanceConstant/bg_rad_kamen_floor08d_mi_ksr.mat
BG_RAD_KAMEN_B,BG_RAD_KAMEN_B__bg_rad_kamen_floor08d_mi_ksr,Textures/BG_RAD_KAMEN_B/bg_rad_kamen_floor08c_da_ksr.png,Textures/BG_RAD_KAMEN_B/bg_rad_kamen_floor08c_n_ksr.png,,,BG_RAD_KAMEN_B/StaticMesh3/bg_rad_kamen_floor08a_sm.gltf,BG_RAD_KAMEN_B/MaterialInstanceConstant/bg_rad_kamen_floor08d_mi_ksr.mat
BG_RAD_KAMEN_B,BG_RAD_KAMEN_B__bg_rad_kamen_floor08_mi_ksr,Textures/BG_RAD_KAMEN_B/bg_rad_kamen_floor08_da_ksr.png,Textures/BG_RAD_KAMEN_B/bg_rad_kamen_floor08_n_ksr.png,,Textures/BG_RAD_KAMEN_B/bg_rad_kamen_floor08_em_ksr.png,BG_RAD_KAMEN_B/StaticMesh3/bg_rad_kamen_floor08b_sm.gltf,BG_RAD_KAMEN_B/MaterialInstanceConstant/bg_rad_kamen_floor08_mi_ksr.mat
BG_RAD_KAMEN_B,BG_RAD_KAMEN_B__bg_rad_kamen_floor08a_mi_ksr,Textures/BG_RAD_KAMEN_B/bg_rad_kamen_floor08a_da_ksr.png,Textures/BG_RAD_KAMEN_B/bg_rad_kamen_floor08a_n_ksr.png,,Textures/BG_RAD_KAMEN_B/bg_rad_kamen_floor08a_em_ksr.png,BG_RAD_KAMEN_B/StaticMesh3/bg_rad_kamen_floor08b_sm.gltf,BG_RAD_KAMEN_B/MaterialInstanceConstant/bg_rad_kamen_floor08a_mi_ksr.mat
BG_RAD_KAMEN_B,BG_RAD_KAMEN_B__bg_rad_kamen_floor08c_mi_ksr,Textures/BG_RAD_KAMEN_B/bg_rad_kamen_floor08b_da_ksr.png,Textures/BG_RAD_KAMEN_B/bg_rad_kamen_floor08b_n_ksr.png,,Textures/BG_RAD_KAMEN_B/bg_rad_kamen_floor08b_em_ksr.png,BG_RAD_KAMEN_B/StaticMesh3/bg_rad_kamen_floor08b_sm.gltf,BG_RAD_KAMEN_B/MaterialInstanceConstant/bg_rad_kamen_floor08c_mi_ksr.mat
BG_RAD_KAMEN_B,BG_RAD_KAMEN_B__bg_rad_kamen_floor08_mi_ksr,Textures/BG_RAD_KAMEN_B/bg_rad_kamen_floor08_da_ksr.png,Textures/BG_RAD_KAMEN_B/bg_rad_kamen_floor08_n_ksr.png,,Textures/BG_RAD_KAMEN_B/bg_rad_kamen_floor08_em_ksr.png,BG_RAD_KAMEN_B/StaticMesh3/bg_rad_kamen_floor08c_sm.gltf,BG_RAD_KAMEN_B/MaterialInstanceConstant/bg_rad_kamen_floor08_mi_ksr.mat
BG_RAD_KAMEN_B,BG_RAD_KAMEN_B__bg_rad_kamen_floor08a_mi_ksr,Textures/BG_RAD_KAMEN_B/bg_rad_kamen_floor08a_da_ksr.png,Textures/BG_RAD_KAMEN_B/bg_rad_kamen_floor08a_n_ksr.png,,Textures/BG_RAD_KAMEN_B/bg_rad_kamen_floor08a_em_ksr.png,BG_RAD_KAMEN_B/StaticMesh3/bg_rad_kamen_floor08c_sm.gltf,BG_RAD_KAMEN_B/MaterialInstanceConstant/bg_rad_kamen_floor08a_mi_ksr.mat
BG_RAD_KAMEN_B,BG_RAD_KAMEN_B__bg_rad_kamen_floor08c_mi_ksr,Textures/BG_RAD_KAMEN_B/bg_rad_kamen_floor08b_da_ksr.png,Textures/BG_RAD_KAMEN_B/bg_rad_kamen_floor08b_n_ksr.png,,Textures/BG_RAD_KAMEN_B/bg_rad_kamen_floor08b_em_ksr.png,BG_RAD_KAMEN_B/StaticMesh3/bg_rad_kamen_floor08d_sm.gltf,BG_RAD_KAMEN_B/MaterialInstanceConstant/bg_rad_kamen_floor08c_mi_ksr.mat
BG_RAD_KAMEN_B,BG_RAD_KAMEN_B__bg_rad_kamen_floor08_mi_ksr,Textures/BG_RAD_KAMEN_B/bg_rad_kamen_floor08_da_ksr.png,Textures/BG_RAD_KAMEN_B/bg_rad_kamen_floor08_n_ksr.png,,Textures/BG_RAD_KAMEN_B/bg_rad_kamen_floor08_em_ksr.png,BG_RAD_KAMEN_B/StaticMesh3/bg_rad_kamen_floor08e_sm.gltf,BG_RAD_KAMEN_B/MaterialInstanceConstant/bg_rad_kamen_floor08_mi_ksr.mat
BG_RAD_KAMEN_B,BG_RAD_KAMEN_B__bg_rad_kamen_floor08a_mi_ksr,Textures/BG_RAD_KAMEN_B/bg_rad_kamen_floor08a_da_ksr.png,Textures/BG_RAD_KAMEN_B/bg_rad_kamen_floor08a_n_ksr.png,,Textures/BG_RAD_KAMEN_B/bg_rad_kamen_floor08a_em_ksr.png,BG_RAD_KAMEN_B/StaticMesh3/bg_rad_kamen_floor08f_sm.gltf,BG_RAD_KAMEN_B/MaterialInstanceConstant/bg_rad_kamen_floor08a_mi_ksr.mat
BG_RAD_KAMEN_B,BG_RAD_KAMEN_B__bg_rad_kamen_floor08a_mi_ksr,Textures/BG_RAD_KAMEN_B/bg_rad_kamen_floor08a_da_ksr.png,Textures/BG_RAD_KAMEN_B/bg_rad_kamen_floor08a_n_ksr.png,,Textures/BG_RAD_KAMEN_B/bg_rad_kamen_floor08a_em_ksr.png,BG_RAD_KAMEN_B/StaticMesh3/bg_rad_kamen_floor08g_sm.gltf,BG_RAD_KAMEN_B/MaterialInstanceConstant/bg_rad_kamen_floor08a_mi_ksr.mat
BG_RAD_KAMEN_B,BG_RAD_KAMEN_B__bg_rad_kamen_floor08a_mi_ksr,Textures/BG_RAD_KAMEN_B/bg_rad_kamen_floor08a_da_ksr.png,Textures/BG_RAD_KAMEN_B/bg_rad_kamen_floor08a_n_ksr.png,,Textures/BG_RAD_KAMEN_B/bg_rad_kamen_floor08a_em_ksr.png,BG_RAD_KAMEN_B/StaticMesh3/bg_rad_kamen_floor08h_sm.gltf,BG_RAD_KAMEN_B/MaterialInstanceConstant/bg_rad_kamen_floor08a_mi_ksr.mat
BG_RAD_KAMEN_B,BG_RAD_KAMEN_B__bg_rad_kamen_floor08a_mi_ksr,Textures/BG_RAD_KAMEN_B/bg_rad_kamen_floor08a_da_ksr.png,Textures/BG_RAD_KAMEN_B/bg_rad_kamen_floor08a_n_ksr.png,,Textures/BG_RAD_KAMEN_B/bg_rad_kamen_floor08a_em_ksr.png,BG_RAD_KAMEN_B/StaticMesh3/bg_rad_kamen_floor08i_sm.gltf,BG_RAD_KAMEN_B/MaterialInstanceConstant/bg_rad_kamen_floor08a_mi_ksr.mat
BG_RAD_KAMEN_B,BG_RAD_KAMEN_B__bg_rad_kamen_floor09_mi_cjy,Textures/BG_RAD_KAMEN_B/bg_rad_kamen_floor09_d_cjy.png,Textures/BG_RAD_KAMEN_B/bg_rad_kamen_floor09_n_cjy.png,Textures/BG_RAD_KAMEN_B/bg_rad_kamen_floor09_s_cjy.png,,BG_RAD_KAMEN_B/StaticMesh3/bg_rad_kamen_floor09_sm_cjy.gltf,BG_RAD_KAMEN_B/MaterialInstanceConstant/bg_rad_kamen_floor09_mi_cjy.mat
BG_RAD_KAMEN_B,BG_RAD_KAMEN_B__bg_rad_kamen_floor10_mi_pcs,Textures/BG_RAD_KAMEN_B/bg_rad_kamen_floor10_d_pcs.png,Textures/BG_RAD_KAMEN_B/bg_rad_kamen_floor10_n_pcs.png,Textures/BG_RAD_KAMEN_B/bg_rad_kamen_floor10_s_pcs.png,,BG_RAD_KAMEN_B/StaticMesh3/bg_rad_kamen_floor10_sm.gltf,BG_RAD_KAMEN_B/MaterialInstanceConstant/bg_rad_kamen_floor10_mi_pcs.mat
BG_RAD_KAMEN_B,BG_RAD_KAMEN_B__bg_rad_kamen_pillar07_mi_hht,Textures/BG_RAD_KAMEN_B/bg_rad_kamen_pillar07_d_hht.png,Textures/BG_RAD_KAMEN_B/bg_rad_kamen_pillar07_n_hht.png,Textures/BG_RAD_KAMEN_B/bg_rad_kamen_pillar07_s_hht.png,,BG_RAD_KAMEN_B/StaticMesh3/bg_rad_kamen_pillar07_sm.gltf,BG_RAD_KAMEN_B/MaterialInstanceConstant/bg_rad_kamen_pillar07_mi_hht.mat
BG_RAD_KAMEN_B,BG_RAD_KAMEN_B__bg_rad_kamen_pillar07a_mi_hht,Textures/BG_RAD_KAMEN_B/bg_rad_kamen_pillar07a_d_hht.png,Textures/BG_RAD_KAMEN_B/bg_rad_kamen_pillar07a_n_hht.png,Textures/BG_RAD_KAMEN_B/bg_rad_kamen_pillar07a_s_hht.png,,BG_RAD_KAMEN_B/StaticMesh3/bg_rad_kamen_pillar07_sm.gltf,BG_RAD_KAMEN_B/MaterialInstanceConstant/bg_rad_kamen_pillar07a_mi_hht.mat
BG_RAD_KAMEN_B,BG_RAD_KAMEN_B__bg_rad_kamen_pillar07_mi_hht,Textures/BG_RAD_KAMEN_B/bg_rad_kamen_pillar07_d_hht.png,Textures/BG_RAD_KAMEN_B/bg_rad_kamen_pillar07_n_hht.png,Textures/BG_RAD_KAMEN_B/bg_rad_kamen_pillar07_s_hht.png,,BG_RAD_KAMEN_B/StaticMesh3/bg_rad_kamen_pillar07a_sm.gltf,BG_RAD_KAMEN_B/MaterialInstanceConstant/bg_rad_kamen_pillar07_mi_hht.mat
BG_RAD_KAMEN_B,BG_RAD_KAMEN_B__bg_rad_kamen_pillar07a_mi_hht,Textures/BG_RAD_KAMEN_B/bg_rad_kamen_pillar07a_d_hht.png,Textures/BG_RAD_KAMEN_B/bg_rad_kamen_pillar07a_n_hht.png,Textures/BG_RAD_KAMEN_B/bg_rad_kamen_pillar07a_s_hht.png,,BG_RAD_KAMEN_B/StaticMesh3/bg_rad_kamen_pillar07a_sm.gltf,BG_RAD_KAMEN_B/MaterialInstanceConstant/bg_rad_kamen_pillar07a_mi_hht.mat
BG_RAD_KAMEN_B,BG_RAD_KAMEN_B__bg_rad_kamen_pillar07_mi_hht,Textures/BG_RAD_KAMEN_B/bg_rad_kamen_pillar07_d_hht.png,Textures/BG_RAD_KAMEN_B/bg_rad_kamen_pillar07_n_hht.png,Textures/BG_RAD_KAMEN_B/bg_rad_kamen_pillar07_s_hht.png,,BG_RAD_KAMEN_B/StaticMesh3/bg_rad_kamen_pillar07b_sm.gltf,BG_RAD_KAMEN_B/MaterialInstanceConstant/bg_rad_kamen_pillar07_mi_hht.mat
BG_RAD_KAMEN_B,BG_RAD_KAMEN_B__bg_rad_kamen_pillar07a_mi_hht,Textures/BG_RAD_KAMEN_B/bg_rad_kamen_pillar07a_d_hht.png,Textures/BG_RAD_KAMEN_B/bg_rad_kamen_pillar07a_n_hht.png,Textures/BG_RAD_KAMEN_B/bg_rad_kamen_pillar07a_s_hht.png,,BG_RAD_KAMEN_B/StaticMesh3/bg_rad_kamen_pillar07c_sm.gltf,BG_RAD_KAMEN_B/MaterialInstanceConstant/bg_rad_kamen_pillar07a_mi_hht.mat
BG_RAD_KAMEN_B,BG_RAD_KAMEN_B__bg_rad_kamen_pillar07a_mi_hht,Textures/BG_RAD_KAMEN_B/bg_rad_kamen_pillar07a_d_hht.png,Textures/BG_RAD_KAMEN_B/bg_rad_kamen_pillar07a_n_hht.png,Textures/BG_RAD_KAMEN_B/bg_rad_kamen_pillar07a_s_hht.png,,BG_RAD_KAMEN_B/StaticMesh3/bg_rad_kamen_pillar07d_sm.gltf,BG_RAD_KAMEN_B/MaterialInstanceConstant/bg_rad_kamen_pillar07a_mi_hht.mat
BG_RAD_KAMEN_B,BG_RAD_KAMEN_B__bg_rad_kamen_pillar08_mi_alchemy,Textures/BG_RAD_KAMEN_B/bg_rad_kamen_pillar08_d_alchemy.png,Textures/BG_RAD_KAMEN_B/bg_rad_kamen_pillar08_n_alchemy.png,Textures/BG_RAD_KAMEN_B/bg_rad_kamen_pillar08_s_alchemy.png,,BG_RAD_KAMEN_B/StaticMesh3/bg_rad_kamen_pillar08_sm_alchemy.gltf,BG_RAD_KAMEN_B/MaterialInstanceConstant/bg_rad_kamen_pillar08_mi_alchemy.mat
BG_RAD_KAMEN_B,BG_RAD_KAMEN_B__bg_rad_kamen_pillar08a_mi_alchemy,Textures/BG_RAD_KAMEN_B/bg_rad_kamen_pillar08a_d_alchemy.png,Textures/BG_RAD_KAMEN_B/bg_rad_kamen_pillar08a_n_alchemy.png,Textures/BG_RAD_KAMEN_B/bg_rad_kamen_pillar08a_s_alchemy.png,,BG_RAD_KAMEN_B/StaticMesh3/bg_rad_kamen_pillar08_sm_alchemy.gltf,BG_RAD_KAMEN_B/MaterialInstanceConstant/bg_rad_kamen_pillar08a_mi_alchemy.mat
BG_RAD_KAMEN_B,BG_RAD_KAMEN_B__bg_rad_kamen_pillar08_mi_alchemy,Textures/BG_RAD_KAMEN_B/bg_rad_kamen_pillar08_d_alchemy.png,Textures/BG_RAD_KAMEN_B/bg_rad_kamen_pillar08_n_alchemy.png,Textures/BG_RAD_KAMEN_B/bg_rad_kamen_pillar08_s_alchemy.png,,BG_RAD_KAMEN_B/StaticMesh3/bg_rad_kamen_pillar08a_sm_alchemy.gltf,BG_RAD_KAMEN_B/MaterialInstanceConstant/bg_rad_kamen_pillar08_mi_alchemy.mat
BG_RAD_KAMEN_B,BG_RAD_KAMEN_B__bg_rad_kamen_pillar09_mi_hhk,Textures/BG_RAD_KAMEN_B/bg_rad_kamen_pillar09_d_hhk.png,Textures/BG_RAD_KAMEN_B/bg_rad_kamen_pillar09_n_hhk.png,Textures/BG_RAD_KAMEN_B/bg_rad_kamen_pillar09_s_hhk.png,,BG_RAD_KAMEN_B/StaticMesh3/bg_rad_kamen_pillar09_sm_hhk.gltf,BG_RAD_KAMEN_B/MaterialInstanceConstant/bg_rad_kamen_pillar09_mi_hhk.mat
BG_RAD_KAMEN_B,BG_RAD_KAMEN_B__bg_rad_kamen_pillar09a_mi_hhk,Textures/BG_RAD_KAMEN_B/bg_rad_kamen_pillar09a_d_hhk.png,Textures/BG_RAD_KAMEN_B/bg_rad_kamen_pillar09a_n_hhk.png,Textures/BG_RAD_KAMEN_B/bg_rad_kamen_pillar09a_s_hhk.png,,BG_RAD_KAMEN_B/StaticMesh3/bg_rad_kamen_pillar09_sm_hhk.gltf,BG_RAD_KAMEN_B/MaterialInstanceConstant/bg_rad_kamen_pillar09a_mi_hhk.mat
BG_RAD_KAMEN_B,BG_RAD_KAMEN_B__bg_rad_kamen_pillar09a_mi_hhk,Textures/BG_RAD_KAMEN_B/bg_rad_kamen_pillar09a_d_hhk.png,Textures/BG_RAD_KAMEN_B/bg_rad_kamen_pillar09a_n_hhk.png,Textures/BG_RAD_KAMEN_B/bg_rad_kamen_pillar09a_s_hhk.png,,BG_RAD_KAMEN_B/StaticMesh3/bg_rad_kamen_pillar09a_sm_cjy.gltf,BG_RAD_KAMEN_B/MaterialInstanceConstant/bg_rad_kamen_pillar09a_mi_hhk.mat
BG_RAD_KAMEN_B,BG_RAD_KAMEN_B__bg_common_crackrock01b_mi_ksr,,,,,BG_RAD_KAMEN_B/StaticMesh3/bg_rad_kamen_pillar09a_sm_cjy.gltf,
BG_RAD_KAMEN_B,BG_RAD_KAMEN_B__bg_rad_kamen_pillar09_mi_hhk,Textures/BG_RAD_KAMEN_B/bg_rad_kamen_pillar09_d_hhk.png,Textures/BG_RAD_KAMEN_B/bg_rad_kamen_pillar09_n_hhk.png,Textures/BG_RAD_KAMEN_B/bg_rad_kamen_pillar09_s_hhk.png,,BG_RAD_KAMEN_B/StaticMesh3/bg_rad_kamen_pillar09lowpoly_sm_hhk.gltf,BG_RAD_KAMEN_B/MaterialInstanceConstant/bg_rad_kamen_pillar09_mi_hhk.mat
BG_RAD_KAMEN_B,BG_RAD_KAMEN_B__bg_rad_kamen_pillar09a_mi_hhk,Textures/BG_RAD_KAMEN_B/bg_rad_kamen_pillar09a_d_hhk.png,Textures/BG_RAD_KAMEN_B/bg_rad_kamen_pillar09a_n_hhk.png,Textures/BG_RAD_KAMEN_B/bg_rad_kamen_pillar09a_s_hhk.png,,BG_RAD_KAMEN_B/StaticMesh3/bg_rad_kamen_pillar09lowpoly_sm_hhk.gltf,BG_RAD_KAMEN_B/MaterialInstanceConstant/bg_rad_kamen_pillar09a_mi_hhk.mat
BG_RAD_KAMEN_B,BG_RAD_KAMEN_B__bg_rad_kamen_wall01_mi_alchemy,Textures/BG_RAD_KAMEN_B/bg_rad_kamen_wall01_d_alchemy.png,Textures/BG_RAD_KAMEN_B/bg_rad_kamen_wall01_n_alchemy.png,Textures/BG_RAD_KAMEN_B/bg_rad_kamen_wall01_s_alchemy.png,,BG_RAD_KAMEN_B/StaticMesh3/bg_rad_kamen_wall01_sm_alchemy.gltf,BG_RAD_KAMEN_B/MaterialInstanceConstant/bg_rad_kamen_wall01_mi_alchemy.mat
BG_RAD_KAMEN_B,BG_RAD_KAMEN_B__bg_rad_kamen_wall01a_mi_alchemy,Textures/BG_RAD_KAMEN_B/bg_rad_kamen_wall01a_d_alchemy.png,Textures/BG_RAD_KAMEN_B/bg_rad_kamen_wall01a_n_alchemy.png,Textures/BG_RAD_KAMEN_B/bg_rad_kamen_wall01a_s_alchemy.png,,BG_RAD_KAMEN_B/StaticMesh3/bg_rad_kamen_wall01_sm_alchemy.gltf,BG_RAD_KAMEN_B/MaterialInstanceConstant/bg_rad_kamen_wall01a_mi_alchemy.mat
BG_RAD_KAMEN_C,BG_RAD_KAMEN_C__bg_rad_kamen_floor11_mi_lsj,Textures/BG_RAD_KAMEN_C/bg_rad_kamen_floor11_d_lsj.png,Textures/BG_RAD_KAMEN_C/bg_rad_kamen_floor11_n_lsj.png,Textures/BG_RAD_KAMEN_C/bg_rad_kamen_floor11_s_lsj.png,,BG_RAD_KAMEN_C/StaticMesh3/bg_rad_kamen_floor11_sm.gltf,BG_RAD_KAMEN_C/MaterialInstanceConstant/bg_rad_kamen_floor11_mi_lsj.mat
BG_RAD_KAMEN_C,BG_RAD_KAMEN_C__bg_rad_kamen_floor11_mi_lsj,Textures/BG_RAD_KAMEN_C/bg_rad_kamen_floor11_d_lsj.png,Textures/BG_RAD_KAMEN_C/bg_rad_kamen_floor11_n_lsj.png,Textures/BG_RAD_KAMEN_C/bg_rad_kamen_floor11_s_lsj.png,,BG_RAD_KAMEN_C/StaticMesh3/bg_rad_kamen_floor11a_sm.gltf,BG_RAD_KAMEN_C/MaterialInstanceConstant/bg_rad_kamen_floor11_mi_lsj.mat
BG_RAD_KAMEN_C,BG_RAD_KAMEN_C__bg_rad_kamen_floor12_mi_ksr,Textures/BG_RAD_KAMEN_C/bg_rad_kamen_floor12_d_ksr.png,Textures/BG_RAD_KAMEN_C/bg_rad_kamen_floor12_n_ksr.png,,,BG_RAD_KAMEN_C/StaticMesh3/bg_rad_kamen_floor12_sm.gltf,BG_RAD_KAMEN_C/MaterialInstanceConstant/bg_rad_kamen_floor12_mi_ksr.mat
BG_RAD_KAMEN_C,BG_RAD_KAMEN_C__bg_rad_kamen_floor12a_mi_ksr,Textures/BG_RAD_KAMEN_C/bg_rad_kamen_floor12a_d_ksr.png,Textures/BG_RAD_KAMEN_C/bg_rad_kamen_floor12a_n_ksr.png,,,BG_RAD_KAMEN_C/StaticMesh3/bg_rad_kamen_floor12_sm.gltf,BG_RAD_KAMEN_C/MaterialInstanceConstant/bg_rad_kamen_floor12a_mi_ksr.mat
BG_RAD_KAMEN_C,BG_RAD_KAMEN_C__bg_rad_kamen_floor12b_mi_ksr,,,,,BG_RAD_KAMEN_C/StaticMesh3/bg_rad_kamen_floor12_sm.gltf,BG_RAD_KAMEN_C/MaterialInstanceConstant/bg_rad_kamen_floor12b_mi_ksr.mat
BG_RAD_KAMEN_C,BG_RAD_KAMEN_C__bg_rad_kamen_floor12_mi_ksr,Textures/BG_RAD_KAMEN_C/bg_rad_kamen_floor12_d_ksr.png,Textures/BG_RAD_KAMEN_C/bg_rad_kamen_floor12_n_ksr.png,,,BG_RAD_KAMEN_C/StaticMesh3/bg_rad_kamen_floor12a_sm.gltf,BG_RAD_KAMEN_C/MaterialInstanceConstant/bg_rad_kamen_floor12_mi_ksr.mat
BG_RAD_KAMEN_C,BG_RAD_KAMEN_C__bg_rad_kamen_floor12a_mi_ksr,Textures/BG_RAD_KAMEN_C/bg_rad_kamen_floor12a_d_ksr.png,Textures/BG_RAD_KAMEN_C/bg_rad_kamen_floor12a_n_ksr.png,,,BG_RAD_KAMEN_C/StaticMesh3/bg_rad_kamen_floor12a_sm.gltf,BG_RAD_KAMEN_C/MaterialInstanceConstant/bg_rad_kamen_floor12a_mi_ksr.mat
BG_RAD_KAMEN_C,BG_RAD_KAMEN_C__bg_rad_kamen_pillar01_mi_cjy,Textures/BG_RAD_KAMEN_C/bg_rad_kamen_pillar01_d_cjy.png,Textures/BG_RAD_KAMEN_C/bg_rad_kamen_pillar01_n_cjy.png,Textures/BG_RAD_KAMEN_C/bg_rad_kamen_pillar01_s_cjy.png,,BG_RAD_KAMEN_C/StaticMesh3/bg_rad_kamen_pillar01_sm_cjy.gltf,BG_RAD_KAMEN_C/MaterialInstanceConstant/bg_rad_kamen_pillar01_mi_cjy.mat
BG_RAD_KAMEN_C,BG_RAD_KAMEN_C__bg_rad_kamen_pillar01_mi_cjy,Textures/BG_RAD_KAMEN_C/bg_rad_kamen_pillar01_d_cjy.png,Textures/BG_RAD_KAMEN_C/bg_rad_kamen_pillar01_n_cjy.png,Textures/BG_RAD_KAMEN_C/bg_rad_kamen_pillar01_s_cjy.png,,BG_RAD_KAMEN_C/StaticMesh3/bg_rad_kamen_pillar01a_sm_cjy.gltf,BG_RAD_KAMEN_C/MaterialInstanceConstant/bg_rad_kamen_pillar01_mi_cjy.mat
BG_RAD_KAMEN_C,BG_RAD_KAMEN_C__bg_rad_kamen_pillar02_mi_hhk,Textures/BG_RAD_KAMEN_C/bg_rad_kamen_pillar02_d_hhk.png,Textures/BG_RAD_KAMEN_C/bg_rad_kamen_pillar02_n_hhk.png,Textures/BG_RAD_KAMEN_C/bg_rad_kamen_pillar02_s_hhk.png,,BG_RAD_KAMEN_C/StaticMesh3/bg_rad_kamen_pillar02_sm_hhk.gltf,BG_RAD_KAMEN_C/MaterialInstanceConstant/bg_rad_kamen_pillar02_mi_hhk.mat
BG_RAD_KAMEN_C,BG_RAD_KAMEN_C__bg_rad_kamen_pillar02_mi_hhk,Textures/BG_RAD_KAMEN_C/bg_rad_kamen_pillar02_d_hhk.png,Textures/BG_RAD_KAMEN_C/bg_rad_kamen_pillar02_n_hhk.png,Textures/BG_RAD_KAMEN_C/bg_rad_kamen_pillar02_s_hhk.png,,BG_RAD_KAMEN_C/StaticMesh3/bg_rad_kamen_pillar02a_sm_cjy.gltf,BG_RAD_KAMEN_C/MaterialInstanceConstant/bg_rad_kamen_pillar02_mi_hhk.mat
BG_RAD_KAMEN_C,BG_RAD_KAMEN_C__bg_common_crackrock01a_mi_ksr,,,,,BG_RAD_KAMEN_C/StaticMesh3/bg_rad_kamen_pillar02a_sm_cjy.gltf,
BG_RAD_KAMEN_C,BG_RAD_KAMEN_C__bg_rad_kamen_pillar02_mi_hhk,Textures/BG_RAD_KAMEN_C/bg_rad_kamen_pillar02_d_hhk.png,Textures/BG_RAD_KAMEN_C/bg_rad_kamen_pillar02_n_hhk.png,Textures/BG_RAD_KAMEN_C/bg_rad_kamen_pillar02_s_hhk.png,,BG_RAD_KAMEN_C/StaticMesh3/bg_rad_kamen_pillar02lowpoly_sm_hhk.gltf,BG_RAD_KAMEN_C/MaterialInstanceConstant/bg_rad_kamen_pillar02_mi_hhk.mat
BG_RAD_KAMEN_C,BG_RAD_KAMEN_C__bg_rad_kamen_pillar03_mi_csw,Textures/BG_RAD_KAMEN_C/bg_rad_kamen_pillar03_d_csw.png,Textures/BG_RAD_KAMEN_C/bg_rad_kamen_pillar03_n_csw.png,Textures/BG_RAD_KAMEN_C/bg_rad_kamen_pillar03_s_csw.png,,BG_RAD_KAMEN_C/StaticMesh3/bg_rad_kamen_pillar03_sm_csw.gltf,BG_RAD_KAMEN_C/MaterialInstanceConstant/bg_rad_kamen_pillar03_mi_csw.mat
BG_RAD_KAMEN_C,BG_RAD_KAMEN_C__bg_rad_kamen_pillar03a_mi,Textures/BG_RAD_KAMEN_C/bg_rad_kamen_pillar03_d_csw.png,Textures/BG_RAD_KAMEN_C/bg_rad_kamen_pillar03_n_csw.png,Textures/BG_RAD_KAMEN_C/bg_rad_kamen_pillar03_s_csw.png,,BG_RAD_KAMEN_C/StaticMesh3/bg_rad_kamen_pillar03a_sm_cjy.gltf,BG_RAD_KAMEN_C/MaterialInstanceConstant/bg_rad_kamen_pillar03a_mi.mat
BG_RAD_KAMEN_C,BG_RAD_KAMEN_C__bg_common_crackrock01a_mi_ksr,,,,,BG_RAD_KAMEN_C/StaticMesh3/bg_rad_kamen_pillar03a_sm_cjy.gltf,
BG_RAD_KAMEN_C,BG_RAD_KAMEN_C__bg_rad_kamen_pillar03_mi_csw,Textures/BG_RAD_KAMEN_C/bg_rad_kamen_pillar03_d_csw.png,Textures/BG_RAD_KAMEN_C/bg_rad_kamen_pillar03_n_csw.png,Textures/BG_RAD_KAMEN_C/bg_rad_kamen_pillar03_s_csw.png,,BG_RAD_KAMEN_C/StaticMesh3/bg_rad_kamen_pillar03b_sm_cjy.gltf,BG_RAD_KAMEN_C/MaterialInstanceConstant/bg_rad_kamen_pillar03_mi_csw.mat
BG_RAD_KAMEN_C,BG_RAD_KAMEN_C__bg_common_crackrock01a_mi_ksr,,,,,BG_RAD_KAMEN_C/StaticMesh3/bg_rad_kamen_pillar03b_sm_cjy.gltf,
BG_RAD_KAMEN_C,BG_RAD_KAMEN_C__bg_rad_kamen_pillar04_mi_kjs,Textures/BG_RAD_KAMEN_C/bg_rad_kamen_pillar04_d_kjs.png,Textures/BG_RAD_KAMEN_C/bg_rad_kamen_pillar04_n_kjs.png,Textures/BG_RAD_KAMEN_C/bg_rad_kamen_pillar04_s_kjs.png,,BG_RAD_KAMEN_C/StaticMesh3/bg_rad_kamen_pillar04_sm_kjs.gltf,BG_RAD_KAMEN_C/MaterialInstanceConstant/bg_rad_kamen_pillar04_mi_kjs.mat
BG_RAD_KAMEN_C,BG_RAD_KAMEN_C__bg_rad_kamen_pillar05_mi_cwk,Textures/BG_RAD_KAMEN_C/bg_rad_kamen_pillar05_d_cwk.png,Textures/BG_RAD_KAMEN_C/bg_rad_kamen_pillar05_n_cwk.png,Textures/BG_RAD_KAMEN_C/bg_rad_kamen_pillar05_s_cwk.png,,BG_RAD_KAMEN_C/StaticMesh3/bg_rad_kamen_pillar05_sm.gltf,BG_RAD_KAMEN_C/MaterialInstanceConstant/bg_rad_kamen_pillar05_mi_cwk.mat
BG_RAD_KAMEN_C,BG_RAD_KAMEN_C__bg_rad_kamen_pillar05a_mi_cwk,Textures/BG_RAD_KAMEN_C/bg_rad_kamen_pillar05a_d_cwk.png,Textures/BG_RAD_KAMEN_C/bg_rad_kamen_pillar05a_n_cwk.png,Textures/BG_RAD_KAMEN_C/bg_rad_kamen_pillar05a_s_cwk.png,,BG_RAD_KAMEN_C/StaticMesh3/bg_rad_kamen_pillar05_sm.gltf,BG_RAD_KAMEN_C/MaterialInstanceConstant/bg_rad_kamen_pillar05a_mi_cwk.mat
BG_RAD_KAMEN_C,BG_RAD_KAMEN_C__bg_rad_kamen_pillar06_mi_cjy,Textures/BG_RAD_KAMEN_C/bg_rad_kamen_pillar06_d_cjy.png,Textures/BG_RAD_KAMEN_C/bg_rad_kamen_pillar06_n_cjy.png,Textures/BG_RAD_KAMEN_C/bg_rad_kamen_pillar06_s_cjy.png,,BG_RAD_KAMEN_C/StaticMesh3/bg_rad_kamen_pillar06_sm_cjy.gltf,BG_RAD_KAMEN_C/MaterialInstanceConstant/bg_rad_kamen_pillar06_mi_cjy.mat
BG_RAD_KAMEN_C,BG_RAD_KAMEN_C__bg_rad_kamen_pillar06_mi_cjy,Textures/BG_RAD_KAMEN_C/bg_rad_kamen_pillar06_d_cjy.png,Textures/BG_RAD_KAMEN_C/bg_rad_kamen_pillar06_n_cjy.png,Textures/BG_RAD_KAMEN_C/bg_rad_kamen_pillar06_s_cjy.png,,BG_RAD_KAMEN_C/StaticMesh3/bg_rad_kamen_pillar06a_sm_cjy.gltf,BG_RAD_KAMEN_C/MaterialInstanceConstant/bg_rad_kamen_pillar06_mi_cjy.mat
BG_RAD_KAMEN_C,BG_RAD_KAMEN_C__bg_rad_kamen_pillar10_mi_alchemy,Textures/BG_RAD_KAMEN_C/bg_rad_kamen_pillar10_d_alchemy.png,Textures/BG_RAD_KAMEN_C/bg_rad_kamen_pillar10_n_alchemy.png,Textures/BG_RAD_KAMEN_C/bg_rad_kamen_pillar10_s_alchemy.png,,BG_RAD_KAMEN_C/StaticMesh3/bg_rad_kamen_pillar10_sm_alchemy.gltf,BG_RAD_KAMEN_C/MaterialInstanceConstant/bg_rad_kamen_pillar10_mi_alchemy.mat
BG_RAD_KAMEN_C,BG_RAD_KAMEN_C__bg_rad_kamen_pillar10a_mi_alchemy,Textures/BG_RAD_KAMEN_C/bg_rad_kamen_pillar10a_d_alchemy.png,Textures/BG_RAD_KAMEN_C/bg_rad_kamen_pillar10a_n_alchemy.png,Textures/BG_RAD_KAMEN_C/bg_rad_kamen_pillar10a_s_alchemy.png,,BG_RAD_KAMEN_C/StaticMesh3/bg_rad_kamen_pillar10_sm_alchemy.gltf,BG_RAD_KAMEN_C/MaterialInstanceConstant/bg_rad_kamen_pillar10a_mi_alchemy.mat
BG_RAD_KAMEN_C,BG_RAD_KAMEN_C__bg_rad_kamen_pillar01_mi_cjy,Textures/BG_RAD_KAMEN_C/bg_rad_kamen_pillar01_d_cjy.png,Textures/BG_RAD_KAMEN_C/bg_rad_kamen_pillar01_n_cjy.png,Textures/BG_RAD_KAMEN_C/bg_rad_kamen_pillar01_s_cjy.png,,BG_RAD_KAMEN_C/StaticMesh3/bg_rad_kamen_pillar10_sm_alchemy.gltf,BG_RAD_KAMEN_C/MaterialInstanceConstant/bg_rad_kamen_pillar01_mi_cjy.mat
BG_RAD_KAMEN_C,BG_RAD_KAMEN_C__bg_rad_kamen_pillar11_mi_alchemy,Textures/BG_RAD_KAMEN_C/bg_rad_kamen_pillar11_d_alchemy.png,Textures/BG_RAD_KAMEN_C/bg_rad_kamen_pillar11_n_alchemy.png,Textures/BG_RAD_KAMEN_C/bg_rad_kamen_pillar11_s_alchemy.png,,BG_RAD_KAMEN_C/StaticMesh3/bg_rad_kamen_pillar11_sm_alchemy.gltf,BG_RAD_KAMEN_C/MaterialInstanceConstant/bg_rad_kamen_pillar11_mi_alchemy.mat
BG_RAD_KAMEN_D,BG_RAD_KAMEN_D__bg_rad_kamen_housedome01_mi_hhk,Textures/BG_RAD_KAMEN_D/bg_rad_kamen_housedome01_d_hhk.png,Textures/BG_RAD_KAMEN_D/bg_rad_kamen_housedome01_na_hhk.png,Textures/BG_RAD_KAMEN_D/bg_rad_kamen_housedome01_s_hhk.png,,BG_RAD_KAMEN_D/StaticMesh3/bg_rad_kamen_column01_sm_hhk.gltf,BG_RAD_KAMEN_D/MaterialInstanceConstant/bg_rad_kamen_housedome01_mi_hhk.mat
BG_RAD_KAMEN_D,BG_RAD_KAMEN_D__bg_rad_kamen_housedome01_mi_hhk,Textures/BG_RAD_KAMEN_D/bg_rad_kamen_housedome01_d_hhk.png,Textures/BG_RAD_KAMEN_D/bg_rad_kamen_housedome01_na_hhk.png,Textures/BG_RAD_KAMEN_D/bg_rad_kamen_housedome01_s_hhk.png,,BG_RAD_KAMEN_D/StaticMesh3/bg_rad_kamen_column01a_sm_hhk.gltf,BG_RAD_KAMEN_D/MaterialInstanceConstant/bg_rad_kamen_housedome01_mi_hhk.mat
BG_RAD_KAMEN_D,BG_RAD_KAMEN_D__bg_rad_kamen_gate01_mi_jjh,Textures/BG_RAD_KAMEN_D/bg_rad_kamen_gate01_d_jjh.png,Textures/BG_RAD_KAMEN_D/bg_rad_kamen_gate01_n_jjh.png,Textures/BG_RAD_KAMEN_D/bg_rad_kamen_gate01_s_jjh.png,,BG_RAD_KAMEN_D/StaticMesh3/bg_rad_kamen_column02_sm_jjh.gltf,BG_RAD_KAMEN_D/MaterialInstanceConstant/bg_rad_kamen_gate01_mi_jjh.mat
BG_RAD_KAMEN_D,BG_RAD_KAMEN_D__bg_rad_kamen_gate01a_mi_jjh,Textures/BG_RAD_KAMEN_D/bg_rad_kamen_gate01a_d_jjh.png,Textures/BG_RAD_KAMEN_D/bg_rad_kamen_gate01a_n_jjh.png,Textures/BG_RAD_KAMEN_D/bg_rad_kamen_gate01a_s_jjh.png,,BG_RAD_KAMEN_D/StaticMesh3/bg_rad_kamen_column02_sm_jjh.gltf,BG_RAD_KAMEN_D/MaterialInstanceConstant/bg_rad_kamen_gate01a_mi_jjh.mat
BG_RAD_KAMEN_D,BG_RAD_KAMEN_D__bg_rad_kamen_housedome01c_mi_hhk,Textures/BG_RAD_KAMEN_D/bg_rad_kamen_housedome01c_da_hhk.png,Textures/BG_RAD_KAMEN_D/bg_rad_kamen_housedome01c_na_hhk.png,Textures/BG_RAD_KAMEN_D/bg_rad_kamen_housedome01c_s_hhk.png,,BG_RAD_KAMEN_D/StaticMesh3/bg_rad_kamen_deco01_sm_hhk.gltf,BG_RAD_KAMEN_D/MaterialInstanceConstant/bg_rad_kamen_housedome01c_mi_hhk.mat
BG_RAD_KAMEN_D,BG_RAD_KAMEN_D__bg_rad_kamen_housedome01c_mi_hhk,Textures/BG_RAD_KAMEN_D/bg_rad_kamen_housedome01c_da_hhk.png,Textures/BG_RAD_KAMEN_D/bg_rad_kamen_housedome01c_na_hhk.png,Textures/BG_RAD_KAMEN_D/bg_rad_kamen_housedome01c_s_hhk.png,,BG_RAD_KAMEN_D/StaticMesh3/bg_rad_kamen_deco02_sm_hhk.gltf,BG_RAD_KAMEN_D/MaterialInstanceConstant/bg_rad_kamen_housedome01c_mi_hhk.mat
BG_RAD_KAMEN_D,BG_RAD_KAMEN_D__bg_rad_kamen_housedome01c_mi_hhk,Textures/BG_RAD_KAMEN_D/bg_rad_kamen_housedome01c_da_hhk.png,Textures/BG_RAD_KAMEN_D/bg_rad_kamen_housedome01c_na_hhk.png,Textures/BG_RAD_KAMEN_D/bg_rad_kamen_housedome01c_s_hhk.png,,BG_RAD_KAMEN_D/StaticMesh3/bg_rad_kamen_deco03_sm_hhk.gltf,BG_RAD_KAMEN_D/MaterialInstanceConstant/bg_rad_kamen_housedome01c_mi_hhk.mat
BG_RAD_KAMEN_D,BG_RAD_KAMEN_D__bg_rad_kamen_gate01_mi_jjh,Textures/BG_RAD_KAMEN_D/bg_rad_kamen_gate01_d_jjh.png,Textures/BG_RAD_KAMEN_D/bg_rad_kamen_gate01_n_jjh.png,Textures/BG_RAD_KAMEN_D/bg_rad_kamen_gate01_s_jjh.png,,BG_RAD_KAMEN_D/StaticMesh3/bg_rad_kamen_deco04_sm_jjh.gltf,BG_RAD_KAMEN_D/MaterialInstanceConstant/bg_rad_kamen_gate01_mi_jjh.mat
BG_RAD_KAMEN_D,BG_RAD_KAMEN_D__bg_rad_kamen_gate01a_mi_jjh,Textures/BG_RAD_KAMEN_D/bg_rad_kamen_gate01a_d_jjh.png,Textures/BG_RAD_KAMEN_D/bg_rad_kamen_gate01a_n_jjh.png,Textures/BG_RAD_KAMEN_D/bg_rad_kamen_gate01a_s_jjh.png,,BG_RAD_KAMEN_D/StaticMesh3/bg_rad_kamen_deco04_sm_jjh.gltf,BG_RAD_KAMEN_D/MaterialInstanceConstant/bg_rad_kamen_gate01a_mi_jjh.mat
BG_RAD_KAMEN_D,BG_RAD_KAMEN_D__bg_rad_kamen_gate01_mi_jjh,Textures/BG_RAD_KAMEN_D/bg_rad_kamen_gate01_d_jjh.png,Textures/BG_RAD_KAMEN_D/bg_rad_kamen_gate01_n_jjh.png,Textures/BG_RAD_KAMEN_D/bg_rad_kamen_gate01_s_jjh.png,,BG_RAD_KAMEN_D/StaticMesh3/bg_rad_kamen_deco05_sm_jjh.gltf,BG_RAD_KAMEN_D/MaterialInstanceConstant/bg_rad_kamen_gate01_mi_jjh.mat
BG_RAD_KAMEN_D,BG_RAD_KAMEN_D__bg_rad_kamen_gate01b_mi_jjh,Textures/BG_RAD_KAMEN_D/bg_rad_kamen_gate01b_d_jjh.png,Textures/BG_RAD_KAMEN_D/bg_rad_kamen_gate01b_n_jjh.png,Textures/BG_RAD_KAMEN_D/bg_rad_kamen_gate01b_s_jjh.png,,BG_RAD_KAMEN_D/StaticMesh3/bg_rad_kamen_deco06_sm_jjh.gltf,BG_RAD_KAMEN_D/MaterialInstanceConstant/bg_rad_kamen_gate01b_mi_jjh.mat
BG_RAD_KAMEN_D,BG_RAD_KAMEN_D__bg_rad_kamen_gate01_mi_jjh,Textures/BG_RAD_KAMEN_D/bg_rad_kamen_gate01_d_jjh.png,Textures/BG_RAD_KAMEN_D/bg_rad_kamen_gate01_n_jjh.png,Textures/BG_RAD_KAMEN_D/bg_rad_kamen_gate01_s_jjh.png,,BG_RAD_KAMEN_D/StaticMesh3/bg_rad_kamen_gate01_sm_jjh.gltf,BG_RAD_KAMEN_D/MaterialInstanceConstant/bg_rad_kamen_gate01_mi_jjh.mat
BG_RAD_KAMEN_D,BG_RAD_KAMEN_D__bg_rad_kamen_gate01a_mi_jjh,Textures/BG_RAD_KAMEN_D/bg_rad_kamen_gate01a_d_jjh.png,Textures/BG_RAD_KAMEN_D/bg_rad_kamen_gate01a_n_jjh.png,Textures/BG_RAD_KAMEN_D/bg_rad_kamen_gate01a_s_jjh.png,,BG_RAD_KAMEN_D/StaticMesh3/bg_rad_kamen_gate01_sm_jjh.gltf,BG_RAD_KAMEN_D/MaterialInstanceConstant/bg_rad_kamen_gate01a_mi_jjh.mat
BG_RAD_KAMEN_D,BG_RAD_KAMEN_D__bg_ple_common_bridge02_mi_ksr,,,,,BG_RAD_KAMEN_D/StaticMesh3/bg_rad_kamen_gate01_sm_jjh.gltf,
BG_RAD_KAMEN_D,BG_RAD_KAMEN_D__bg_rad_kamen_gate01b_mi_jjh,Textures/BG_RAD_KAMEN_D/bg_rad_kamen_gate01b_d_jjh.png,Textures/BG_RAD_KAMEN_D/bg_rad_kamen_gate01b_n_jjh.png,Textures/BG_RAD_KAMEN_D/bg_rad_kamen_gate01b_s_jjh.png,,BG_RAD_KAMEN_D/StaticMesh3/bg_rad_kamen_gate01_sm_jjh.gltf,BG_RAD_KAMEN_D/MaterialInstanceConstant/bg_rad_kamen_gate01b_mi_jjh.mat
BG_RAD_KAMEN_D,BG_RAD_KAMEN_D__bg_rad_kamen_housedome01_mi_hhk,Textures/BG_RAD_KAMEN_D/bg_rad_kamen_housedome01_d_hhk.png,Textures/BG_RAD_KAMEN_D/bg_rad_kamen_housedome01_na_hhk.png,Textures/BG_RAD_KAMEN_D/bg_rad_kamen_housedome01_s_hhk.png,,BG_RAD_KAMEN_D/StaticMesh3/bg_rad_kamen_housedome01_sm_hhk.gltf,BG_RAD_KAMEN_D/MaterialInstanceConstant/bg_rad_kamen_housedome01_mi_hhk.mat
BG_RAD_KAMEN_D,BG_RAD_KAMEN_D__bg_rad_kamen_housedome01a_mi_hhk,Textures/BG_RAD_KAMEN_D/bg_rad_kamen_housedome01a_d_hhk.png,Textures/BG_RAD_KAMEN_D/bg_rad_kamen_housedome01a_na_hhk.png,Textures/BG_RAD_KAMEN_D/bg_rad_kamen_housedome01a_s_hhk.png,,BG_RAD_KAMEN_D/StaticMesh3/bg_rad_kamen_housedome01_sm_hhk.gltf,BG_RAD_KAMEN_D/MaterialInstanceConstant/bg_rad_kamen_housedome01a_mi_hhk.mat
BG_RAD_KAMEN_D,BG_RAD_KAMEN_D__bg_rad_kamen_housedome01b_mi_hhk,Textures/BG_RAD_KAMEN_D/bg_rad_kamen_housedome01b_d_hhk.png,Textures/BG_RAD_KAMEN_D/bg_rad_kamen_housedome01b_na_hhk.png,Textures/BG_RAD_KAMEN_D/bg_rad_kamen_housedome01b_s_hhk.png,,BG_RAD_KAMEN_D/StaticMesh3/bg_rad_kamen_housedome01_sm_hhk.gltf,BG_RAD_KAMEN_D/MaterialInstanceConstant/bg_rad_kamen_housedome01b_mi_hhk.mat
BG_RAD_KAMEN_D,BG_RAD_KAMEN_D__bg_rad_kamen_housedome01c_mi_hhk,Textures/BG_RAD_KAMEN_D/bg_rad_kamen_housedome01c_da_hhk.png,Textures/BG_RAD_KAMEN_D/bg_rad_kamen_housedome01c_na_hhk.png,Textures/BG_RAD_KAMEN_D/bg_rad_kamen_housedome01c_s_hhk.png,,BG_RAD_KAMEN_D/StaticMesh3/bg_rad_kamen_housedome01_sm_hhk.gltf,BG_RAD_KAMEN_D/MaterialInstanceConstant/bg_rad_kamen_housedome01c_mi_hhk.mat
BG_RAD_KAMEN_D,BG_RAD_KAMEN_D__bg_rad_kamen_housedome01_mi_hhk,Textures/BG_RAD_KAMEN_D/bg_rad_kamen_housedome01_d_hhk.png,Textures/BG_RAD_KAMEN_D/bg_rad_kamen_housedome01_na_hhk.png,Textures/BG_RAD_KAMEN_D/bg_rad_kamen_housedome01_s_hhk.png,,BG_RAD_KAMEN_D/StaticMesh3/bg_rad_kamen_housedome01a_sm_hhk.gltf,BG_RAD_KAMEN_D/MaterialInstanceConstant/bg_rad_kamen_housedome01_mi_hhk.mat
BG_RAD_KAMEN_D,BG_RAD_KAMEN_D__bg_rad_kamen_housedome01a_mi_hhk,Textures/BG_RAD_KAMEN_D/bg_rad_kamen_housedome01a_d_hhk.png,Textures/BG_RAD_KAMEN_D/bg_rad_kamen_housedome01a_na_hhk.png,Textures/BG_RAD_KAMEN_D/bg_rad_kamen_housedome01a_s_hhk.png,,BG_RAD_KAMEN_D/StaticMesh3/bg_rad_kamen_housedome01a_sm_hhk.gltf,BG_RAD_KAMEN_D/MaterialInstanceConstant/bg_rad_kamen_housedome01a_mi_hhk.mat
BG_RAD_KAMEN_D,BG_RAD_KAMEN_D__bg_rad_kamen_housedome01b_mi_hhk,Textures/BG_RAD_KAMEN_D/bg_rad_kamen_housedome01b_d_hhk.png,Textures/BG_RAD_KAMEN_D/bg_rad_kamen_housedome01b_na_hhk.png,Textures/BG_RAD_KAMEN_D/bg_rad_kamen_housedome01b_s_hhk.png,,BG_RAD_KAMEN_D/StaticMesh3/bg_rad_kamen_housedome01a_sm_hhk.gltf,BG_RAD_KAMEN_D/MaterialInstanceConstant/bg_rad_kamen_housedome01b_mi_hhk.mat
BG_RAD_KAMEN_D,BG_RAD_KAMEN_D__bg_rad_kamen_housedome01c_mi_hhk,Textures/BG_RAD_KAMEN_D/bg_rad_kamen_housedome01c_da_hhk.png,Textures/BG_RAD_KAMEN_D/bg_rad_kamen_housedome01c_na_hhk.png,Textures/BG_RAD_KAMEN_D/bg_rad_kamen_housedome01c_s_hhk.png,,BG_RAD_KAMEN_D/StaticMesh3/bg_rad_kamen_housedome01a_sm_hhk.gltf,BG_RAD_KAMEN_D/MaterialInstanceConstant/bg_rad_kamen_housedome01c_mi_hhk.mat
BG_RAD_KAMEN_D,BG_RAD_KAMEN_D__bg_rad_illiakan_column01c_mi_rsh,,,,,BG_RAD_KAMEN_D/StaticMesh3/bg_rad_kamen_housedome01a_sm_hhk.gltf,
BG_RAD_KAMEN_D,BG_RAD_KAMEN_D__bg_rad_kamen_housedome01_mi_hhk,Textures/BG_RAD_KAMEN_D/bg_rad_kamen_housedome01_d_hhk.png,Textures/BG_RAD_KAMEN_D/bg_rad_kamen_housedome01_na_hhk.png,Textures/BG_RAD_KAMEN_D/bg_rad_kamen_housedome01_s_hhk.png,,BG_RAD_KAMEN_D/StaticMesh3/bg_rad_kamen_wall01_sm_hhk.gltf,BG_RAD_KAMEN_D/MaterialInstanceConstant/bg_rad_kamen_housedome01_mi_hhk.mat
BG_RAD_KAMEN_D,BG_RAD_KAMEN_D__bg_rad_kamen_housedome01a_mi_hhk,Textures/BG_RAD_KAMEN_D/bg_rad_kamen_housedome01a_d_hhk.png,Textures/BG_RAD_KAMEN_D/bg_rad_kamen_housedome01a_na_hhk.png,Textures/BG_RAD_KAMEN_D/bg_rad_kamen_housedome01a_s_hhk.png,,BG_RAD_KAMEN_D/StaticMesh3/bg_rad_kamen_wall02_sm_hhk.gltf,BG_RAD_KAMEN_D/MaterialInstanceConstant/bg_rad_kamen_housedome01a_mi_hhk.mat
BG_RAD_KAMEN_D,BG_RAD_KAMEN_D__bg_rad_kamen_gate01b_mi_jjh,Textures/BG_RAD_KAMEN_D/bg_rad_kamen_gate01b_d_jjh.png,Textures/BG_RAD_KAMEN_D/bg_rad_kamen_gate01b_n_jjh.png,Textures/BG_RAD_KAMEN_D/bg_rad_kamen_gate01b_s_jjh.png,,BG_RAD_KAMEN_D/StaticMesh3/bg_rad_kamen_wall02_sm_jjh.gltf,BG_RAD_KAMEN_D/MaterialInstanceConstant/bg_rad_kamen_gate01b_mi_jjh.mat
BG_RAD_KAMEN_D,BG_RAD_KAMEN_D__bg_rad_kamen_housedome01b_mi_hhk,Textures/BG_RAD_KAMEN_D/bg_rad_kamen_housedome01b_d_hhk.png,Textures/BG_RAD_KAMEN_D/bg_rad_kamen_housedome01b_na_hhk.png,Textures/BG_RAD_KAMEN_D/bg_rad_kamen_housedome01b_s_hhk.png,,BG_RAD_KAMEN_D/StaticMesh3/bg_rad_kamen_wall03_sm_hhk.gltf,BG_RAD_KAMEN_D/MaterialInstanceConstant/bg_rad_kamen_housedome01b_mi_hhk.mat
BG_RAD_KAMEN_D,BG_RAD_KAMEN_D__bg_rad_kamen_gate01b_mi_jjh,Textures/BG_RAD_KAMEN_D/bg_rad_kamen_gate01b_d_jjh.png,Textures/BG_RAD_KAMEN_D/bg_rad_kamen_gate01b_n_jjh.png,Textures/BG_RAD_KAMEN_D/bg_rad_kamen_gate01b_s_jjh.png,,BG_RAD_KAMEN_D/StaticMesh3/bg_rad_kamen_wall03_sm_jjh.gltf,BG_RAD_KAMEN_D/MaterialInstanceConstant/bg_rad_kamen_gate01b_mi_jjh.mat
BG_RAD_KAMEN_D,BG_RAD_KAMEN_D__bg_rad_kamen_housedome01a_mi_hhk,Textures/BG_RAD_KAMEN_D/bg_rad_kamen_housedome01a_d_hhk.png,Textures/BG_RAD_KAMEN_D/bg_rad_kamen_housedome01a_na_hhk.png,Textures/BG_RAD_KAMEN_D/bg_rad_kamen_housedome01a_s_hhk.png,,BG_RAD_KAMEN_D/StaticMesh3/bg_rad_kamen_wall04_sm_hhk.gltf,BG_RAD_KAMEN_D/MaterialInstanceConstant/bg_rad_kamen_housedome01a_mi_hhk.mat
BG_RAD_KAMEN_D,BG_RAD_KAMEN_D__bg_rad_kamen_window01a_mi_psy,Textures/BG_RAD_KAMEN_D/bg_rad_kamen_window01a_d_psy.png,Textures/BG_RAD_KAMEN_D/bg_rad_kamen_window01a_n_psy.png,,,BG_RAD_KAMEN_D/StaticMesh3/bg_rad_kamen_window01_sm_psy.gltf,BG_RAD_KAMEN_D/MaterialInstanceConstant/bg_rad_kamen_window01a_mi_psy.mat
BG_RAD_KAMEN_D,BG_RAD_KAMEN_D__bg_rad_kamen_window01b_mi_psy,Textures/BG_RAD_KAMEN_D/bg_rad_kamen_window01b_da_psy.png,Textures/BG_RAD_KAMEN_D/bg_rad_kamen_window01b_na_psy.png,,,BG_RAD_KAMEN_D/StaticMesh3/bg_rad_kamen_window01_sm_psy.gltf,BG_RAD_KAMEN_D/MaterialInstanceConstant/bg_rad_kamen_window01b_mi_psy.mat
BG_RAD_KAMEN_D,BG_RAD_KAMEN_D__bg_rad_kamen_housedome01b_mi_hhk,Textures/BG_RAD_KAMEN_D/bg_rad_kamen_housedome01b_d_hhk.png,Textures/BG_RAD_KAMEN_D/bg_rad_kamen_housedome01b_na_hhk.png,Textures/BG_RAD_KAMEN_D/bg_rad_kamen_housedome01b_s_hhk.png,,BG_RAD_KAMEN_D/StaticMesh3/bg_rad_kamen_window02_sm_hhk.gltf,BG_RAD_KAMEN_D/MaterialInstanceConstant/bg_rad_kamen_housedome01b_mi_hhk.mat
BG_RAD_KAMEN_STONE_A,BG_RAD_KAMEN_STONE_A__bg_rad_kamen_rock01_mi_ksr,Textures/BG_RAD_KAMEN_STONE_A/bg_rad_kamen_rock01_d_ksr.png,Textures/BG_RAD_KAMEN_STONE_A/bg_rad_kamen_rock01_n_ksr.png,,Textures/BG_RAD_KAMEN_STONE_A/bg_rad_kamen_rock01_em_ksr.png,BG_RAD_KAMEN_STONE_A/StaticMesh3/bg_rad_kamen_rock01_sm.gltf,BG_RAD_KAMEN_STONE_A/MaterialInstanceConstant/bg_rad_kamen_rock01_mi_ksr.mat
BG_RAD_KAMEN_STONE_A,BG_RAD_KAMEN_STONE_A__bg_rad_kamen_rock01_mi_ksr,Textures/BG_RAD_KAMEN_STONE_A/bg_rad_kamen_rock01_d_ksr.png,Textures/BG_RAD_KAMEN_STONE_A/bg_rad_kamen_rock01_n_ksr.png,,Textures/BG_RAD_KAMEN_STONE_A/bg_rad_kamen_rock01_em_ksr.png,BG_RAD_KAMEN_STONE_A/StaticMesh3/bg_rad_kamen_rock01a_sm.gltf,BG_RAD_KAMEN_STONE_A/MaterialInstanceConstant/bg_rad_kamen_rock01_mi_ksr.mat
BG_RAD_KAMEN_STONE_A,BG_RAD_KAMEN_STONE_A__bg_rad_kamen_rock02_mi_ksr,Textures/BG_RAD_KAMEN_STONE_A/bg_rad_kamen_rock02_d_ksr.png,Textures/BG_RAD_KAMEN_STONE_A/bg_rad_kamen_rock02_n_ksr.png,,Textures/BG_RAD_KAMEN_STONE_A/bg_rad_kamen_rock02_em_ksr.png,BG_RAD_KAMEN_STONE_A/StaticMesh3/bg_rad_kamen_rock01a_sm.gltf,BG_RAD_KAMEN_STONE_A/MaterialInstanceConstant/bg_rad_kamen_rock02_mi_ksr.mat
BG_RAD_KAMEN_STONE_A,BG_RAD_KAMEN_STONE_A__bg_rad_kamen_rock02_mi_ksr,Textures/BG_RAD_KAMEN_STONE_A/bg_rad_kamen_rock02_d_ksr.png,Textures/BG_RAD_KAMEN_STONE_A/bg_rad_kamen_rock02_n_ksr.png,,Textures/BG_RAD_KAMEN_STONE_A/bg_rad_kamen_rock02_em_ksr.png,BG_RAD_KAMEN_STONE_A/StaticMesh3/bg_rad_kamen_rock02_sm.gltf,BG_RAD_KAMEN_STONE_A/MaterialInstanceConstant/bg_rad_kamen_rock02_mi_ksr.mat
BG_RAD_KAMEN_STONE_A,BG_RAD_KAMEN_STONE_A__bg_rad_kamen_rock02_mi_ksr,Textures/BG_RAD_KAMEN_STONE_A/bg_rad_kamen_rock02_d_ksr.png,Textures/BG_RAD_KAMEN_STONE_A/bg_rad_kamen_rock02_n_ksr.png,,Textures/BG_RAD_KAMEN_STONE_A/bg_rad_kamen_rock02_em_ksr.png,BG_RAD_KAMEN_STONE_A/StaticMesh3/bg_rad_kamen_rock02a_sm.gltf,BG_RAD_KAMEN_STONE_A/MaterialInstanceConstant/bg_rad_kamen_rock02_mi_ksr.mat
BG_RAD_KAMEN_STONE_A,BG_RAD_KAMEN_STONE_A__bg_rad_kamen_rock02_mi_ksr,Textures/BG_RAD_KAMEN_STONE_A/bg_rad_kamen_rock02_d_ksr.png,Textures/BG_RAD_KAMEN_STONE_A/bg_rad_kamen_rock02_n_ksr.png,,Textures/BG_RAD_KAMEN_STONE_A/bg_rad_kamen_rock02_em_ksr.png,BG_RAD_KAMEN_STONE_A/StaticMesh3/bg_rad_kamen_rock02b_sm.gltf,BG_RAD_KAMEN_STONE_A/MaterialInstanceConstant/bg_rad_kamen_rock02_mi_ksr.mat
BG_RAD_KAMEN_STONE_A,BG_RAD_KAMEN_STONE_A__bg_rad_kamen_rock02_mi_ksr,Textures/BG_RAD_KAMEN_STONE_A/bg_rad_kamen_rock02_d_ksr.png,Textures/BG_RAD_KAMEN_STONE_A/bg_rad_kamen_rock02_n_ksr.png,,Textures/BG_RAD_KAMEN_STONE_A/bg_rad_kamen_rock02_em_ksr.png,BG_RAD_KAMEN_STONE_A/StaticMesh3/bg_rad_kamen_rock02c_sm.gltf,BG_RAD_KAMEN_STONE_A/MaterialInstanceConstant/bg_rad_kamen_rock02_mi_ksr.mat
BG_RAD_KAMEN_STONE_A,BG_RAD_KAMEN_STONE_A__bg_rad_kamen_rock02_mi_ksr,Textures/BG_RAD_KAMEN_STONE_A/bg_rad_kamen_rock02_d_ksr.png,Textures/BG_RAD_KAMEN_STONE_A/bg_rad_kamen_rock02_n_ksr.png,,Textures/BG_RAD_KAMEN_STONE_A/bg_rad_kamen_rock02_em_ksr.png,BG_RAD_KAMEN_STONE_A/StaticMesh3/bg_rad_kamen_rock02d_sm.gltf,BG_RAD_KAMEN_STONE_A/MaterialInstanceConstant/bg_rad_kamen_rock02_mi_ksr.mat
BG_RAD_KAMEN_STONE_A,BG_RAD_KAMEN_STONE_A__bg_rad_kamen_rock02_mi_ksr,Textures/BG_RAD_KAMEN_STONE_A/bg_rad_kamen_rock02_d_ksr.png,Textures/BG_RAD_KAMEN_STONE_A/bg_rad_kamen_rock02_n_ksr.png,,Textures/BG_RAD_KAMEN_STONE_A/bg_rad_kamen_rock02_em_ksr.png,BG_RAD_KAMEN_STONE_A/StaticMesh3/bg_rad_kamen_rock02e_sm.gltf,BG_RAD_KAMEN_STONE_A/MaterialInstanceConstant/bg_rad_kamen_rock02_mi_ksr.mat
BG_RAD_KAMEN_STONE_A,BG_RAD_KAMEN_STONE_A__bg_rad_kamen_rock02_mi_ksr,Textures/BG_RAD_KAMEN_STONE_A/bg_rad_kamen_rock02_d_ksr.png,Textures/BG_RAD_KAMEN_STONE_A/bg_rad_kamen_rock02_n_ksr.png,,Textures/BG_RAD_KAMEN_STONE_A/bg_rad_kamen_rock02_em_ksr.png,BG_RAD_KAMEN_STONE_A/StaticMesh3/bg_rad_kamen_rock02f_sm.gltf,BG_RAD_KAMEN_STONE_A/MaterialInstanceConstant/bg_rad_kamen_rock02_mi_ksr.mat
BG_RAD_KAMEN_STONE_A,BG_RAD_KAMEN_STONE_A__bg_rad_kamen_rock02_mi_ksr,Textures/BG_RAD_KAMEN_STONE_A/bg_rad_kamen_rock02_d_ksr.png,Textures/BG_RAD_KAMEN_STONE_A/bg_rad_kamen_rock02_n_ksr.png,,Textures/BG_RAD_KAMEN_STONE_A/bg_rad_kamen_rock02_em_ksr.png,BG_RAD_KAMEN_STONE_A/StaticMesh3/bg_rad_kamen_rock02g_sm.gltf,BG_RAD_KAMEN_STONE_A/MaterialInstanceConstant/bg_rad_kamen_rock02_mi_ksr.mat
BG_RAD_KAMEN_STONE_A,BG_RAD_KAMEN_STONE_A__bg_rad_kamen_rock02_mi_ksr,Textures/BG_RAD_KAMEN_STONE_A/bg_rad_kamen_rock02_d_ksr.png,Textures/BG_RAD_KAMEN_STONE_A/bg_rad_kamen_rock02_n_ksr.png,,Textures/BG_RAD_KAMEN_STONE_A/bg_rad_kamen_rock02_em_ksr.png,BG_RAD_KAMEN_STONE_A/StaticMesh3/bg_rad_kamen_rockdeco01_sm.gltf,BG_RAD_KAMEN_STONE_A/MaterialInstanceConstant/bg_rad_kamen_rock02_mi_ksr.mat
BG_RAD_KAMEN_STONE_A,BG_RAD_KAMEN_STONE_A__bg_rad_kamen_rock02_mi_ksr,Textures/BG_RAD_KAMEN_STONE_A/bg_rad_kamen_rock02_d_ksr.png,Textures/BG_RAD_KAMEN_STONE_A/bg_rad_kamen_rock02_n_ksr.png,,Textures/BG_RAD_KAMEN_STONE_A/bg_rad_kamen_rock02_em_ksr.png,BG_RAD_KAMEN_STONE_A/StaticMesh3/bg_rad_kamen_rockdeco01a_sm.gltf,BG_RAD_KAMEN_STONE_A/MaterialInstanceConstant/bg_rad_kamen_rock02_mi_ksr.mat
BG_RAD_KAMEN_STONE_A,BG_RAD_KAMEN_STONE_A__bg_rad_kamen_rock02_mi_ksr,Textures/BG_RAD_KAMEN_STONE_A/bg_rad_kamen_rock02_d_ksr.png,Textures/BG_RAD_KAMEN_STONE_A/bg_rad_kamen_rock02_n_ksr.png,,Textures/BG_RAD_KAMEN_STONE_A/bg_rad_kamen_rock02_em_ksr.png,BG_RAD_KAMEN_STONE_A/StaticMesh3/bg_rad_kamen_rockdeco01b_sm.gltf,BG_RAD_KAMEN_STONE_A/MaterialInstanceConstant/bg_rad_kamen_rock02_mi_ksr.mat
BG_RAD_KAMEN_STONE_A,BG_RAD_KAMEN_STONE_A__bg_rad_kamen_rock02_mi_ksr,Textures/BG_RAD_KAMEN_STONE_A/bg_rad_kamen_rock02_d_ksr.png,Textures/BG_RAD_KAMEN_STONE_A/bg_rad_kamen_rock02_n_ksr.png,,Textures/BG_RAD_KAMEN_STONE_A/bg_rad_kamen_rock02_em_ksr.png,BG_RAD_KAMEN_STONE_A/StaticMesh3/bg_rad_kamen_rockdeco01c_sm.gltf,BG_RAD_KAMEN_STONE_A/MaterialInstanceConstant/bg_rad_kamen_rock02_mi_ksr.mat
BG_RAD_KAMEN_STONE_A,BG_RAD_KAMEN_STONE_A__bg_rad_kamen_rockfloor01_mi_ksr,Textures/BG_RAD_KAMEN_STONE_A/bg_rad_kamen_rockfloor01_d_ksr.png,Textures/BG_RAD_KAMEN_STONE_A/bg_rad_kamen_rockfloor01_n_ksr.png,,Textures/BG_RAD_KAMEN_STONE_A/bg_rad_kamen_rockfloor01_em_ksr.png,BG_RAD_KAMEN_STONE_A/StaticMesh3/bg_rad_kamen_rockfloor01_sm.gltf,BG_RAD_KAMEN_STONE_A/MaterialInstanceConstant/bg_rad_kamen_rockfloor01_mi_ksr.mat
BG_RAD_KAMEN_STONE_A,BG_RAD_KAMEN_STONE_A__bg_rad_kamen_rockfloor01a_mi_ksr,Textures/BG_RAD_KAMEN_STONE_A/bg_rad_kamen_rockfloor01a_d_ksr.png,Textures/BG_RAD_KAMEN_STONE_A/bg_rad_kamen_rockfloor01a_n_ksr.png,,Textures/BG_RAD_KAMEN_STONE_A/bg_rad_kamen_rockfloor01a_em_ksr.png,BG_RAD_KAMEN_STONE_A/StaticMesh3/bg_rad_kamen_rockfloor01_sm.gltf,BG_RAD_KAMEN_STONE_A/MaterialInstanceConstant/bg_rad_kamen_rockfloor01a_mi_ksr.mat
BG_RAD_KAMEN_STONE_A,BG_RAD_KAMEN_STONE_A__bg_rad_kamen_rockfloor01_mi_ksr,Textures/BG_RAD_KAMEN_STONE_A/bg_rad_kamen_rockfloor01_d_ksr.png,Textures/BG_RAD_KAMEN_STONE_A/bg_rad_kamen_rockfloor01_n_ksr.png,,Textures/BG_RAD_KAMEN_STONE_A/bg_rad_kamen_rockfloor01_em_ksr.png,BG_RAD_KAMEN_STONE_A/StaticMesh3/bg_rad_kamen_rockfloor01a_sm.gltf,BG_RAD_KAMEN_STONE_A/MaterialInstanceConstant/bg_rad_kamen_rockfloor01_mi_ksr.mat
BG_RAD_KAMEN_STONE_A,BG_RAD_KAMEN_STONE_A__bg_rad_kamen_rockfloor01a_mi_ksr,Textures/BG_RAD_KAMEN_STONE_A/bg_rad_kamen_rockfloor01a_d_ksr.png,Textures/BG_RAD_KAMEN_STONE_A/bg_rad_kamen_rockfloor01a_n_ksr.png,,Textures/BG_RAD_KAMEN_STONE_A/bg_rad_kamen_rockfloor01a_em_ksr.png,BG_RAD_KAMEN_STONE_A/StaticMesh3/bg_rad_kamen_rockfloor01a_sm.gltf,BG_RAD_KAMEN_STONE_A/MaterialInstanceConstant/bg_rad_kamen_rockfloor01a_mi_ksr.mat
BG_RAD_KAMEN_STONE_A,BG_RAD_KAMEN_STONE_A__bg_rad_kamen_rock02_mi_ksr,Textures/BG_RAD_KAMEN_STONE_A/bg_rad_kamen_rock02_d_ksr.png,Textures/BG_RAD_KAMEN_STONE_A/bg_rad_kamen_rock02_n_ksr.png,,Textures/BG_RAD_KAMEN_STONE_A/bg_rad_kamen_rock02_em_ksr.png,BG_RAD_KAMEN_STONE_A/StaticMesh3/bg_rad_kamen_rockfloor01a_sm.gltf,BG_RAD_KAMEN_STONE_A/MaterialInstanceConstant/bg_rad_kamen_rock02_mi_ksr.mat
BG_RAD_KAMEN_STONE_A,BG_RAD_KAMEN_STONE_A__bg_rad_kamen_rockfloor01_mi_ksr,Textures/BG_RAD_KAMEN_STONE_A/bg_rad_kamen_rockfloor01_d_ksr.png,Textures/BG_RAD_KAMEN_STONE_A/bg_rad_kamen_rockfloor01_n_ksr.png,,Textures/BG_RAD_KAMEN_STONE_A/bg_rad_kamen_rockfloor01_em_ksr.png,BG_RAD_KAMEN_STONE_A/StaticMesh3/bg_rad_kamen_rockfloor01alowpoly_sm.gltf,BG_RAD_KAMEN_STONE_A/MaterialInstanceConstant/bg_rad_kamen_rockfloor01_mi_ksr.mat
BG_RAD_KAMEN_STONE_A,BG_RAD_KAMEN_STONE_A__bg_rad_kamen_rockfloor01a_mi_ksr,Textures/BG_RAD_KAMEN_STONE_A/bg_rad_kamen_rockfloor01a_d_ksr.png,Textures/BG_RAD_KAMEN_STONE_A/bg_rad_kamen_rockfloor01a_n_ksr.png,,Textures/BG_RAD_KAMEN_STONE_A/bg_rad_kamen_rockfloor01a_em_ksr.png,BG_RAD_KAMEN_STONE_A/StaticMesh3/bg_rad_kamen_rockfloor01alowpoly_sm.gltf,BG_RAD_KAMEN_STONE_A/MaterialInstanceConstant/bg_rad_kamen_rockfloor01a_mi_ksr.mat
BG_RAD_KAMEN_STONE_A,BG_RAD_KAMEN_STONE_A__bg_rad_kamen_rock02_mi_ksr,Textures/BG_RAD_KAMEN_STONE_A/bg_rad_kamen_rock02_d_ksr.png,Textures/BG_RAD_KAMEN_STONE_A/bg_rad_kamen_rock02_n_ksr.png,,Textures/BG_RAD_KAMEN_STONE_A/bg_rad_kamen_rock02_em_ksr.png,BG_RAD_KAMEN_STONE_A/StaticMesh3/bg_rad_kamen_rockfloor01alowpoly_sm.gltf,BG_RAD_KAMEN_STONE_A/MaterialInstanceConstant/bg_rad_kamen_rock02_mi_ksr.mat
BG_RAD_KAMEN_STONE_A,BG_RAD_KAMEN_STONE_A__bg_rad_kamen_rockfloor02_mi_ksr,Textures/BG_RAD_KAMEN_STONE_A/bg_rad_kamen_rockfloor02_d_ksr.png,Textures/BG_RAD_KAMEN_STONE_A/bg_rad_kamen_rockfloor02_n_ksr.png,,Textures/BG_RAD_KAMEN_STONE_A/bg_rad_kamen_rockfloor02_em_ksr.png,BG_RAD_KAMEN_STONE_A/StaticMesh3/bg_rad_kamen_rockfloor02_sm.gltf,BG_RAD_KAMEN_STONE_A/MaterialInstanceConstant/bg_rad_kamen_rockfloor02_mi_ksr.mat
BG_RAD_KAMEN_STONE_A,BG_RAD_KAMEN_STONE_A__bg_rad_kamen_rockfloor03_mi_ksr,Textures/BG_RAD_KAMEN_STONE_A/bg_rad_kamen_rockfloor03_d_ksr.png,Textures/BG_RAD_KAMEN_STONE_A/bg_rad_kamen_rockfloor03_n_ksr.png,,,BG_RAD_KAMEN_STONE_A/StaticMesh3/bg_rad_kamen_rockfloor03_sm.gltf,BG_RAD_KAMEN_STONE_A/MaterialInstanceConstant/bg_rad_kamen_rockfloor03_mi_ksr.mat
BG_RAD_KAMEN_STONE_A,BG_RAD_KAMEN_STONE_A__bg_rad_kamen_rockfloor03a_mi_ksr,Textures/BG_RAD_KAMEN_STONE_A/bg_rad_kamen_rockfloor03a_d_ksr.png,Textures/BG_RAD_KAMEN_STONE_A/bg_rad_kamen_rockfloor03a_n_ksr.png,,,BG_RAD_KAMEN_STONE_A/StaticMesh3/bg_rad_kamen_rockfloor03_sm.gltf,BG_RAD_KAMEN_STONE_A/MaterialInstanceConstant/bg_rad_kamen_rockfloor03a_mi_ksr.mat
BG_RAD_KAMEN_STONE_A,BG_RAD_KAMEN_STONE_A__bg_rad_kamen_rockfloor03_mi_ksr,Textures/BG_RAD_KAMEN_STONE_A/bg_rad_kamen_rockfloor03_d_ksr.png,Textures/BG_RAD_KAMEN_STONE_A/bg_rad_kamen_rockfloor03_n_ksr.png,,,BG_RAD_KAMEN_STONE_A/StaticMesh3/bg_rad_kamen_rockfloor03a_sm.gltf,BG_RAD_KAMEN_STONE_A/MaterialInstanceConstant/bg_rad_kamen_rockfloor03_mi_ksr.mat
BG_RAD_KAMEN_STONE_A,BG_RAD_KAMEN_STONE_A__bg_rad_kamen_rockfloor03a_mi_ksr,Textures/BG_RAD_KAMEN_STONE_A/bg_rad_kamen_rockfloor03a_d_ksr.png,Textures/BG_RAD_KAMEN_STONE_A/bg_rad_kamen_rockfloor03a_n_ksr.png,,,BG_RAD_KAMEN_STONE_A/StaticMesh3/bg_rad_kamen_rockfloor03a_sm.gltf,BG_RAD_KAMEN_STONE_A/MaterialInstanceConstant/bg_rad_kamen_rockfloor03a_mi_ksr.mat
BG_RAD_KAMEN_STONE_A,BG_RAD_KAMEN_STONE_A__bg_rad_kamen_rockfloor03_mi_ksr,Textures/BG_RAD_KAMEN_STONE_A/bg_rad_kamen_rockfloor03_d_ksr.png,Textures/BG_RAD_KAMEN_STONE_A/bg_rad_kamen_rockfloor03_n_ksr.png,,,BG_RAD_KAMEN_STONE_A/StaticMesh3/bg_rad_kamen_rockfloor03b_sm.gltf,BG_RAD_KAMEN_STONE_A/MaterialInstanceConstant/bg_rad_kamen_rockfloor03_mi_ksr.mat
BG_RAD_KAMEN_STONE_A,BG_RAD_KAMEN_STONE_A__bg_rad_kamen_rockfloor03a_mi_ksr,Textures/BG_RAD_KAMEN_STONE_A/bg_rad_kamen_rockfloor03a_d_ksr.png,Textures/BG_RAD_KAMEN_STONE_A/bg_rad_kamen_rockfloor03a_n_ksr.png,,,BG_RAD_KAMEN_STONE_A/StaticMesh3/bg_rad_kamen_rockfloor03b_sm.gltf,BG_RAD_KAMEN_STONE_A/MaterialInstanceConstant/bg_rad_kamen_rockfloor03a_mi_ksr.mat
BG_RAD_KAMEN_STONE_A,BG_RAD_KAMEN_STONE_A__bg_rad_kamen_rockfloor03_mi_ksr,Textures/BG_RAD_KAMEN_STONE_A/bg_rad_kamen_rockfloor03_d_ksr.png,Textures/BG_RAD_KAMEN_STONE_A/bg_rad_kamen_rockfloor03_n_ksr.png,,,BG_RAD_KAMEN_STONE_A/StaticMesh3/bg_rad_kamen_rockfloor03c_sm.gltf,BG_RAD_KAMEN_STONE_A/MaterialInstanceConstant/bg_rad_kamen_rockfloor03_mi_ksr.mat
BG_RAD_KAMEN_STONE_A,BG_RAD_KAMEN_STONE_A__bg_rad_kamen_rockfloor03a_mi_ksr,Textures/BG_RAD_KAMEN_STONE_A/bg_rad_kamen_rockfloor03a_d_ksr.png,Textures/BG_RAD_KAMEN_STONE_A/bg_rad_kamen_rockfloor03a_n_ksr.png,,,BG_RAD_KAMEN_STONE_A/StaticMesh3/bg_rad_kamen_rockfloor03d_sm.gltf,BG_RAD_KAMEN_STONE_A/MaterialInstanceConstant/bg_rad_kamen_rockfloor03a_mi_ksr.mat
BG_RAD_KAMEN_STONE_A,BG_RAD_KAMEN_STONE_A__bg_rad_kamen_rockfloor03_mi_ksr,Textures/BG_RAD_KAMEN_STONE_A/bg_rad_kamen_rockfloor03_d_ksr.png,Textures/BG_RAD_KAMEN_STONE_A/bg_rad_kamen_rockfloor03_n_ksr.png,,,BG_RAD_KAMEN_STONE_A/StaticMesh3/bg_rad_kamen_rockfloor03e_sm.gltf,BG_RAD_KAMEN_STONE_A/MaterialInstanceConstant/bg_rad_kamen_rockfloor03_mi_ksr.mat
BG_RAD_KAMEN_STONE_A,BG_RAD_KAMEN_STONE_A__bg_rad_kamen_rockpillar01_mi_ksr,Textures/BG_RAD_KAMEN_STONE_A/bg_rad_kamen_rockpillar01_d_ksr.png,Textures/BG_RAD_KAMEN_STONE_A/bg_rad_kamen_rockpillar01_n_ksr.png,,Textures/BG_RAD_KAMEN_STONE_A/bg_rad_kamen_rockpillar01_em_ksr.png,BG_RAD_KAMEN_STONE_A/StaticMesh3/bg_rad_kamen_rockpillar01_sm.gltf,BG_RAD_KAMEN_STONE_A/MaterialInstanceConstant/bg_rad_kamen_rockpillar01_mi_ksr.mat
BG_RAD_KAMEN_STONE_A,BG_RAD_KAMEN_STONE_A__bg_rad_kamen_rockpillar01a_mi_ksr,Textures/BG_RAD_KAMEN_STONE_A/bg_rad_kamen_rockpillar01a_d_ksr.png,Textures/BG_RAD_KAMEN_STONE_A/bg_rad_kamen_rockpillar01a_n_ksr.png,,Textures/BG_RAD_KAMEN_STONE_A/bg_rad_kamen_rockpillar01a_em_ksr.png,BG_RAD_KAMEN_STONE_A/StaticMesh3/bg_rad_kamen_rockpillar01_sm.gltf,BG_RAD_KAMEN_STONE_A/MaterialInstanceConstant/bg_rad_kamen_rockpillar01a_mi_ksr.mat
BG_RAD_KAMEN_STONE_A,BG_RAD_KAMEN_STONE_A__bg_rad_kamen_rockpillar01_mi_ksr,Textures/BG_RAD_KAMEN_STONE_A/bg_rad_kamen_rockpillar01_d_ksr.png,Textures/BG_RAD_KAMEN_STONE_A/bg_rad_kamen_rockpillar01_n_ksr.png,,Textures/BG_RAD_KAMEN_STONE_A/bg_rad_kamen_rockpillar01_em_ksr.png,BG_RAD_KAMEN_STONE_A/StaticMesh3/bg_rad_kamen_rockpillar01a_sm.gltf,BG_RAD_KAMEN_STONE_A/MaterialInstanceConstant/bg_rad_kamen_rockpillar01_mi_ksr.mat
BG_RAD_KAMEN_STONE_A,BG_RAD_KAMEN_STONE_A__bg_rad_kamen_rockpillar01a_mi_ksr,Textures/BG_RAD_KAMEN_STONE_A/bg_rad_kamen_rockpillar01a_d_ksr.png,Textures/BG_RAD_KAMEN_STONE_A/bg_rad_kamen_rockpillar01a_n_ksr.png,,Textures/BG_RAD_KAMEN_STONE_A/bg_rad_kamen_rockpillar01a_em_ksr.png,BG_RAD_KAMEN_STONE_A/StaticMesh3/bg_rad_kamen_rockpillar01a_sm.gltf,BG_RAD_KAMEN_STONE_A/MaterialInstanceConstant/bg_rad_kamen_rockpillar01a_mi_ksr.mat
BG_RAD_KAMEN_STONE_A,BG_RAD_KAMEN_STONE_A__bg_rad_kamen_rockpillar01_mi_ksr,Textures/BG_RAD_KAMEN_STONE_A/bg_rad_kamen_rockpillar01_d_ksr.png,Textures/BG_RAD_KAMEN_STONE_A/bg_rad_kamen_rockpillar01_n_ksr.png,,Textures/BG_RAD_KAMEN_STONE_A/bg_rad_kamen_rockpillar01_em_ksr.png,BG_RAD_KAMEN_STONE_A/StaticMesh3/bg_rad_kamen_rockpillar01b_sm.gltf,BG_RAD_KAMEN_STONE_A/MaterialInstanceConstant/bg_rad_kamen_rockpillar01_mi_ksr.mat
BG_RAD_KAMEN_STONE_A,BG_RAD_KAMEN_STONE_A__bg_rad_kamen_rockpillar01a_mi_ksr,Textures/BG_RAD_KAMEN_STONE_A/bg_rad_kamen_rockpillar01a_d_ksr.png,Textures/BG_RAD_KAMEN_STONE_A/bg_rad_kamen_rockpillar01a_n_ksr.png,,Textures/BG_RAD_KAMEN_STONE_A/bg_rad_kamen_rockpillar01a_em_ksr.png,BG_RAD_KAMEN_STONE_A/StaticMesh3/bg_rad_kamen_rockpillar01b_sm.gltf,BG_RAD_KAMEN_STONE_A/MaterialInstanceConstant/bg_rad_kamen_rockpillar01a_mi_ksr.mat
BG_RAD_KAMEN_STONE_A,BG_RAD_KAMEN_STONE_A__bg_rad_kamen_rock02_mi_ksr,Textures/BG_RAD_KAMEN_STONE_A/bg_rad_kamen_rock02_d_ksr.png,Textures/BG_RAD_KAMEN_STONE_A/bg_rad_kamen_rock02_n_ksr.png,,Textures/BG_RAD_KAMEN_STONE_A/bg_rad_kamen_rock02_em_ksr.png,BG_RAD_KAMEN_STONE_A/StaticMesh3/bg_rad_kamen_rockpillar01b_sm.gltf,BG_RAD_KAMEN_STONE_A/MaterialInstanceConstant/bg_rad_kamen_rock02_mi_ksr.mat
BG_RAD_KAMEN_STONE_A,BG_RAD_KAMEN_STONE_A__bg_rad_kamen_rock03_mi_ksr,Textures/BG_RAD_KAMEN_STONE_A/bg_rad_kamen_rock03_d_ksr.png,Textures/BG_RAD_KAMEN_STONE_A/bg_rad_kamen_rock03_n_ksr.png,,,BG_RAD_KAMEN_STONE_A/StaticMesh3/bg_rad_kamen_rockpillar01b_sm.gltf,BG_RAD_KAMEN_STONE_A/MaterialInstanceConstant/bg_rad_kamen_rock03_mi_ksr.mat
BG_RAD_KAMEN_STONE_A,BG_RAD_KAMEN_STONE_A__bg_rad_kamen_rockpillar01_mi_ksr,Textures/BG_RAD_KAMEN_STONE_A/bg_rad_kamen_rockpillar01_d_ksr.png,Textures/BG_RAD_KAMEN_STONE_A/bg_rad_kamen_rockpillar01_n_ksr.png,,Textures/BG_RAD_KAMEN_STONE_A/bg_rad_kamen_rockpillar01_em_ksr.png,BG_RAD_KAMEN_STONE_A/StaticMesh3/bg_rad_kamen_rockpillar01blowpoly_sm.gltf,BG_RAD_KAMEN_STONE_A/MaterialInstanceConstant/bg_rad_kamen_rockpillar01_mi_ksr.mat
BG_RAD_KAMEN_STONE_A,BG_RAD_KAMEN_STONE_A__bg_rad_kamen_rockpillar01a_mi_ksr,Textures/BG_RAD_KAMEN_STONE_A/bg_rad_kamen_rockpillar01a_d_ksr.png,Textures/BG_RAD_KAMEN_STONE_A/bg_rad_kamen_rockpillar01a_n_ksr.png,,Textures/BG_RAD_KAMEN_STONE_A/bg_rad_kamen_rockpillar01a_em_ksr.png,BG_RAD_KAMEN_STONE_A/StaticMesh3/bg_rad_kamen_rockpillar01blowpoly_sm.gltf,BG_RAD_KAMEN_STONE_A/MaterialInstanceConstant/bg_rad_kamen_rockpillar01a_mi_ksr.mat
BG_RAD_KAMEN_STONE_A,BG_RAD_KAMEN_STONE_A__bg_rad_kamen_rock02_mi_ksr,Textures/BG_RAD_KAMEN_STONE_A/bg_rad_kamen_rock02_d_ksr.png,Textures/BG_RAD_KAMEN_STONE_A/bg_rad_kamen_rock02_n_ksr.png,,Textures/BG_RAD_KAMEN_STONE_A/bg_rad_kamen_rock02_em_ksr.png,BG_RAD_KAMEN_STONE_A/StaticMesh3/bg_rad_kamen_rockpillar01blowpoly_sm.gltf,BG_RAD_KAMEN_STONE_A/MaterialInstanceConstant/bg_rad_kamen_rock02_mi_ksr.mat
BG_RAD_KAMEN_STONE_A,BG_RAD_KAMEN_STONE_A__bg_rad_kamen_rock03_mi_ksr,Textures/BG_RAD_KAMEN_STONE_A/bg_rad_kamen_rock03_d_ksr.png,Textures/BG_RAD_KAMEN_STONE_A/bg_rad_kamen_rock03_n_ksr.png,,,BG_RAD_KAMEN_STONE_A/StaticMesh3/bg_rad_kamen_rockpillar01blowpoly_sm.gltf,BG_RAD_KAMEN_STONE_A/MaterialInstanceConstant/bg_rad_kamen_rock03_mi_ksr.mat
BG_RAD_KAMEN_STONE_A,BG_RAD_KAMEN_STONE_A__bg_rad_kamen_rockpillar01_mi_ksr,Textures/BG_RAD_KAMEN_STONE_A/bg_rad_kamen_rockpillar01_d_ksr.png,Textures/BG_RAD_KAMEN_STONE_A/bg_rad_kamen_rockpillar01_n_ksr.png,,Textures/BG_RAD_KAMEN_STONE_A/bg_rad_kamen_rockpillar01_em_ksr.png,BG_RAD_KAMEN_STONE_A/StaticMesh3/bg_rad_kamen_rockpillar01c_sm.gltf,BG_RAD_KAMEN_STONE_A/MaterialInstanceConstant/bg_rad_kamen_rockpillar01_mi_ksr.mat
BG_RAD_KAMEN_STONE_A,BG_RAD_KAMEN_STONE_A__bg_rad_kamen_rockpillar01a_mi_ksr,Textures/BG_RAD_KAMEN_STONE_A/bg_rad_kamen_rockpillar01a_d_ksr.png,Textures/BG_RAD_KAMEN_STONE_A/bg_rad_kamen_rockpillar01a_n_ksr.png,,Textures/BG_RAD_KAMEN_STONE_A/bg_rad_kamen_rockpillar01a_em_ksr.png,BG_RAD_KAMEN_STONE_A/StaticMesh3/bg_rad_kamen_rockpillar01c_sm.gltf,BG_RAD_KAMEN_STONE_A/MaterialInstanceConstant/bg_rad_kamen_rockpillar01a_mi_ksr.mat
BG_RAD_KAMEN_STONE_A,BG_RAD_KAMEN_STONE_A__bg_rad_kamen_rock02_mi_ksr,Textures/BG_RAD_KAMEN_STONE_A/bg_rad_kamen_rock02_d_ksr.png,Textures/BG_RAD_KAMEN_STONE_A/bg_rad_kamen_rock02_n_ksr.png,,Textures/BG_RAD_KAMEN_STONE_A/bg_rad_kamen_rock02_em_ksr.png,BG_RAD_KAMEN_STONE_A/StaticMesh3/bg_rad_kamen_rockpillar01c_sm.gltf,BG_RAD_KAMEN_STONE_A/MaterialInstanceConstant/bg_rad_kamen_rock02_mi_ksr.mat
BG_RAD_KAMEN_STONE_A,BG_RAD_KAMEN_STONE_A__bg_rad_kamen_rock03_mi_ksr,Textures/BG_RAD_KAMEN_STONE_A/bg_rad_kamen_rock03_d_ksr.png,Textures/BG_RAD_KAMEN_STONE_A/bg_rad_kamen_rock03_n_ksr.png,,,BG_RAD_KAMEN_STONE_A/StaticMesh3/bg_rad_kamen_rockpillar01c_sm.gltf,BG_RAD_KAMEN_STONE_A/MaterialInstanceConstant/bg_rad_kamen_rock03_mi_ksr.mat
BG_RAD_KAMEN_STONE_A,BG_RAD_KAMEN_STONE_A__bg_rad_kamen_rockpillar01_mi_ksr,Textures/BG_RAD_KAMEN_STONE_A/bg_rad_kamen_rockpillar01_d_ksr.png,Textures/BG_RAD_KAMEN_STONE_A/bg_rad_kamen_rockpillar01_n_ksr.png,,Textures/BG_RAD_KAMEN_STONE_A/bg_rad_kamen_rockpillar01_em_ksr.png,BG_RAD_KAMEN_STONE_A/StaticMesh3/bg_rad_kamen_rockpillar01clowpoly_sm.gltf,BG_RAD_KAMEN_STONE_A/MaterialInstanceConstant/bg_rad_kamen_rockpillar01_mi_ksr.mat
BG_RAD_KAMEN_STONE_A,BG_RAD_KAMEN_STONE_A__bg_rad_kamen_rockpillar01a_mi_ksr,Textures/BG_RAD_KAMEN_STONE_A/bg_rad_kamen_rockpillar01a_d_ksr.png,Textures/BG_RAD_KAMEN_STONE_A/bg_rad_kamen_rockpillar01a_n_ksr.png,,Textures/BG_RAD_KAMEN_STONE_A/bg_rad_kamen_rockpillar01a_em_ksr.png,BG_RAD_KAMEN_STONE_A/StaticMesh3/bg_rad_kamen_rockpillar01clowpoly_sm.gltf,BG_RAD_KAMEN_STONE_A/MaterialInstanceConstant/bg_rad_kamen_rockpillar01a_mi_ksr.mat
BG_RAD_KAMEN_STONE_A,BG_RAD_KAMEN_STONE_A__bg_rad_kamen_rock02_mi_ksr,Textures/BG_RAD_KAMEN_STONE_A/bg_rad_kamen_rock02_d_ksr.png,Textures/BG_RAD_KAMEN_STONE_A/bg_rad_kamen_rock02_n_ksr.png,,Textures/BG_RAD_KAMEN_STONE_A/bg_rad_kamen_rock02_em_ksr.png,BG_RAD_KAMEN_STONE_A/StaticMesh3/bg_rad_kamen_rockpillar01clowpoly_sm.gltf,BG_RAD_KAMEN_STONE_A/MaterialInstanceConstant/bg_rad_kamen_rock02_mi_ksr.mat
BG_RAD_KAMEN_STONE_A,BG_RAD_KAMEN_STONE_A__bg_rad_kamen_rock03_mi_ksr,Textures/BG_RAD_KAMEN_STONE_A/bg_rad_kamen_rock03_d_ksr.png,Textures/BG_RAD_KAMEN_STONE_A/bg_rad_kamen_rock03_n_ksr.png,,,BG_RAD_KAMEN_STONE_A/StaticMesh3/bg_rad_kamen_rockpillar01clowpoly_sm.gltf,BG_RAD_KAMEN_STONE_A/MaterialInstanceConstant/bg_rad_kamen_rock03_mi_ksr.mat
EFMASTER_MATERIAL_SKYMATTE,EFMASTER_MATERIAL_SKYMATTE__matte_base_mi,,,,,EFMASTER_MATERIAL_SKYMATTE/StaticMesh3/matte_mesh_01.gltf,EFMASTER_MATERIAL_SKYMATTE/MaterialInstanceConstant/matte_base_mi.mat
EFMASTER_MATERIAL_SKYMATTE,EFMASTER_MATERIAL_SKYMATTE__material,,,,,EFMASTER_MATERIAL_SKYMATTE/StaticMesh3/plane_static.gltf,
EFMASTER_MATERIAL_SKYMATTE,EFMASTER_MATERIAL_SKYMATTE__sky_simple_trn,Textures/EFMASTER_MATERIAL_SKYMATTE/cloud_01_m.png,,,,EFMASTER_MATERIAL_SKYMATTE/StaticMesh3/sky_sphere.gltf,EFMASTER_MATERIAL_SKYMATTE/MaterialInstanceConstant/sky_simple_trn.mat
EFMASTER_MATERIAL_SKYMATTE,EFMASTER_MATERIAL_SKYMATTE__sky_udk_daytime,Textures/EFMASTER_MATERIAL_SKYMATTE/cloud_01_m.png,Textures/EFMASTER_MATERIAL_SKYMATTE/cloud_01_n.png,,,EFMASTER_MATERIAL_SKYMATTE/StaticMesh3/udk_skysphere.gltf,EFMASTER_MATERIAL_SKYMATTE/MaterialInstanceConstant/sky_udk_daytime.mat
LV_RAD_SHATTEREDBS,LV_RAD_SHATTEREDBS__bg_kur_stone_floor01_mi_ksr_21_02,,,,,LV_RAD_SHATTEREDBS/StaticMesh3/bg_rad_illiakan_floor03b_sm.gltf,LV_RAD_SHATTEREDBS/MaterialInstanceConstant/bg_kur_stone_floor01_mi_ksr_21_02.mat
LV_RAD_SHATTEREDBS,LV_RAD_SHATTEREDBS__bfx_volcano_sl_03_02_msk,,,,,LV_RAD_SHATTEREDBS/StaticMesh3/lv_kur_lava01_sm.gltf,
SK_FIF_HDR_00,SK_FIF_HDR_00__sk_fif_hdr_00_01_mi_dead,Textures/SK_FIF_HDR_00/sk_fif_hdr_00_01_d.png,Textures/SK_FIF_HDR_00/sk_fif_hdr_00_01_n.png,,Textures/SK_FIF_HDR_00/sk_fif_hdr_00_01_e.png,SK_FIF_HDR_00/SkeletalMesh3/sk_fif_hdr_00_sk.gltf,SK_FIF_HDR_00/MaterialInstanceConstant/sk_fif_hdr_00_01_mi_dead.mat
SK_FIF_HDR_00,SK_FIF_HDR_00__sk_fif_hdr_00_02_mi_dead,Textures/SK_FIF_HDR_00/sk_fif_hdr_00_02_d.png,Textures/SK_FIF_HDR_00/sk_fif_hdr_00_02_n.png,,Textures/SK_FIF_HDR_00/sk_fif_hdr_00_02_e.png,SK_FIF_HDR_00/SkeletalMesh3/sk_fif_hdr_00_sk.gltf,SK_FIF_HDR_00/MaterialInstanceConstant/sk_fif_hdr_00_02_mi_dead.mat
SK_FIF_HDR_00,SK_FIF_HDR_00__sk_fif_hdr_00_03_mi_dead,Textures/SK_FIF_HDR_00/sk_fif_hdr_00_03_d.png,Textures/SK_FIF_HDR_00/sk_fif_hdr_00_03_n.png,,Textures/SK_FIF_HDR_00/sk_fif_hdr_00_03_e.png,SK_FIF_HDR_00/SkeletalMesh3/sk_fif_hdr_00_sk.gltf,SK_FIF_HDR_00/MaterialInstanceConstant/sk_fif_hdr_00_03_mi_dead.mat
SK_FIF_HDR_00,SK_FIF_HDR_00__sk_fif_hdr_00_04_mi_dead,Textures/SK_FIF_HDR_00/sk_fif_hdr_00_04_d.png,Textures/SK_FIF_HDR_00/sk_fif_hdr_00_04_n.png,,Textures/SK_FIF_HDR_00/sk_fif_hdr_00_04_e.png,SK_FIF_HDR_00/SkeletalMesh3/sk_fif_hdr_00_sk.gltf,SK_FIF_HDR_00/MaterialInstanceConstant/sk_fif_hdr_00_04_mi_dead.mat
SK_FIF_HDR_00,SK_FIF_HDR_00__sk_fif_hdr_00_05_mi_dead,Textures/SK_FIF_HDR_00/sk_fif_hdr_00_05_d.png,Textures/SK_FIF_HDR_00/sk_fif_hdr_00_05_n.png,,,SK_FIF_HDR_00/SkeletalMesh3/sk_fif_hdr_00_sk.gltf,SK_FIF_HDR_00/MaterialInstanceConstant/sk_fif_hdr_00_05_mi_dead.mat
