package,model,obj,vertices,faces,uvs,normals,materialSlots,sizeX,sizeY,sizeZ,minY,maxY,warnings
"BG_RAD_KAMEN_A","bg_rad_kamen_chair01_sm_cjy","Models/BG_RAD_KAMEN_A/bg_rad_kamen_chair01_sm_cjy.obj",17343,19547,17343,17343,4,2.54,6.297,2.857,-0.048,6.25,""
"BG_RAD_KAMEN_A","bg_rad_kamen_chair01a_sm_jjh","Models/BG_RAD_KAMEN_A/bg_rad_kamen_chair01a_sm_jjh.obj",1706,1554,1706,1706,1,4.085,0.334,3.782,-0.013,0.321,""
"BG_RAD_KAMEN_A","bg_rad_kamen_chair01b_sm_cjy","Models/BG_RAD_KAMEN_A/bg_rad_kamen_chair01b_sm_cjy.obj",720,652,720,720,1,0.64,1.887,1.174,0.001,1.889,""
"BG_RAD_KAMEN_A","bg_rad_kamen_floor01_sm","Models/BG_RAD_KAMEN_A/bg_rad_kamen_floor01_sm.obj",4561,5654,4561,4561,2,8.726,2.417,8.726,-2.417,0,""
"BG_RAD_KAMEN_A","bg_rad_kamen_floor02_sm","Models/BG_RAD_KAMEN_A/bg_rad_kamen_floor02_sm.obj",2507,3252,2507,2507,4,6.767,2.091,4.363,-2.091,0,""
"BG_RAD_KAMEN_A","bg_rad_kamen_floor03_sm","Models/BG_RAD_KAMEN_A/bg_rad_kamen_floor03_sm.obj",4896,5052,4896,4896,2,49.236,1.865,50.774,-0.933,0.933,""
"BG_RAD_KAMEN_A","bg_rad_kamen_floor03lowpoly_sm_jjy","Models/BG_RAD_KAMEN_A/bg_rad_kamen_floor03lowpoly_sm_jjy.obj",1556,1510,1556,1556,2,49.236,1.765,50.774,-0.882,0.882,"lowpoly_variant"
"BG_RAD_KAMEN_A","bg_rad_kamen_floor04_sm","Models/BG_RAD_KAMEN_A/bg_rad_kamen_floor04_sm.obj",12078,12632,12078,12078,2,81.61,17.823,86.535,0.855,18.678,""
"BG_RAD_KAMEN_A","bg_rad_kamen_floor04lowpoly_sm_rsh","Models/BG_RAD_KAMEN_A/bg_rad_kamen_floor04lowpoly_sm_rsh.obj",3039,2526,3039,3039,2,81.497,17.786,86.513,0.855,18.641,"lowpoly_variant"
"BG_RAD_KAMEN_A","bg_rad_kamen_floor05_sm","Models/BG_RAD_KAMEN_A/bg_rad_kamen_floor05_sm.obj",11374,11324,11374,11374,4,15.083,0.17,15.537,-0.149,0.021,""
"BG_RAD_KAMEN_A","bg_rad_kamen_floor05a_sm_hhk","Models/BG_RAD_KAMEN_A/bg_rad_kamen_floor05a_sm_hhk.obj",3597,2924,3597,3597,2,14.9,0.12,15.7,-0.115,0.005,""
"BG_RAD_KAMEN_A","bg_rad_kamen_floor05b_sm","Models/BG_RAD_KAMEN_A/bg_rad_kamen_floor05b_sm.obj",421,402,421,421,2,12.04,0.154,12.04,-0.149,0.005,""
"BG_RAD_KAMEN_A","bg_rad_kamen_floor05c_sm","Models/BG_RAD_KAMEN_A/bg_rad_kamen_floor05c_sm.obj",5208,4630,5208,5208,4,6.418,1.36,9.096,-1.295,0.065,""
"BG_RAD_KAMEN_A","bg_rad_kamen_floor05d_sm","Models/BG_RAD_KAMEN_A/bg_rad_kamen_floor05d_sm.obj",7582,4617,7582,7582,4,9.092,1.299,6.431,-1.235,0.065,""
"BG_RAD_KAMEN_A","bg_rad_kamen_floor05e_sm","Models/BG_RAD_KAMEN_A/bg_rad_kamen_floor05e_sm.obj",22901,8410,22901,22901,4,6.029,0.516,9.096,-0.431,0.084,""
"BG_RAD_KAMEN_A","bg_rad_kamen_floor05f_sm","Models/BG_RAD_KAMEN_A/bg_rad_kamen_floor05f_sm.obj",22879,8409,22879,22879,4,9.092,0.516,6.039,-0.431,0.084,""
"BG_RAD_KAMEN_A","bg_rad_kamen_floor05g_sm","Models/BG_RAD_KAMEN_A/bg_rad_kamen_floor05g_sm.obj",66,24,66,66,1,6.12,0.273,8.792,-0.273,0,""
"BG_RAD_KAMEN_A","bg_rad_kamen_floor05h_sm","Models/BG_RAD_KAMEN_A/bg_rad_kamen_floor05h_sm.obj",66,24,66,66,1,8.715,0.273,6.12,-0.273,0,""
"BG_RAD_KAMEN_A","bg_rad_kamen_floor06_sm_psy","Models/BG_RAD_KAMEN_A/bg_rad_kamen_floor06_sm_psy.obj",5913,5542,5913,5913,3,37.789,2.03,37.789,-2,0.03,""
"BG_RAD_KAMEN_B","bg_rad_kamen_deco01_sm_snark","Models/BG_RAD_KAMEN_B/bg_rad_kamen_deco01_sm_snark.obj",3854,4994,3854,3854,2,0.6,8.157,2.799,-3.068,5.088,""
"BG_RAD_KAMEN_B","bg_rad_kamen_deco02_sm_kjs","Models/BG_RAD_KAMEN_B/bg_rad_kamen_deco02_sm_kjs.obj",1524,1962,1524,1524,1,1.324,5.428,1.319,-0.328,5.1,""
"BG_RAD_KAMEN_B","bg_rad_kamen_deco02a_sm_kjs","Models/BG_RAD_KAMEN_B/bg_rad_kamen_deco02a_sm_kjs.obj",1524,1962,1524,1524,1,1.674,5.256,1.319,-0.328,4.927,""
"BG_RAD_KAMEN_B","bg_rad_kamen_deco02b_sm_kjs","Models/BG_RAD_KAMEN_B/bg_rad_kamen_deco02b_sm_kjs.obj",5333,6323,5333,5333,1,1.746,4.139,1.716,-0.235,3.904,""
"BG_RAD_KAMEN_B","bg_rad_kamen_deco03_sm","Models/BG_RAD_KAMEN_B/bg_rad_kamen_deco03_sm.obj",1500,1995,1500,1500,1,0.164,0.08,0.132,-0.015,0.064,""
"BG_RAD_KAMEN_B","bg_rad_kamen_floor07_sm","Models/BG_RAD_KAMEN_B/bg_rad_kamen_floor07_sm.obj",8324,15742,8324,8324,3,196.637,196.964,196.637,-196.952,0.012,"huge_smooth_cap_candidate"
"BG_RAD_KAMEN_B","bg_rad_kamen_floor07a_sm","Models/BG_RAD_KAMEN_B/bg_rad_kamen_floor07a_sm.obj",4549,7245,4549,4549,1,120.74,20.034,106.697,-19.959,0.075,""
"BG_RAD_KAMEN_B","bg_rad_kamen_floor07b_sm","Models/BG_RAD_KAMEN_B/bg_rad_kamen_floor07b_sm.obj",14776,5208,14776,14776,1,179.264,50.968,184.214,-67.757,-16.789,""
"BG_RAD_KAMEN_B","bg_rad_kamen_floor07c_sm","Models/BG_RAD_KAMEN_B/bg_rad_kamen_floor07c_sm.obj",2997,5056,2997,2997,4,42.822,21.23,42.738,-21.227,0.003,""
"BG_RAD_KAMEN_B","bg_rad_kamen_floor07d_sm","Models/BG_RAD_KAMEN_B/bg_rad_kamen_floor07d_sm.obj",1877,3100,1877,1877,2,49.159,27.46,47.883,-34.972,-7.512,""
"BG_RAD_KAMEN_B","bg_rad_kamen_floor07e_sm","Models/BG_RAD_KAMEN_B/bg_rad_kamen_floor07e_sm.obj",1425,2279,1425,1425,2,44.756,16.572,42.725,-46.98,-30.408,""
"BG_RAD_KAMEN_B","bg_rad_kamen_floor08_sm","Models/BG_RAD_KAMEN_B/bg_rad_kamen_floor08_sm.obj",933,846,933,933,4,36.843,0.032,32.301,0,0.032,"very_flat_overlay"
"BG_RAD_KAMEN_B","bg_rad_kamen_floor08a_sm","Models/BG_RAD_KAMEN_B/bg_rad_kamen_floor08a_sm.obj",223,204,223,223,1,36.843,0.006,32.301,0,0.006,"very_flat_overlay"
"BG_RAD_KAMEN_B","bg_rad_kamen_floor08b_sm","Models/BG_RAD_KAMEN_B/bg_rad_kamen_floor08b_sm.obj",715,642,715,715,3,24.89,0.021,23.959,0.01,0.032,"very_flat_overlay"
"BG_RAD_KAMEN_B","bg_rad_kamen_floor08c_sm","Models/BG_RAD_KAMEN_B/bg_rad_kamen_floor08c_sm.obj",711,640,711,711,2,24.89,0.019,23.959,0.01,0.029,"very_flat_overlay"
"BG_RAD_KAMEN_B","bg_rad_kamen_floor08d_sm","Models/BG_RAD_KAMEN_B/bg_rad_kamen_floor08d_sm.obj",4,2,4,4,1,10.5,0,10.5,0.032,0.032,"very_flat_overlay"
"BG_RAD_KAMEN_B","bg_rad_kamen_floor08e_sm","Models/BG_RAD_KAMEN_B/bg_rad_kamen_floor08e_sm.obj",231,232,231,231,1,15.527,0,15.517,0.029,0.029,"very_flat_overlay"
"BG_RAD_KAMEN_B","bg_rad_kamen_floor08f_sm","Models/BG_RAD_KAMEN_B/bg_rad_kamen_floor08f_sm.obj",480,408,480,480,1,24.89,0.008,23.959,0.01,0.018,"very_flat_overlay"
"BG_RAD_KAMEN_B","bg_rad_kamen_floor08g_sm","Models/BG_RAD_KAMEN_B/bg_rad_kamen_floor08g_sm.obj",79,36,79,79,1,3.742,0,3.241,0,0,"very_flat_overlay"
"BG_RAD_KAMEN_B","bg_rad_kamen_floor08h_sm","Models/BG_RAD_KAMEN_B/bg_rad_kamen_floor08h_sm.obj",181,168,181,181,1,11.871,0,10.281,0,0,"very_flat_overlay"
"BG_RAD_KAMEN_B","bg_rad_kamen_floor08i_sm","Models/BG_RAD_KAMEN_B/bg_rad_kamen_floor08i_sm.obj",229,216,229,229,1,10.422,0,9.026,0,0,"very_flat_overlay"
"BG_RAD_KAMEN_B","bg_rad_kamen_floor09_sm_cjy","Models/BG_RAD_KAMEN_B/bg_rad_kamen_floor09_sm_cjy.obj",312,272,312,312,1,5.649,0.241,5.649,-0.12,0.12,""
"BG_RAD_KAMEN_B","bg_rad_kamen_floor10_sm","Models/BG_RAD_KAMEN_B/bg_rad_kamen_floor10_sm.obj",3189,3050,3189,3189,1,4.357,0.1,4.357,-0.1,0,""
"BG_RAD_KAMEN_B","bg_rad_kamen_pillar07_sm","Models/BG_RAD_KAMEN_B/bg_rad_kamen_pillar07_sm.obj",4731,4350,4731,4731,2,1.72,7.431,1.49,0,7.431,""
"BG_RAD_KAMEN_B","bg_rad_kamen_pillar07a_sm","Models/BG_RAD_KAMEN_B/bg_rad_kamen_pillar07a_sm.obj",1119,846,1119,1119,2,1.72,0.58,1.49,0,0.58,""
"BG_RAD_KAMEN_B","bg_rad_kamen_pillar07b_sm","Models/BG_RAD_KAMEN_B/bg_rad_kamen_pillar07b_sm.obj",1796,1608,1796,1796,1,1.358,2.118,1.307,0,2.118,""
"BG_RAD_KAMEN_B","bg_rad_kamen_pillar07c_sm","Models/BG_RAD_KAMEN_B/bg_rad_kamen_pillar07c_sm.obj",926,936,926,926,1,1.32,3.471,1.294,0,3.471,""
"BG_RAD_KAMEN_B","bg_rad_kamen_pillar07d_sm","Models/BG_RAD_KAMEN_B/bg_rad_kamen_pillar07d_sm.obj",1562,1470,1562,1562,1,1.617,1.376,1.43,0,1.376,""
"BG_RAD_KAMEN_B","bg_rad_kamen_pillar08_sm_alchemy","Models/BG_RAD_KAMEN_B/bg_rad_kamen_pillar08_sm_alchemy.obj",3979,3808,3979,3979,2,5.149,15.819,6.73,0,15.819,""
"BG_RAD_KAMEN_B","bg_rad_kamen_pillar08a_sm_alchemy","Models/BG_RAD_KAMEN_B/bg_rad_kamen_pillar08a_sm_alchemy.obj",1462,1346,1462,1462,1,5.149,2.467,6.568,0.002,2.469,""
"BG_RAD_KAMEN_B","bg_rad_kamen_pillar09_sm_hhk","Models/BG_RAD_KAMEN_B/bg_rad_kamen_pillar09_sm_hhk.obj",8490,10692,8490,8490,2,1.64,9.6,1.8,-4.8,4.8,""
"BG_RAD_KAMEN_B","bg_rad_kamen_pillar09a_sm_cjy","Models/BG_RAD_KAMEN_B/bg_rad_kamen_pillar09a_sm_cjy.obj",950,970,950,950,2,0.118,0.738,0.149,-0.094,0.644,""
"BG_RAD_KAMEN_B","bg_rad_kamen_pillar09lowpoly_sm_hhk","Models/BG_RAD_KAMEN_B/bg_rad_kamen_pillar09lowpoly_sm_hhk.obj",1599,1600,1599,1599,2,1.64,9.6,1.8,-4.8,4.8,"lowpoly_variant"
"BG_RAD_KAMEN_B","bg_rad_kamen_wall01_sm_alchemy","Models/BG_RAD_KAMEN_B/bg_rad_kamen_wall01_sm_alchemy.obj",3586,2996,3586,3586,2,0.921,5.12,5.12,0,5.12,""
"BG_RAD_KAMEN_C","bg_rad_kamen_floor11_sm","Models/BG_RAD_KAMEN_C/bg_rad_kamen_floor11_sm.obj",29,24,29,29,1,5.982,0,6.005,0.048,0.048,"very_flat_overlay"
"BG_RAD_KAMEN_C","bg_rad_kamen_floor11a_sm","Models/BG_RAD_KAMEN_C/bg_rad_kamen_floor11a_sm.obj",12,8,12,12,1,4.677,0,2.219,0.056,0.056,"very_flat_overlay"
"BG_RAD_KAMEN_C","bg_rad_kamen_floor12_sm","Models/BG_RAD_KAMEN_C/bg_rad_kamen_floor12_sm.obj",6188,3560,6188,6188,3,24.792,0.2,24.77,-0.18,0.02,""
"BG_RAD_KAMEN_C","bg_rad_kamen_floor12a_sm","Models/BG_RAD_KAMEN_C/bg_rad_kamen_floor12a_sm.obj",5964,3368,5964,5964,2,24.792,0.2,24.77,-0.18,0.02,""
"BG_RAD_KAMEN_C","bg_rad_kamen_pillar01_sm_cjy","Models/BG_RAD_KAMEN_C/bg_rad_kamen_pillar01_sm_cjy.obj",1175,1280,1175,1175,1,0.453,5.6,1.097,0,5.6,""
"BG_RAD_KAMEN_C","bg_rad_kamen_pillar01a_sm_cjy","Models/BG_RAD_KAMEN_C/bg_rad_kamen_pillar01a_sm_cjy.obj",2278,2512,2278,2278,1,0.453,11.201,1.097,-5.6,5.6,""
"BG_RAD_KAMEN_C","bg_rad_kamen_pillar02_sm_hhk","Models/BG_RAD_KAMEN_C/bg_rad_kamen_pillar02_sm_hhk.obj",15964,15000,15964,15964,1,1.6,9.6,1.44,-4.8,4.8,""
"BG_RAD_KAMEN_C","bg_rad_kamen_pillar02a_sm_cjy","Models/BG_RAD_KAMEN_C/bg_rad_kamen_pillar02a_sm_cjy.obj",3469,3038,3469,3469,2,0.143,1.331,0.368,-0.663,0.669,""
"BG_RAD_KAMEN_C","bg_rad_kamen_pillar02lowpoly_sm_hhk","Models/BG_RAD_KAMEN_C/bg_rad_kamen_pillar02lowpoly_sm_hhk.obj",4676,3012,4676,4676,1,1.6,9.597,1.44,-4.797,4.8,"lowpoly_variant"
"BG_RAD_KAMEN_C","bg_rad_kamen_pillar03_sm_csw","Models/BG_RAD_KAMEN_C/bg_rad_kamen_pillar03_sm_csw.obj",1347,1896,1347,1347,1,0.938,4.285,0.228,-2.142,2.142,""
"BG_RAD_KAMEN_C","bg_rad_kamen_pillar03a_sm_cjy","Models/BG_RAD_KAMEN_C/bg_rad_kamen_pillar03a_sm_cjy.obj",1121,1492,1121,1121,2,0.116,1.356,0.456,-0.625,0.731,""
"BG_RAD_KAMEN_C","bg_rad_kamen_pillar03b_sm_cjy","Models/BG_RAD_KAMEN_C/bg_rad_kamen_pillar03b_sm_cjy.obj",607,742,607,607,2,0.09,0.669,0.226,-0.096,0.573,""
"BG_RAD_KAMEN_C","bg_rad_kamen_pillar04_sm_kjs","Models/BG_RAD_KAMEN_C/bg_rad_kamen_pillar04_sm_kjs.obj",7066,5552,7066,7066,1,0.785,3.777,0.255,-1.889,1.889,""
"BG_RAD_KAMEN_C","bg_rad_kamen_pillar05_sm","Models/BG_RAD_KAMEN_C/bg_rad_kamen_pillar05_sm.obj",11093,7577,11093,11093,2,0.612,4.669,1.241,-2.335,2.334,""
"BG_RAD_KAMEN_C","bg_rad_kamen_pillar06_sm_cjy","Models/BG_RAD_KAMEN_C/bg_rad_kamen_pillar06_sm_cjy.obj",436,545,436,436,1,0.168,3.989,0.708,0,3.989,""
"BG_RAD_KAMEN_C","bg_rad_kamen_pillar06a_sm_cjy","Models/BG_RAD_KAMEN_C/bg_rad_kamen_pillar06a_sm_cjy.obj",840,1062,840,840,1,0.168,7.978,0.708,-3.989,3.989,""
"BG_RAD_KAMEN_C","bg_rad_kamen_pillar10_sm_alchemy","Models/BG_RAD_KAMEN_C/bg_rad_kamen_pillar10_sm_alchemy.obj",4326,3852,4326,4326,3,0.67,15.238,2.718,-7.455,7.783,""
"BG_RAD_KAMEN_C","bg_rad_kamen_pillar11_sm_alchemy","Models/BG_RAD_KAMEN_C/bg_rad_kamen_pillar11_sm_alchemy.obj",1414,1380,1414,1414,1,0.442,5.338,2.66,-2.17,3.168,""
"BG_RAD_KAMEN_D","bg_rad_kamen_column01_sm_hhk","Models/BG_RAD_KAMEN_D/bg_rad_kamen_column01_sm_hhk.obj",336,192,336,336,1,0.72,3.6,0.72,0,3.6,""
"BG_RAD_KAMEN_D","bg_rad_kamen_column01a_sm_hhk","Models/BG_RAD_KAMEN_D/bg_rad_kamen_column01a_sm_hhk.obj",64,32,64,64,1,0.72,0.4,0.72,0,0.4,""
"BG_RAD_KAMEN_D","bg_rad_kamen_column02_sm_jjh","Models/BG_RAD_KAMEN_D/bg_rad_kamen_column02_sm_jjh.obj",684,436,684,684,2,1.217,5.505,0.614,0,5.505,""
"BG_RAD_KAMEN_D","bg_rad_kamen_deco01_sm_hhk","Models/BG_RAD_KAMEN_D/bg_rad_kamen_deco01_sm_hhk.obj",6,4,6,6,1,2.32,0,3.2,0,0,""
"BG_RAD_KAMEN_D","bg_rad_kamen_deco02_sm_hhk","Models/BG_RAD_KAMEN_D/bg_rad_kamen_deco02_sm_hhk.obj",480,280,480,480,1,4,0.08,4,-0.04,0.04,""
"BG_RAD_KAMEN_D","bg_rad_kamen_deco03_sm_hhk","Models/BG_RAD_KAMEN_D/bg_rad_kamen_deco03_sm_hhk.obj",1000,756,1000,1000,1,3,0.16,3,-0.08,0.08,""
"BG_RAD_KAMEN_D","bg_rad_kamen_deco04_sm_jjh","Models/BG_RAD_KAMEN_D/bg_rad_kamen_deco04_sm_jjh.obj",250,184,250,250,2,0.082,1.842,1.536,-0.921,0.921,""
"BG_RAD_KAMEN_D","bg_rad_kamen_deco05_sm_jjh","Models/BG_RAD_KAMEN_D/bg_rad_kamen_deco05_sm_jjh.obj",77,44,77,77,1,0.269,0.519,0.427,-0.259,0.259,""
"BG_RAD_KAMEN_D","bg_rad_kamen_deco06_sm_jjh","Models/BG_RAD_KAMEN_D/bg_rad_kamen_deco06_sm_jjh.obj",2214,1564,2214,2214,1,0.139,1.556,1.394,-0.778,0.778,""
"BG_RAD_KAMEN_D","bg_rad_kamen_gate01_sm_jjh","Models/BG_RAD_KAMEN_D/bg_rad_kamen_gate01_sm_jjh.obj",14880,10839,14880,14880,4,2.441,9.736,5.95,-0.002,9.734,""
"BG_RAD_KAMEN_D","bg_rad_kamen_housedome01_sm_hhk","Models/BG_RAD_KAMEN_D/bg_rad_kamen_housedome01_sm_hhk.obj",8728,7800,8728,8728,4,17.288,23.12,13.599,-0.02,23.1,""
"BG_RAD_KAMEN_D","bg_rad_kamen_housedome01a_sm_hhk","Models/BG_RAD_KAMEN_D/bg_rad_kamen_housedome01a_sm_hhk.obj",23699,18254,23699,23699,5,32.585,23.242,34.037,-0.02,23.222,""
"BG_RAD_KAMEN_D","bg_rad_kamen_wall01_sm_hhk","Models/BG_RAD_KAMEN_D/bg_rad_kamen_wall01_sm_hhk.obj",962,778,962,962,1,0.36,4.5,2.88,0,4.5,""
"BG_RAD_KAMEN_D","bg_rad_kamen_wall02_sm_hhk","Models/BG_RAD_KAMEN_D/bg_rad_kamen_wall02_sm_hhk.obj",24,12,24,24,1,3.84,0.16,1.44,0,0.16,""
"BG_RAD_KAMEN_D","bg_rad_kamen_wall02_sm_jjh","Models/BG_RAD_KAMEN_D/bg_rad_kamen_wall02_sm_jjh.obj",308,196,308,308,1,0.228,2.426,0.485,0,2.425,""
"BG_RAD_KAMEN_D","bg_rad_kamen_wall03_sm_hhk","Models/BG_RAD_KAMEN_D/bg_rad_kamen_wall03_sm_hhk.obj",24,12,24,24,1,2.56,0.16,1.44,0,0.16,""
"BG_RAD_KAMEN_D","bg_rad_kamen_wall03_sm_jjh","Models/BG_RAD_KAMEN_D/bg_rad_kamen_wall03_sm_jjh.obj",195,102,195,195,1,0.155,2.66,0.148,-0.001,2.659,""
"BG_RAD_KAMEN_D","bg_rad_kamen_wall04_sm_hhk","Models/BG_RAD_KAMEN_D/bg_rad_kamen_wall04_sm_hhk.obj",1563,1540,1563,1563,1,3.52,0.24,4.48,-0.12,0.12,""
"BG_RAD_KAMEN_D","bg_rad_kamen_window01_sm_psy","Models/BG_RAD_KAMEN_D/bg_rad_kamen_window01_sm_psy.obj",12266,11958,12266,12266,2,0.36,10.7,10.7,-5.35,5.35,""
"BG_RAD_KAMEN_D","bg_rad_kamen_window02_sm_hhk","Models/BG_RAD_KAMEN_D/bg_rad_kamen_window02_sm_hhk.obj",312,286,312,312,1,0.14,2.72,1.52,0,2.72,""
"BG_RAD_KAMEN_STONE_A","bg_rad_kamen_rock01_sm","Models/BG_RAD_KAMEN_STONE_A/bg_rad_kamen_rock01_sm.obj",1820,2960,1820,1820,1,2.687,4.523,2.45,-2.262,2.262,""
"BG_RAD_KAMEN_STONE_A","bg_rad_kamen_rock01a_sm","Models/BG_RAD_KAMEN_STONE_A/bg_rad_kamen_rock01a_sm.obj",5382,7160,5382,5382,2,2.687,7.04,3.038,-3.482,3.558,""
"BG_RAD_KAMEN_STONE_A","bg_rad_kamen_rock02_sm","Models/BG_RAD_KAMEN_STONE_A/bg_rad_kamen_rock02_sm.obj",1186,1858,1186,1186,1,1.738,3.25,2.196,-1.625,1.625,""
"BG_RAD_KAMEN_STONE_A","bg_rad_kamen_rock02a_sm","Models/BG_RAD_KAMEN_STONE_A/bg_rad_kamen_rock02a_sm.obj",569,828,569,569,1,1.358,0.913,2.24,-0.456,0.456,""
"BG_RAD_KAMEN_STONE_A","bg_rad_kamen_rock02b_sm","Models/BG_RAD_KAMEN_STONE_A/bg_rad_kamen_rock02b_sm.obj",338,506,338,338,1,1.028,0.474,1.216,-0.237,0.237,""
"BG_RAD_KAMEN_STONE_A","bg_rad_kamen_rock02c_sm","Models/BG_RAD_KAMEN_STONE_A/bg_rad_kamen_rock02c_sm.obj",121,184,121,121,1,0.43,0.428,0.594,-0.214,0.214,""
"BG_RAD_KAMEN_STONE_A","bg_rad_kamen_rock02d_sm","Models/BG_RAD_KAMEN_STONE_A/bg_rad_kamen_rock02d_sm.obj",3250,4270,3250,3250,1,2.088,5.109,3.205,-2.294,2.816,""
"BG_RAD_KAMEN_STONE_A","bg_rad_kamen_rock02e_sm","Models/BG_RAD_KAMEN_STONE_A/bg_rad_kamen_rock02e_sm.obj",1861,2354,1861,1861,1,2.298,1.033,2.943,-0.456,0.576,""
"BG_RAD_KAMEN_STONE_A","bg_rad_kamen_rock02f_sm","Models/BG_RAD_KAMEN_STONE_A/bg_rad_kamen_rock02f_sm.obj",928,1140,928,928,1,1.461,0.521,2.028,-0.284,0.237,""
"BG_RAD_KAMEN_STONE_A","bg_rad_kamen_rock02g_sm","Models/BG_RAD_KAMEN_STONE_A/bg_rad_kamen_rock02g_sm.obj",309,376,309,309,1,0.497,0.429,0.88,-0.214,0.215,""
"BG_RAD_KAMEN_STONE_A","bg_rad_kamen_rockdeco01_sm","Models/BG_RAD_KAMEN_STONE_A/bg_rad_kamen_rockdeco01_sm.obj",609,752,609,609,1,0.635,1.752,0.87,-0.874,0.879,""
"BG_RAD_KAMEN_STONE_A","bg_rad_kamen_rockdeco01a_sm","Models/BG_RAD_KAMEN_STONE_A/bg_rad_kamen_rockdeco01a_sm.obj",379,408,379,379,1,0.773,0.701,0.793,-0.35,0.351,""
"BG_RAD_KAMEN_STONE_A","bg_rad_kamen_rockdeco01b_sm","Models/BG_RAD_KAMEN_STONE_A/bg_rad_kamen_rockdeco01b_sm.obj",501,606,501,501,1,0.461,1.232,0.628,-0.616,0.616,""
"BG_RAD_KAMEN_STONE_A","bg_rad_kamen_rockdeco01c_sm","Models/BG_RAD_KAMEN_STONE_A/bg_rad_kamen_rockdeco01c_sm.obj",418,482,418,418,1,0.667,0.589,0.937,-0.295,0.295,""
"BG_RAD_KAMEN_STONE_A","bg_rad_kamen_rockfloor01_sm","Models/BG_RAD_KAMEN_STONE_A/bg_rad_kamen_rockfloor01_sm.obj",2431,3888,2431,2431,2,3.284,3.958,4.769,-3.94,0.018,""
"BG_RAD_KAMEN_STONE_A","bg_rad_kamen_rockfloor01a_sm","Models/BG_RAD_KAMEN_STONE_A/bg_rad_kamen_rockfloor01a_sm.obj",9438,12210,9438,9438,3,4.407,5.427,5.304,-5.231,0.196,""
"BG_RAD_KAMEN_STONE_A","bg_rad_kamen_rockfloor01alowpoly_sm","Models/BG_RAD_KAMEN_STONE_A/bg_rad_kamen_rockfloor01alowpoly_sm.obj",6496,7224,6496,6496,3,4.407,5.427,5.304,-5.231,0.196,"lowpoly_variant"
"BG_RAD_KAMEN_STONE_A","bg_rad_kamen_rockfloor02_sm","Models/BG_RAD_KAMEN_STONE_A/bg_rad_kamen_rockfloor02_sm.obj",24,12,24,24,1,5.12,0.64,5.12,-0.64,0,""
"BG_RAD_KAMEN_STONE_A","bg_rad_kamen_rockfloor03_sm","Models/BG_RAD_KAMEN_STONE_A/bg_rad_kamen_rockfloor03_sm.obj",4944,8394,4944,4944,2,11.312,0.59,2.964,-0.3,0.29,""
"BG_RAD_KAMEN_STONE_A","bg_rad_kamen_rockfloor03a_sm","Models/BG_RAD_KAMEN_STONE_A/bg_rad_kamen_rockfloor03a_sm.obj",2027,3194,2027,2027,2,8.697,0.565,2.957,-0.275,0.29,""
"BG_RAD_KAMEN_STONE_A","bg_rad_kamen_rockfloor03b_sm","Models/BG_RAD_KAMEN_STONE_A/bg_rad_kamen_rockfloor03b_sm.obj",1914,2946,1914,1914,2,8.157,0.576,2.953,-0.3,0.276,""
"BG_RAD_KAMEN_STONE_A","bg_rad_kamen_rockfloor03c_sm","Models/BG_RAD_KAMEN_STONE_A/bg_rad_kamen_rockfloor03c_sm.obj",797,1238,797,797,1,3.844,0.565,2.596,-0.275,0.29,""
"BG_RAD_KAMEN_STONE_A","bg_rad_kamen_rockfloor03d_sm","Models/BG_RAD_KAMEN_STONE_A/bg_rad_kamen_rockfloor03d_sm.obj",1224,1956,1224,1224,1,5.541,0.55,2.953,-0.274,0.276,""
"BG_RAD_KAMEN_STONE_A","bg_rad_kamen_rockfloor03e_sm","Models/BG_RAD_KAMEN_STONE_A/bg_rad_kamen_rockfloor03e_sm.obj",1242,1996,1242,1242,1,3.21,0.571,2.539,-0.3,0.271,""
"BG_RAD_KAMEN_STONE_A","bg_rad_kamen_rockpillar01_sm","Models/BG_RAD_KAMEN_STONE_A/bg_rad_kamen_rockpillar01_sm.obj",2729,4318,2729,2729,2,2.221,7.789,2.263,-3.895,3.895,""
"BG_RAD_KAMEN_STONE_A","bg_rad_kamen_rockpillar01a_sm","Models/BG_RAD_KAMEN_STONE_A/bg_rad_kamen_rockpillar01a_sm.obj",2722,4318,2722,2722,2,2.221,7.105,2.949,-3.539,3.566,""
"BG_RAD_KAMEN_STONE_A","bg_rad_kamen_rockpillar01b_sm","Models/BG_RAD_KAMEN_STONE_A/bg_rad_kamen_rockpillar01b_sm.obj",16476,22254,16476,16476,4,2.29,13.664,2.761,-6.895,6.769,""
"BG_RAD_KAMEN_STONE_A","bg_rad_kamen_rockpillar01blowpoly_sm","Models/BG_RAD_KAMEN_STONE_A/bg_rad_kamen_rockpillar01blowpoly_sm.obj",3470,3786,3470,3470,4,2.206,12.947,2.556,-6.895,6.052,"lowpoly_variant"
"BG_RAD_KAMEN_STONE_A","bg_rad_kamen_rockpillar01c_sm","Models/BG_RAD_KAMEN_STONE_A/bg_rad_kamen_rockpillar01c_sm.obj",16634,22602,16634,16634,4,2.29,9.204,5.481,-4.571,4.633,""
"BG_RAD_KAMEN_STONE_A","bg_rad_kamen_rockpillar01clowpoly_sm","Models/BG_RAD_KAMEN_STONE_A/bg_rad_kamen_rockpillar01clowpoly_sm.obj",3391,3732,3391,3391,4,2.207,9.275,4.788,-4.618,4.657,"lowpoly_variant"
"EFMASTER_MATERIAL_SKYMATTE","matte_mesh_01","Models/EFMASTER_MATERIAL_SKYMATTE/matte_mesh_01.obj",35,48,35,35,1,0.864,0.568,1.575,-0.27,0.298,""
"EFMASTER_MATERIAL_SKYMATTE","plane_static","Models/EFMASTER_MATERIAL_SKYMATTE/plane_static.obj",25,32,25,25,1,0,2.6,2.6,-1.3,1.3,""
"EFMASTER_MATERIAL_SKYMATTE","sky_sphere","Models/EFMASTER_MATERIAL_SKYMATTE/sky_sphere.obj",2143,3968,2143,2143,1,81.92,81.92,81.92,-40.96,40.96,""
"EFMASTER_MATERIAL_SKYMATTE","udk_skysphere","Models/EFMASTER_MATERIAL_SKYMATTE/udk_skysphere.obj",2208,3968,2208,2208,1,81.92,81.92,81.92,-40.96,40.96,""
"LV_RAD_SHATTEREDBS","bg_rad_illiakan_floor03b_sm","Models/LV_RAD_SHATTEREDBS/bg_rad_illiakan_floor03b_sm.obj",667,1232,667,667,1,23.692,0.966,20.533,-0.483,0.483,""
"LV_RAD_SHATTEREDBS","lv_kur_lava01_sm","Models/LV_RAD_SHATTEREDBS/lv_kur_lava01_sm.obj",2571,4883,2571,2571,1,28.887,130.167,20.533,-129.684,0.483,""
"SK_FIF_HDR_00","sk_fif_hdr_00_sk","Models/SK_FIF_HDR_00/sk_fif_hdr_00_sk.obj",40313,53186,40313,40313,5,19.299,3.689,2.276,-1.344,2.345,""
