state_path,state_name,state_tag,body_clip,weapon_clip,weapon_source,attachment_mode,confidence,decision_reason,right_wpn_curve_count,left_wpn_curve_count,back_wpn_curve_count,right_motion_score,left_motion_score,back_motion_score,right_position_range,left_position_range,back_position_range,right_rotation_range,left_rotation_range,back_rotation_range
"Base Layer","Alert_01","NoSword","mn_cdkcn_00_ani__idle_status1_loop_1_M","mn_cdkcn_09_sk|mn_cdkcn_09_ani__idle_status1_loop_1","sword v3","Back","0.98","source suffix/tag indicates non-hand weapon state","10","10","10","0.211879","0.056363","0.226066","0.021607","0.007886","0.107626","0.190272","0.048477","0.11844"
"Base Layer","Alert_01_M","NoSword","mn_cdkcn_00_ani__idle_status1_loop_1_M","mn_cdkcn_09_sk|mn_cdkcn_09_ani__idle_status1_loop_1","sword v3","Back","0.98","source suffix/tag indicates non-hand weapon state","10","10","10","0.211879","0.056363","0.226066","0.021607","0.007886","0.107626","0.190272","0.048477","0.11844"
"Base Layer","Alert_02","Sword","mn_cdkcn_00-2_ani__idle_battle_1_S","mn_cdkcs_00_sk|mn_cdkcs_00_ani__idle_battle_1","sword v1","Hand","0.95","source suffix/tag indicates hand weapon state with matching weapon clip","10","10","10","0.211879","0.056363","0.226066","0.021607","0.007886","0.107626","0.190272","0.048477","0.11844"
"Base Layer","Alert_02_S","Sword","mn_cdkcn_00-2_ani__idle_battle_1_S","mn_cdkcs_00_sk|mn_cdkcs_00_ani__idle_battle_1","sword v1","Hand","0.95","source suffix/tag indicates hand weapon state with matching weapon clip","10","10","10","0.211879","0.056363","0.226066","0.021607","0.007886","0.107626","0.190272","0.048477","0.11844"
"Base Layer","Attack_01","Sword","mn_cdkcn_00_ani__att_battle_1_01_S","mn_cdkcs_00_sk|mn_cdkcs_00_ani__att_battle_1_01","sword v1","Hand","0.95","source suffix/tag indicates hand weapon state with matching weapon clip","10","10","10","8.484029","8.878016","8.078127","5.366106","5.758985","6.147434","3.117923","3.119032","1.930694"
"Base Layer","Attack_01_S","Sword","mn_cdkcn_00_ani__att_battle_1_01_S","mn_cdkcs_00_sk|mn_cdkcs_00_ani__att_battle_1_01","sword v1","Hand","0.95","source suffix/tag indicates hand weapon state with matching weapon clip","10","10","10","8.484029","8.878016","8.078127","5.366106","5.758985","6.147434","3.117923","3.119032","1.930694"
"Base Layer","Attack_02_End","Sword","mn_cdkcn_02_ani__att_battle_2_02_S","mn_cdkcs_00_sk|mn_cdkcs_00_ani__att_battle_2_02","sword v1","Hand","0.95","source suffix/tag indicates hand weapon state with matching weapon clip","10","10","10","13.17477","2.262376","8.472788","9.037555","0.309649","4.685557","4.137213","1.952727","3.787231"
"Base Layer","Attack_02_End_S","Sword","mn_cdkcn_02_ani__att_battle_2_02_S","mn_cdkcs_00_sk|mn_cdkcs_00_ani__att_battle_2_02","sword v1","Hand","0.95","source suffix/tag indicates hand weapon state with matching weapon clip","10","10","10","13.17477","2.262376","8.472788","9.037555","0.309649","4.685557","4.137213","1.952727","3.787231"
"Base Layer","Attack_02_Start","Sword","mn_cdkcn_00_ani__att_battle_2_01_S","mn_cdkcs_00_sk|mn_cdkcs_00_ani__att_battle_2_01","sword v1","Hand","0.95","source suffix/tag indicates hand weapon state with matching weapon clip","10","10","10","6.92805","9.411547","2.7838","2.238354","6.044903","1.649884","4.689696","3.366644","1.133916"
"Base Layer","Attack_02_Start_S","Sword","mn_cdkcn_00_ani__att_battle_2_01_S","mn_cdkcs_00_sk|mn_cdkcs_00_ani__att_battle_2_01","sword v1","Hand","0.95","source suffix/tag indicates hand weapon state with matching weapon clip","10","10","10","6.92805","9.411547","2.7838","2.238354","6.044903","1.649884","4.689696","3.366644","1.133916"
"Base Layer","Attack_03_End","Sword","mn_cdkcn_00_ani__att_battle_3_03_S","mn_cdkcs_00_sk|mn_cdkcs_00_ani__att_battle_3_03","sword v1","Hand","0.95","source suffix/tag indicates hand weapon state with matching weapon clip","10","10","10","8.251593","30.79938","3.669491","4.724424","24.06361","1.335565","3.527169","6.735771","2.333926"
"Base Layer","Attack_03_End_S","Sword","mn_cdkcn_00_ani__att_battle_3_03_S","mn_cdkcs_00_sk|mn_cdkcs_00_ani__att_battle_3_03","sword v1","Hand","0.95","source suffix/tag indicates hand weapon state with matching weapon clip","10","10","10","8.251593","30.79938","3.669491","4.724424","24.06361","1.335565","3.527169","6.735771","2.333926"
"Base Layer","Attack_03_Idle","Sword","mn_cdkcn_00_ani__att_battle_3_02_S","mn_cdkcs_00_sk|mn_cdkcs_00_ani__att_battle_3_02","sword v1","Hand","0.95","source suffix/tag indicates hand weapon state with matching weapon clip","10","10","10","0.436229","6.253307","0.209193","0.257819","0.668682","0.106112","0.17841","5.584625","0.103081"
"Base Layer","Attack_03_Idle_S","Sword","mn_cdkcn_00_ani__att_battle_3_02_S","mn_cdkcs_00_sk|mn_cdkcs_00_ani__att_battle_3_02","sword v1","Hand","0.95","source suffix/tag indicates hand weapon state with matching weapon clip","10","10","10","0.436229","6.253307","0.209193","0.257819","0.668682","0.106112","0.17841","5.584625","0.103081"
"Base Layer","Attack_03_Start","Sword","mn_cdkcn_00_ani__att_battle_3_01_S","mn_cdkcs_00_sk|mn_cdkcs_00_ani__att_battle_3_01","sword v1","Hand","0.95","source suffix/tag indicates hand weapon state with matching weapon clip","10","10","10","3.285736","13.11843","1.672661","1.114433","7.059035","0.970226","2.171302","6.05939","0.702435"
"Base Layer","Attack_03_Start_S","Sword","mn_cdkcn_00_ani__att_battle_3_01_S","mn_cdkcs_00_sk|mn_cdkcs_00_ani__att_battle_3_01","sword v1","Hand","0.95","source suffix/tag indicates hand weapon state with matching weapon clip","10","10","10","3.285736","13.11843","1.672661","1.114433","7.059035","0.970226","2.171302","6.05939","0.702435"
"Base Layer","Hit","NoSword","mn_cdkcn_00_ani__dmg_critical_start_1_M","mn_cdkcs_00_sk|mn_cdkcs_00_ani__dmg_critical_start_1","sword v1","Back","0.98","source suffix/tag indicates non-hand weapon state","10","10","10","1.390525","2.622753","3.553078","0.175671","0.496339","1.503987","1.214854","2.126414","2.049091"
"Base Layer","Hit_M","NoSword","mn_cdkcn_00_ani__dmg_critical_start_1_M","mn_cdkcs_00_sk|mn_cdkcs_00_ani__dmg_critical_start_1","sword v1","Back","0.98","source suffix/tag indicates non-hand weapon state","10","10","10","1.390525","2.622753","3.553078","0.175671","0.496339","1.503987","1.214854","2.126414","2.049091"
"Base Layer","Idle","Sword","mn_cdkcn_00-2_ani__idle_battle_1_S","mn_cdkcs_00_sk|mn_cdkcs_00_ani__idle_battle_1","sword v1","Hand","0.95","source suffix/tag indicates hand weapon state with matching weapon clip","10","10","10","0.211879","0.056363","0.226066","0.021607","0.007886","0.107626","0.190272","0.048477","0.11844"
"Base Layer","Idle_Battle","Sword","mn_cdkcn_00-2_ani__idle_battle_1_S","mn_cdkcs_00_sk|mn_cdkcs_00_ani__idle_battle_1","sword v1","Hand","0.95","source suffix/tag indicates hand weapon state with matching weapon clip","10","10","10","0.211879","0.056363","0.226066","0.021607","0.007886","0.107626","0.190272","0.048477","0.11844"
"Base Layer","Idle_Battle_S","Sword","mn_cdkcn_00-2_ani__idle_battle_1_S","mn_cdkcs_00_sk|mn_cdkcs_00_ani__idle_battle_1","sword v1","Hand","0.95","source suffix/tag indicates hand weapon state with matching weapon clip","10","10","10","0.211879","0.056363","0.226066","0.021607","0.007886","0.107626","0.190272","0.048477","0.11844"
"Base Layer","Idle_Normal","NoSword","mn_cdkcn_00-2_ani__idle_normal_1_M","mn_cdkcs_00_sk|mn_cdkcs_00_ani__idle_normal_1","sword v1","Back","0.98","source suffix/tag indicates non-hand weapon state","10","10","10","0.211879","0.056363","0.226066","0.021607","0.007886","0.107626","0.190272","0.048477","0.11844"
"Base Layer","Idle_Normal_M","NoSword","mn_cdkcn_00-2_ani__idle_normal_1_M","mn_cdkcs_00_sk|mn_cdkcs_00_ani__idle_normal_1","sword v1","Back","0.98","source suffix/tag indicates non-hand weapon state","10","10","10","0.211879","0.056363","0.226066","0.021607","0.007886","0.107626","0.190272","0.048477","0.11844"
"Base Layer","Idle_S","Sword","mn_cdkcn_00-2_ani__idle_battle_1_S","mn_cdkcs_00_sk|mn_cdkcs_00_ani__idle_battle_1","sword v1","Hand","0.95","source suffix/tag indicates hand weapon state with matching weapon clip","10","10","10","0.211879","0.056363","0.226066","0.021607","0.007886","0.107626","0.190272","0.048477","0.11844"
"Base Layer","Repel","NoSword","mn_cdkcn_00_ani__dmg_critical_end_1_M","mn_cdkcs_00_sk|mn_cdkcs_00_ani__dmg_critical_end_1","sword v1","Back","0.98","source suffix/tag indicates non-hand weapon state","10","10","10","0.811706","2.732378","3.531297","0.102008","0.51758","1.596048","0.709698","2.214798","1.935249"
"Base Layer","Repel_M","NoSword","mn_cdkcn_00_ani__dmg_critical_end_1_M","mn_cdkcs_00_sk|mn_cdkcs_00_ani__dmg_critical_end_1","sword v1","Back","0.98","source suffix/tag indicates non-hand weapon state","10","10","10","0.811706","2.732378","3.531297","0.102008","0.51758","1.596048","0.709698","2.214798","1.935249"
"Base Layer","Run","Sword","mn_cdkcn_00-2_ani__run_battle_1_S","mn_cdkcs_00_sk|mn_cdkcs_00_ani__run_battle_1","sword v1","Hand","0.95","source suffix/tag indicates hand weapon state with matching weapon clip","10","10","10","0.677748","0.836673","0","0.065303","0.117171","0","0.612445","0.719502","0"
"Base Layer","Run_S","Sword","mn_cdkcn_00-2_ani__run_battle_1_S","mn_cdkcs_00_sk|mn_cdkcs_00_ani__run_battle_1","sword v1","Hand","0.95","source suffix/tag indicates hand weapon state with matching weapon clip","10","10","10","0.677748","0.836673","0","0.065303","0.117171","0","0.612445","0.719502","0"
"Base Layer","Walk","NoSword","mn_cdkcn_00-2_ani__walk_normal_1_M","mn_cdkcs_00_sk|mn_cdkcs_00_ani__walk_normal_1","sword v1","Back","0.98","source suffix/tag indicates non-hand weapon state","10","10","10","0.677748","0.836673","0","0.065303","0.117171","0","0.612445","0.719502","0"
"Base Layer","Walk_M","NoSword","mn_cdkcn_00-2_ani__walk_normal_1_M","mn_cdkcs_00_sk|mn_cdkcs_00_ani__walk_normal_1","sword v1","Back","0.98","source suffix/tag indicates non-hand weapon state","10","10","10","0.677748","0.836673","0","0.065303","0.117171","0","0.612445","0.719502","0"
"Base Layer/20_Attack_Battle/Battle_10","att_battle_10_01_S","Sword","mn_cdkcn_00_ani__att_battle_10_01_S","mn_cdkcs_00_sk|mn_cdkcs_00_ani__att_battle_10_01","sword v1","Hand","0.95","source suffix/tag indicates hand weapon state with matching weapon clip","10","10","10","6.693058","26.41024","0.898908","3.155402","19.49861","0.438317","3.537656","6.911628","0.460591"
"Base Layer/20_Attack_Battle/Battle_10","att_battle_10_01_S_2","Sword","mn_cdkcn_02_ani__att_battle_10_01_S","mn_cdkcs_00_sk|mn_cdkcs_00_ani__att_battle_10_01","sword v1","Hand","0.95","source suffix/tag indicates hand weapon state with matching weapon clip","10","10","10","5.312023","0.737106","1.064963","3.29355","0.108945","0.581738","2.018473","0.628161","0.483225"
"Base Layer/20_Attack_Battle/Battle_10","att_battle_10_02_S","Sword","mn_cdkcn_00_ani__att_battle_10_02_S","mn_cdkcs_00_sk|mn_cdkcs_00_ani__att_battle_10_02","sword v1","Hand","0.95","source suffix/tag indicates hand weapon state with matching weapon clip","10","10","10","12.47914","24.89986","7.499683","7.379909","18.18821","4.755766","5.09923","6.711647","2.743917"
"Base Layer/20_Attack_Battle/Battle_10","att_battle_10_02_S_2","Sword","mn_cdkcn_02_ani__att_battle_10_02_S","mn_cdkcs_00_sk|mn_cdkcs_00_ani__att_battle_10_02","sword v1","Hand","0.95","source suffix/tag indicates hand weapon state with matching weapon clip","10","10","10","8.944355","0.828503","2.252775","5.545053","0.120387","1.257757","3.399302","0.708116","0.995018"
"Base Layer/20_Attack_Battle/Battle_10","att_battle_10_03_S","Sword","mn_cdkcn_02_ani__att_battle_10_03_S","mn_cdkcs_00_sk|mn_cdkcs_00_ani__att_battle_10_03","sword v1","Hand","0.95","source suffix/tag indicates hand weapon state with matching weapon clip","10","10","10","9.522576","2.993743","3.292769","5.801931","0.407064","1.648762","3.720645","2.586679","1.644007"
"Base Layer/20_Attack_Battle/Battle_11","att_battle_11_01_S","Sword","mn_cdkcn_00_ani__att_battle_11_01_S","mn_cdkcs_00_sk|mn_cdkcs_00_ani__att_battle_11_01","sword v1","Hand","0.95","source suffix/tag indicates hand weapon state with matching weapon clip","10","10","10","9.811283","29.46615","0","3.783386","22.08244","0","6.027898","7.383718","0"
"Base Layer/20_Attack_Battle/Battle_11","att_battle_11_01_S_2","Sword","mn_cdkcn_02_ani__att_battle_11_01_S","mn_cdkcs_00_sk|mn_cdkcs_00_ani__att_battle_11_01","sword v1","Hand","0.95","source suffix/tag indicates hand weapon state with matching weapon clip","10","10","10","0.322519","0.166878","0.236241","0.225956","0.025356","0.13004","0.096564","0.141522","0.106201"
"Base Layer/20_Attack_Battle/Battle_11","att_battle_11_02_S","Sword","mn_cdkcn_00_ani__att_battle_11_02_S","mn_cdkcs_00_sk|mn_cdkcs_00_ani__att_battle_11_02","sword v1","Hand","0.95","source suffix/tag indicates hand weapon state with matching weapon clip","10","10","10","9.579286","28.36038","0","3.783382","21.54709","0","5.795903","6.81329","0"
"Base Layer/20_Attack_Battle/Battle_11","att_battle_11_02_S_2","Sword","mn_cdkcn_02_ani__att_battle_11_02_S","mn_cdkcs_00_sk|mn_cdkcs_00_ani__att_battle_11_02","sword v1","Hand","0.95","source suffix/tag indicates hand weapon state with matching weapon clip","10","10","10","5.08055","2.557454","1.792366","2.99976","0.293136","1.030583","2.08079","2.264319","0.761783"
"Base Layer/20_Attack_Battle/Battle_11","att_battle_11_03_S","Sword","mn_cdkcn_00_ani__att_battle_11_03_S","mn_cdkcs_00_sk|mn_cdkcs_00_ani__att_battle_11_03","sword v1","Hand","0.95","source suffix/tag indicates hand weapon state with matching weapon clip","10","10","10","9.772979","28.04393","0","3.783393","20.89393","0","5.989586","7.149998","0"
"Base Layer/20_Attack_Battle/Battle_11","att_battle_11_03_S_2","Sword","mn_cdkcn_02_ani__att_battle_11_03_S","mn_cdkcs_00_sk|mn_cdkcs_00_ani__att_battle_11_03","sword v1","Hand","0.95","source suffix/tag indicates hand weapon state with matching weapon clip","10","10","10","5.625079","2.015538","1.682576","3.444666","0.416534","0.970051","2.180413","1.599004","0.712525"
"Base Layer/20_Attack_Battle/Battle_11","att_battle_11_04_S","Sword","mn_cdkcn_02_ani__att_battle_11_04_S","mn_cdkcs_00_sk|mn_cdkcs_00_ani__att_battle_11_04","sword v1","Hand","0.95","source suffix/tag indicates hand weapon state with matching weapon clip","10","10","10","0.684283","0.249934","0","0.525954","0.035058","0","0.158329","0.214876","0"
"Base Layer/20_Attack_Battle/Battle_11","att_battle_11_05_S","Sword","mn_cdkcn_02_ani__att_battle_11_05_S","","","Hand","0.9","source suffix/tag indicates hand weapon state; body clip contains hand weapon anchor motion, right anchor audited only","10","10","10","7.921628","2.217133","1.14718","5.377982","0.332105","0.608822","2.543646","1.885028","0.538358"
"Base Layer/20_Attack_Battle/Battle_11","att_battle_11_06_S","Sword","mn_cdkcn_02_ani__att_battle_11_06_S","","","Hand","0.9","source suffix/tag indicates hand weapon state; body clip contains hand weapon anchor motion, right anchor audited only","10","10","10","12.29284","9.864587","0.228625","7.770498","4.211031","0.144677","4.522341","5.653556","0.083948"
"Base Layer/20_Attack_Battle/Battle_11","att_battle_11_07_S","Sword","mn_cdkcn_02_ani__att_battle_11_07_S","","","Hand","0.9","source suffix/tag indicates hand weapon state; body clip contains hand weapon anchor motion, right anchor audited only","10","10","10","0.251258","0.181099","0","0.156527","0.052735","0","0.094731","0.128364","0"
"Base Layer/20_Attack_Battle/Battle_11","att_battle_11_08_S","Sword","mn_cdkcn_02_ani__att_battle_11_08_S","","","Hand","0.9","source suffix/tag indicates hand weapon state; body clip contains hand weapon anchor motion, right anchor audited only","10","10","10","6.281008","3.967732","0.065878","3.617985","1.873372","0.063983","2.663023","2.09436","0.001895"
"Base Layer/20_Attack_Battle/Battle_11","att_battle_11_09_S","Sword","mn_cdkcn_02_ani__att_battle_11_09_S","","","Hand","0.9","source suffix/tag indicates hand weapon state; body clip contains hand weapon anchor motion, right anchor audited only","10","10","10","11.22097","9.642368","0","6.181601","5.402225","0","5.039371","4.240143","0"
"Base Layer/20_Attack_Battle/Battle_12","att_battle_12_01_S","Sword","mn_cdkcn_00_ani__att_battle_12_01_S","mn_cdkcs_00_sk|mn_cdkcs_00_ani__att_battle_12_01","sword v1","Hand","0.95","source suffix/tag indicates hand weapon state with matching weapon clip","10","10","10","3.578104","9.001696","2.758231","1.863965","4.951204","1.566985","1.714139","4.050491","1.191245"
"Base Layer/20_Attack_Battle/Battle_12","att_battle_12_01_S_2","Sword","mn_cdkcn_02_ani__att_battle_12_01_S","mn_cdkcs_00_sk|mn_cdkcs_00_ani__att_battle_12_01","sword v1","Hand","0.95","source suffix/tag indicates hand weapon state with matching weapon clip","10","10","10","7.357269","1.2474","0","4.73496","0.164594","0","2.622309","1.082806","0"
"Base Layer/20_Attack_Battle/Battle_12","att_battle_12_02_S","Sword","mn_cdkcn_00_ani__att_battle_12_02_S","mn_cdkcs_00_sk|mn_cdkcs_00_ani__att_battle_12_02","sword v1","Hand","0.95","source suffix/tag indicates hand weapon state with matching weapon clip","10","10","10","0.219313","0.333553","0.124927","0.101332","0.247363","0.054587","0.117981","0.08619","0.07034"
"Base Layer/20_Attack_Battle/Battle_12","att_battle_12_02_S_2","Sword","mn_cdkcn_02_ani__att_battle_12_02_S","mn_cdkcs_00_sk|mn_cdkcs_00_ani__att_battle_12_02","sword v1","Hand","0.95","source suffix/tag indicates hand weapon state with matching weapon clip","10","10","10","6.35902","2.181437","0","4.021777","0.324957","0","2.337243","1.85648","0"
"Base Layer/20_Attack_Battle/Battle_12","att_battle_12_03_S","Sword","mn_cdkcn_00_ani__att_battle_12_03_S","mn_cdkcs_00_sk|mn_cdkcs_00_ani__att_battle_12_03","sword v1","Hand","0.95","source suffix/tag indicates hand weapon state with matching weapon clip","10","10","10","4.769603","9.259145","4.749809","2.968617","6.794035","2.798599","1.800985","2.46511","1.95121"
"Base Layer/20_Attack_Battle/Battle_12","att_battle_12_03_S_2","Sword","mn_cdkcn_02_ani__att_battle_12_03_S","mn_cdkcs_00_sk|mn_cdkcs_00_ani__att_battle_12_03","sword v1","Hand","0.95","source suffix/tag indicates hand weapon state with matching weapon clip","10","10","10","7.841013","2.242282","0","4.411301","0.323338","0","3.429712","1.918944","0"
"Base Layer/20_Attack_Battle/Battle_12","att_battle_12_04_S","Sword","mn_cdkcn_02_ani__att_battle_12_04_S","","","Hand","0.9","source suffix/tag indicates hand weapon state; body clip contains hand weapon anchor motion, right anchor audited only","10","10","10","6.434577","1.493242","0","3.695164","0.19246","0","2.739413","1.300782","0"
"Base Layer/20_Attack_Battle/Battle_12","att_battle_12_05_S","Sword","mn_cdkcn_02_ani__att_battle_12_05_S","","","Hand","0.9","source suffix/tag indicates hand weapon state; body clip contains left-hand weapon anchor motion","10","10","10","9.554545","26.15879","0","5.746115","20.70809","0","3.80843","5.450703","0"
"Base Layer/20_Attack_Battle/Battle_12","att_battle_12_06_S","Sword","mn_cdkcn_02_ani__att_battle_12_06_S","","","Hand","0.9","source suffix/tag indicates hand weapon state; body clip contains hand weapon anchor motion, right anchor audited only","10","10","10","6.348217","0.58528","0","3.393263","0.090092","0","2.954954","0.495188","0"
"Base Layer/20_Attack_Battle/Battle_12","att_battle_12_07_S","Sword","mn_cdkcn_02_ani__att_battle_12_07_S","","","Hand","0.9","source suffix/tag indicates hand weapon state; body clip contains hand weapon anchor motion, right anchor audited only","10","10","10","6.306529","2.407763","0","3.654437","0.303882","0","2.652092","2.10388","0"
"Base Layer/20_Attack_Battle/Battle_12","att_battle_12_08_S","Sword","mn_cdkcn_02_ani__att_battle_12_08_S","","","Hand","0.9","source suffix/tag indicates hand weapon state; body clip contains hand weapon anchor motion, right anchor audited only","10","10","10","7.850756","1.629498","0","4.413926","0.2215","0","3.43683","1.407998","0"
"Base Layer/20_Attack_Battle/Battle_12","att_battle_12_09_S","Sword","mn_cdkcn_02_ani__att_battle_12_09_S","","","Hand","0.9","source suffix/tag indicates hand weapon state; body clip contains left-hand weapon anchor motion","10","10","10","9.764019","26.33269","0","5.757992","20.70809","0","4.006026","5.624593","0"
"Base Layer/20_Attack_Battle/Battle_13","att_battle_13_01_S","Sword","mn_cdkcn_00_ani__att_battle_13_01_S","mn_cdkcs_00_sk|mn_cdkcs_00_ani__att_battle_13_01","sword v1","Hand","0.95","source suffix/tag indicates hand weapon state with matching weapon clip","10","10","10","43.86192","15.15402","43.74077","38.12695","9.887891","38.05299","5.73497","5.266126","5.687781"
"Base Layer/20_Attack_Battle/Battle_13","att_battle_13_01_S_2","Sword","mn_cdkcn_02_ani__att_battle_13_01_S","mn_cdkcs_00_sk|mn_cdkcs_00_ani__att_battle_13_01","sword v1","Hand","0.95","source suffix/tag indicates hand weapon state with matching weapon clip","10","10","10","10.12332","1.988903","0","6.049568","0.229135","0","4.073756","1.759767","0"
"Base Layer/20_Attack_Battle/Battle_13","att_battle_13_02_S","Sword","mn_cdkcn_02_ani__att_battle_13_02_S","mn_cdkcs_00_sk|mn_cdkcs_00_ani__att_battle_13_02","sword v1","Hand","0.95","source suffix/tag indicates hand weapon state with matching weapon clip","10","10","10","10.28758","2.74429","0","6.32928","0.400893","0","3.958301","2.343398","0"
"Base Layer/20_Attack_Battle/Battle_13","att_battle_13_03_S","Sword","mn_cdkcn_02_ani__att_battle_13_03_S","mn_cdkcs_00_sk|mn_cdkcs_00_ani__att_battle_13_03","sword v1","Hand","0.95","source suffix/tag indicates hand weapon state with matching weapon clip","10","10","10","14.2927","2.76653","0","8.293648","0.421639","0","5.999048","2.344891","0"
"Base Layer/20_Attack_Battle/Battle_13","att_battle_13_04_S","Sword","mn_cdkcn_02_ani__att_battle_13_04_S","mn_cdkcs_00_sk|mn_cdkcs_00_ani__att_battle_13_04","sword v1","Hand","0.95","source suffix/tag indicates hand weapon state with matching weapon clip","10","10","10","12.627","5.33074","0","6.630018","0.613968","0","5.996985","4.716772","0"
"Base Layer/20_Attack_Battle/Battle_14","att_battle_14_01_S","Sword","mn_cdkcn_00_ani__att_battle_14_01_S","","","Hand","0.9","source suffix/tag indicates hand weapon state; body clip contains left-hand weapon anchor motion","10","10","10","5.591611","138.3869","0","3.231594","133.6236","0","2.360017","4.763346","0"
"Base Layer/20_Attack_Battle/Battle_14","att_battle_14_01_S_2","Sword","mn_cdkcn_02_ani__att_battle_14_01_S","","","Hand","0.9","source suffix/tag indicates hand weapon state; body clip contains hand weapon anchor motion, right anchor audited only","10","10","10","10.64912","3.321001","3.362225","6.190362","0.418342","1.86544","4.458759","2.902659","1.496784"
"Base Layer/20_Attack_Battle/Battle_14","att_battle_14_02_S","Sword","mn_cdkcn_00_ani__att_battle_14_02_S","","","Hand","0.9","source suffix/tag indicates hand weapon state; body clip contains left-hand weapon anchor motion","10","10","10","0.238604","0.823072","0","0.127926","0.823071","0","0.110678","0.000002","0"
"Base Layer/20_Attack_Battle/Battle_14","att_battle_14_02_S_2","Sword","mn_cdkcn_02_ani__att_battle_14_02_S","","","Hand","0.9","source suffix/tag indicates hand weapon state; body clip contains hand weapon anchor motion, right anchor audited only","10","10","10","2.045044","0.711245","0.510085","1.250321","0.089987","0.316107","0.794724","0.621258","0.193979"
"Base Layer/20_Attack_Battle/Battle_14","att_battle_14_03_S","Sword","mn_cdkcn_00_ani__att_battle_14_03_S","","","Hand","0.9","source suffix/tag indicates hand weapon state; body clip contains left-hand weapon anchor motion","10","10","10","10.34815","195.6111","0","6.338668","191.3923","0","4.009481","4.21879","0"
"Base Layer/20_Attack_Battle/Battle_14","att_battle_14_03_S_2","Sword","mn_cdkcn_02_ani__att_battle_14_03_S","","","Hand","0.9","source suffix/tag indicates hand weapon state; body clip contains hand weapon anchor motion, right anchor audited only","10","10","10","7.41526","2.276197","4.152405","3.674841","0.308036","2.37711","3.740419","1.968161","1.775294"
"Base Layer/20_Attack_Battle/Battle_14","att_battle_14_04_S","Sword","mn_cdkcn_00_ani__att_battle_14_04_S","","","Hand","0.9","source suffix/tag indicates hand weapon state; body clip contains left-hand weapon anchor motion","10","10","10","9.89127","193.4003","0","5.634802","189.6353","0","4.256468","3.765028","0"
"Base Layer/20_Attack_Battle/Battle_14","att_battle_14_04_S_2","Sword","mn_cdkcn_02_ani__att_battle_14_04_S","","","Hand","0.9","source suffix/tag indicates hand weapon state; body clip contains hand weapon anchor motion, right anchor audited only","10","10","10","3.650795","3.014488","0.760075","2.184265","0.40053","0.470547","1.466529","2.613959","0.289528"
"Base Layer/20_Attack_Battle/Battle_14","att_battle_14_05_S","Sword","mn_cdkcn_02_ani__att_battle_14_05_S","","","Hand","0.9","source suffix/tag indicates hand weapon state; body clip contains hand weapon anchor motion, right anchor audited only","10","10","10","0.235502","0.022016","0.06974","0.132312","0.003897","0.032213","0.10319","0.018119","0.037527"
"Base Layer/20_Attack_Battle/Battle_14","att_battle_14_06_S","Sword","mn_cdkcn_02_ani__att_battle_14_06_S","","","Hand","0.9","source suffix/tag indicates hand weapon state; body clip contains hand weapon anchor motion, right anchor audited only","10","10","10","8.429642","3.251008","3.910019","4.58166","0.475162","2.168431","3.847982","2.775846","1.741588"
"Base Layer/20_Attack_Battle/Battle_14","att_battle_14_07_S","Sword","mn_cdkcn_02_ani__att_battle_14_07_S","","","Hand","0.9","source suffix/tag indicates hand weapon state; body clip contains hand weapon anchor motion, right anchor audited only","10","10","10","8.456747","2.466615","5.869731","4.100399","0.259503","3.024512","4.356348","2.207112","2.845219"
"Base Layer/20_Attack_Battle/Battle_14","att_battle_14_08_S","Sword","mn_cdkcn_02_ani__att_battle_14_08_S","","","Hand","0.9","source suffix/tag indicates hand weapon state; body clip contains hand weapon anchor motion, right anchor audited only","10","10","10","8.403036","3.995351","4.725875","4.975533","0.517526","2.701163","3.427503","3.477826","2.024712"
"Base Layer/20_Attack_Battle/Battle_14","att_battle_14_09_S","Sword","mn_cdkcn_02_ani__att_battle_14_09_S","","","Hand","0.9","source suffix/tag indicates hand weapon state; body clip contains hand weapon anchor motion, right anchor audited only","10","10","10","6.365694","2.310098","4.331419","4.03017","0.316407","2.513678","2.335524","1.993691","1.817741"
"Base Layer/20_Attack_Battle/Battle_15","att_battle_15_01_S","Sword","mn_cdkcn_00_ani__att_battle_15_01_S","","","Hand","0.9","source suffix/tag indicates hand weapon state; body clip contains left-hand weapon anchor motion","10","10","10","9.647715","13.49255","2.062485","6.339908","7.354316","1.073103","3.307807","6.138237","0.989382"
"Base Layer/20_Attack_Battle/Battle_15","att_battle_15_01_S_2","Sword","mn_cdkcn_02_ani__att_battle_15_01_S","","","Hand","0.9","source suffix/tag indicates hand weapon state; body clip contains hand weapon anchor motion, right anchor audited only","10","10","10","8.092125","2.403306","0","4.81032","0.339827","0","3.281805","2.063478","0"
"Base Layer/20_Attack_Battle/Battle_15","att_battle_15_02_S","Sword","mn_cdkcn_00_ani__att_battle_15_02_S","","","Hand","0.9","source suffix/tag indicates hand weapon state; body clip contains hand weapon anchor motion, right anchor audited only","10","10","10","0.47985","0.31585","0.259375","0.320064","0.075112","0.123626","0.159787","0.240738","0.135749"
"Base Layer/20_Attack_Battle/Battle_15","att_battle_15_02_S_2","Sword","mn_cdkcn_02_ani__att_battle_15_02_S","","","Hand","0.9","source suffix/tag indicates hand weapon state; body clip contains hand weapon anchor motion, right anchor audited only","10","10","10","0.0827","0.044592","0","0.0827","0.007318","0","0","0.037274","0"
"Base Layer/20_Attack_Battle/Battle_15","att_battle_15_03_S","Sword","mn_cdkcn_00_ani__att_battle_15_03_S","","","Hand","0.9","source suffix/tag indicates hand weapon state; body clip contains left-hand weapon anchor motion","10","10","10","9.941515","11.15324","4.357235","6.735727","5.010256","2.882576","3.205788","6.142984","1.474659"
"Base Layer/20_Attack_Battle/Battle_15","att_battle_15_03_S_2","Sword","mn_cdkcn_02_ani__att_battle_15_03_S","","","Hand","0.9","source suffix/tag indicates hand weapon state; body clip contains hand weapon anchor motion, right anchor audited only","10","10","10","6.022883","2.596587","0","3.684106","0.391686","0","2.338777","2.204901","0"
"Base Layer/20_Attack_Battle/Battle_16","att_battle_16_01_S","Sword","mn_cdkcn_00_ani__att_battle_16_01_S","","","Hand","0.9","source suffix/tag indicates hand weapon state; body clip contains left-hand weapon anchor motion","10","10","10","8.207882","18.95956","0","3.428108","12.07454","0","4.779774","6.88502","0"
"Base Layer/20_Attack_Battle/Battle_16","att_battle_16_02_S","Sword","mn_cdkcn_00_ani__att_battle_16_02_S","","","Hand","0.9","source suffix/tag indicates hand weapon state; body clip contains left-hand weapon anchor motion","10","10","10","9.893806","55.75475","0","4.316437","49.3554","0","5.57737","6.39935","0"
"Base Layer/20_Attack_Battle/Battle_16","att_battle_16_03_S","Sword","mn_cdkcn_00_ani__att_battle_16_03_S","","","Hand","0.9","source suffix/tag indicates hand weapon state; body clip contains left-hand weapon anchor motion","10","10","10","6.691767","12.70013","0","3.109852","7.650506","0","3.581915","5.049628","0"
"Base Layer/20_Attack_Battle/Battle_17","att_battle_17_01_S","Sword","mn_cdkcn_00_ani__att_battle_17_01_S","","","Hand","0.9","source suffix/tag indicates hand weapon state; body clip contains left-hand weapon anchor motion","10","10","10","10.46937","32.16413","4.681119","6.04094","24.38077","2.491601","4.428426","7.783368","2.189517"
"Base Layer/20_Attack_Battle/Battle_17","att_battle_17_02_S","Sword","mn_cdkcn_00_ani__att_battle_17_02_S","","","Hand","0.9","source suffix/tag indicates hand weapon state; body clip contains left-hand weapon anchor motion","10","10","10","9.326921","29.15961","4.296592","6.173395","21.7424","2.114828","3.153525","7.417216","2.181764"
"Base Layer/20_Attack_Battle/Battle_18","att_battle_18_01_S","Sword","mn_cdkcn_00_ani__att_battle_18_01_S","","","Hand","0.9","source suffix/tag indicates hand weapon state; body clip contains left-hand weapon anchor motion","10","10","10","6.69187","8.401983","0","3.554143","3.941805","0","3.137726","4.460179","0"
"Base Layer/20_Attack_Battle/Battle_18","att_battle_18_02_S","Sword","mn_cdkcn_00_ani__att_battle_18_02_S","","","Hand","0.9","source suffix/tag indicates hand weapon state; body clip contains hand weapon anchor motion, right anchor audited only","10","10","10","0.265787","0","0","0.153084","0","0","0.112703","0","0"
"Base Layer/20_Attack_Battle/Battle_18","att_battle_18_03_S","Sword","mn_cdkcn_00_ani__att_battle_18_03_S","","","Hand","0.9","source suffix/tag indicates hand weapon state; body clip contains left-hand weapon anchor motion","10","10","10","6.859226","12.45987","0","2.339398","7.800123","0","4.519828","4.659747","0"
"Base Layer/20_Attack_Battle/Battle_01","att_battle_1_01_S","Sword","mn_cdkcn_00_ani__att_battle_1_01_S","mn_cdkcs_00_sk|mn_cdkcs_00_ani__att_battle_1_01","sword v1","Hand","0.95","source suffix/tag indicates hand weapon state with matching weapon clip","10","10","10","8.484029","8.878016","8.078127","5.366106","5.758985","6.147434","3.117923","3.119032","1.930694"
"Base Layer/20_Attack_Battle/Battle_01","att_battle_1_01_S_2","Sword","mn_cdkcn_02_ani__att_battle_1_01_S","mn_cdkcs_00_sk|mn_cdkcs_00_ani__att_battle_1_01","sword v1","Hand","0.95","source suffix/tag indicates hand weapon state with matching weapon clip","10","10","10","6.66103","1.44111","0","3.755523","0.210969","0","2.905506","1.230141","0"
"Base Layer/20_Attack_Battle/Battle_01","att_battle_1_02_S","Sword","mn_cdkcn_00_ani__att_battle_1_02_S","mn_cdkcs_00_sk|mn_cdkcs_00_ani__att_battle_1_02","sword v1","Hand","0.95","source suffix/tag indicates hand weapon state with matching weapon clip","10","10","10","4.338024","10.44737","3.548951","2.410318","4.8371","1.646605","1.927706","5.610267","1.902346"
"Base Layer/20_Attack_Battle/Battle_01","att_battle_1_02_S_2","Sword","mn_cdkcn_02_ani__att_battle_1_02_S","mn_cdkcs_00_sk|mn_cdkcs_00_ani__att_battle_1_02","sword v1","Hand","0.95","source suffix/tag indicates hand weapon state with matching weapon clip","10","10","10","5.819323","0.197846","0","3.573494","0.029174","0","2.245829","0.168671","0"
"Base Layer/20_Attack_Battle/Battle_01","att_battle_1_03_S","Sword","mn_cdkcn_02_ani__att_battle_1_03_S","mn_cdkcs_00_sk|mn_cdkcs_00_ani__att_battle_1_03","sword v1","Hand","0.95","source suffix/tag indicates hand weapon state with matching weapon clip","10","10","10","7.274898","3.150335","0","3.934365","0.425183","0","3.340533","2.725152","0"
"Base Layer/20_Attack_Battle/Battle_01","att_battle_1_04_S","Sword","mn_cdkcn_02_ani__att_battle_1_04_S","mn_cdkcn_08_sk|mn_cdkcn_08_ani__att_battle_1_04","sword v2","Hand","0.95","source suffix/tag indicates hand weapon state with matching weapon clip","10","10","10","8.419842","3.058477","0","4.366554","0.41139","0","4.053288","2.647088","0"
"Base Layer/20_Attack_Battle/Battle_01","att_battle_1_05_S","Sword","mn_cdkcn_02_ani__att_battle_1_05_S","mn_cdkcn_08_sk|mn_cdkcn_08_ani__att_battle_1_05","sword v2","Hand","0.95","source suffix/tag indicates hand weapon state with matching weapon clip","10","10","10","10.40339","3.129748","0","5.885265","0.452925","0","4.518129","2.676823","0"
"Base Layer/20_Attack_Battle/Battle_01","att_battle_1_06_S","Sword","mn_cdkcn_02_ani__att_battle_1_06_S","wp_mn_cdkcn_03_sk|wp_mn_cdkcn_03_ani__att_battle_1_06","hands","Hand","0.95","source suffix/tag indicates hand weapon state with matching weapon clip","10","10","10","10.2344","3.071117","0","5.698596","0.438375","0","4.535809","2.632742","0"
"Base Layer/20_Attack_Battle/Battle_01","att_battle_1_07_S","Sword","mn_cdkcn_02_ani__att_battle_1_07_S","mn_cdkcn_09_sk|mn_cdkcn_09_ani__att_battle_1_07","sword v3","Hand","0.95","source suffix/tag indicates hand weapon state with matching weapon clip","10","10","10","8.899323","3.486606","0","4.169295","0.490619","0","4.730028","2.995986","0"
"Base Layer/20_Attack_Battle/Battle_01","att_battle_1_08_S","Sword","mn_cdkcn_02_ani__att_battle_1_08_S","","","Hand","0.9","source suffix/tag indicates hand weapon state; body clip contains hand weapon anchor motion, right anchor audited only","10","10","10","9.921759","3.532797","0","5.319466","0.44892","0","4.602293","3.083877","0"
"Base Layer/20_Attack_Battle/Battle_02","att_battle_2_01_S","Sword","mn_cdkcn_00_ani__att_battle_2_01_S","mn_cdkcs_00_sk|mn_cdkcs_00_ani__att_battle_2_01","sword v1","Hand","0.95","source suffix/tag indicates hand weapon state with matching weapon clip","10","10","10","6.92805","9.411547","2.7838","2.238354","6.044903","1.649884","4.689696","3.366644","1.133916"
"Base Layer/20_Attack_Battle/Battle_02","att_battle_2_01_S_2","Sword","mn_cdkcn_02_ani__att_battle_2_01_S","mn_cdkcs_00_sk|mn_cdkcs_00_ani__att_battle_2_01","sword v1","Hand","0.95","source suffix/tag indicates hand weapon state with matching weapon clip","10","10","10","12.06609","1.559183","9.346653","8.861305","0.231331","6.341392","3.204787","1.327852","3.005261"
"Base Layer/20_Attack_Battle/Battle_02","att_battle_2_02_S","Sword","mn_cdkcn_02_ani__att_battle_2_02_S","mn_cdkcs_00_sk|mn_cdkcs_00_ani__att_battle_2_02","sword v1","Hand","0.95","source suffix/tag indicates hand weapon state with matching weapon clip","10","10","10","13.17477","2.262376","8.472788","9.037555","0.309649","4.685557","4.137213","1.952727","3.787231"
"Base Layer/20_Attack_Battle/Battle_02","att_battle_2_03_S","Sword","mn_cdkcn_02_ani__att_battle_2_03_S","mn_cdkcs_00_sk|mn_cdkcs_00_ani__att_battle_2_03","sword v1","Hand","0.95","source suffix/tag indicates hand weapon state with matching weapon clip","10","10","10","14.48776","1.972883","10.9701","10.2389","0.279848","7.116685","4.248859","1.693035","3.853419"
"Base Layer/20_Attack_Battle/Battle_03","att_battle_3_01_S","Sword","mn_cdkcn_00_ani__att_battle_3_01_S","mn_cdkcs_00_sk|mn_cdkcs_00_ani__att_battle_3_01","sword v1","Hand","0.95","source suffix/tag indicates hand weapon state with matching weapon clip","10","10","10","3.285736","13.11843","1.672661","1.114433","7.059035","0.970226","2.171302","6.05939","0.702435"
"Base Layer/20_Attack_Battle/Battle_03","att_battle_3_01_S_2","Sword","mn_cdkcn_02_ani__att_battle_3_01_S","mn_cdkcs_00_sk|mn_cdkcs_00_ani__att_battle_3_01","sword v1","Hand","0.95","source suffix/tag indicates hand weapon state with matching weapon clip","10","10","10","5.706628","5.568856","0","3.193312","1.1462","0","2.513316","4.422656","0"
"Base Layer/20_Attack_Battle/Battle_03","att_battle_3_02_S","Sword","mn_cdkcn_00_ani__att_battle_3_02_S","mn_cdkcs_00_sk|mn_cdkcs_00_ani__att_battle_3_02","sword v1","Hand","0.95","source suffix/tag indicates hand weapon state with matching weapon clip","10","10","10","0.436229","6.253307","0.209193","0.257819","0.668682","0.106112","0.17841","5.584625","0.103081"
"Base Layer/20_Attack_Battle/Battle_03","att_battle_3_02_S_2","Sword","mn_cdkcn_02_ani__att_battle_3_02_S","mn_cdkcs_00_sk|mn_cdkcs_00_ani__att_battle_3_02","sword v1","Hand","0.95","source suffix/tag indicates hand weapon state with matching weapon clip","10","10","10","10.29198","4.68172","0","4.648506","0.648847","0","5.643468","4.032873","0"
"Base Layer/20_Attack_Battle/Battle_03","att_battle_3_03_S","Sword","mn_cdkcn_00_ani__att_battle_3_03_S","mn_cdkcs_00_sk|mn_cdkcs_00_ani__att_battle_3_03","sword v1","Hand","0.95","source suffix/tag indicates hand weapon state with matching weapon clip","10","10","10","8.251593","30.79938","3.669491","4.724424","24.06361","1.335565","3.527169","6.735771","2.333926"
"Base Layer/20_Attack_Battle/Battle_03","att_battle_3_03_S_2","Sword","mn_cdkcn_02_ani__att_battle_3_03_S","mn_cdkcs_00_sk|mn_cdkcs_00_ani__att_battle_3_03","sword v1","Hand","0.95","source suffix/tag indicates hand weapon state with matching weapon clip","10","10","10","12.50929","1.921155","0","6.502847","0.26614","0","6.006442","1.655016","0"
"Base Layer/20_Attack_Battle/Battle_03","att_battle_3_04_S","Sword","mn_cdkcn_02_ani__att_battle_3_04_S","mn_cdkcs_00_sk|mn_cdkcs_00_ani__att_battle_3_04","sword v1","Hand","0.95","source suffix/tag indicates hand weapon state with matching weapon clip","10","10","10","10.2746","3.092009","0","6.188799","0.417831","0","4.085802","2.674178","0"
"Base Layer/20_Attack_Battle/Battle_03","att_battle_3_05_S","Sword","mn_cdkcn_02_ani__att_battle_3_05_S","","","Hand","0.9","source suffix/tag indicates hand weapon state; body clip contains hand weapon anchor motion, right anchor audited only","10","10","10","5.888399","2.940184","0","3.08392","0.425424","0","2.80448","2.51476","0"
"Base Layer/20_Attack_Battle/Battle_03","att_battle_3_06_S","Sword","mn_cdkcn_02_ani__att_battle_3_06_S","","","Hand","0.9","source suffix/tag indicates hand weapon state; body clip contains hand weapon anchor motion, right anchor audited only","10","10","10","13.43958","3.886415","0","6.96944","0.506923","0","6.470145","3.379493","0"
"Base Layer/20_Attack_Battle/Battle_03","att_battle_3_07_S","Sword","mn_cdkcn_02_ani__att_battle_3_07_S","wp_mn_cdkcn_03_sk|wp_mn_cdkcn_03_ani__att_battle_3_07","hands","Hand","0.95","source suffix/tag indicates hand weapon state with matching weapon clip","10","10","10","12.20534","4.802604","0","6.049076","0.649309","0","6.15626","4.153296","0"
"Base Layer/20_Attack_Battle/Battle_04","att_battle_4_01_S","Sword","mn_cdkcn_00_ani__att_battle_4_01_S","mn_cdkcs_00_sk|mn_cdkcs_00_ani__att_battle_4_01","sword v1","Hand","0.95","source suffix/tag indicates hand weapon state with matching weapon clip","10","10","10","7.847831","7.715044","1.721075","5.238885","3.677693","1.03522","2.608946","4.037351","0.685855"
"Base Layer/20_Attack_Battle/Battle_04","att_battle_4_01_S_2","Sword","mn_cdkcn_02_ani__att_battle_4_01_S","mn_cdkcs_00_sk|mn_cdkcs_00_ani__att_battle_4_01","sword v1","Hand","0.95","source suffix/tag indicates hand weapon state with matching weapon clip","10","10","10","7.778521","2.818166","6.094566","4.746332","0.408602","3.24299","3.032188","2.409564","2.851577"
"Base Layer/20_Attack_Battle/Battle_04","att_battle_4_02_S","Sword","mn_cdkcn_00_ani__att_battle_4_02_S","mn_cdkcs_00_sk|mn_cdkcs_00_ani__att_battle_4_02","sword v1","Hand","0.95","source suffix/tag indicates hand weapon state with matching weapon clip","10","10","10","0.350655","0.051966","0.127356","0.238536","0.009604","0.085869","0.112118","0.042362","0.041487"
"Base Layer/20_Attack_Battle/Battle_04","att_battle_4_02_S_2","Sword","mn_cdkcn_02_ani__att_battle_4_02_S","mn_cdkcs_00_sk|mn_cdkcs_00_ani__att_battle_4_02","sword v1","Hand","0.95","source suffix/tag indicates hand weapon state with matching weapon clip","10","10","10","8.429462","6.396383","1.726868","4.554165","3.054118","0.61216","3.875298","3.342265","1.114708"
"Base Layer/20_Attack_Battle/Battle_04","att_battle_4_03_S","Sword","mn_cdkcn_00_ani__att_battle_4_03_S","mn_cdkcs_00_sk|mn_cdkcs_00_ani__att_battle_4_03","sword v1","Hand","0.95","source suffix/tag indicates hand weapon state with matching weapon clip","10","10","10","0","8.732523","0","0","3.767935","0","0","4.964589","0"
"Base Layer/20_Attack_Battle/Battle_04","att_battle_4_03_S_2","Sword","mn_cdkcn_02_ani__att_battle_4_03_S","mn_cdkcs_00_sk|mn_cdkcs_00_ani__att_battle_4_03","sword v1","Hand","0.95","source suffix/tag indicates hand weapon state with matching weapon clip","10","10","10","8.709954","2.043849","2.242822","5.820057","0.268298","1.092522","2.889897","1.775551","1.1503"
"Base Layer/20_Attack_Battle/Battle_05","att_battle_5_01_S","Sword","mn_cdkcn_00_ani__att_battle_5_01_S","mn_cdkcs_00_sk|mn_cdkcs_00_ani__att_battle_5_01","sword v1","Hand","0.95","source suffix/tag indicates hand weapon state with matching weapon clip","10","10","10","4.72266","11.54071","1.719019","2.185865","6.984876","0.765497","2.536795","4.55583","0.953521"
"Base Layer/20_Attack_Battle/Battle_05","att_battle_5_01_S_2","Sword","mn_cdkcn_02_ani__att_battle_5_01_S","mn_cdkcs_00_sk|mn_cdkcs_00_ani__att_battle_5_01","sword v1","Hand","0.95","source suffix/tag indicates hand weapon state with matching weapon clip","10","10","10","8.998745","2.702509","0","5.725603","0.375025","0","3.273142","2.327484","0"
"Base Layer/20_Attack_Battle/Battle_05","att_battle_5_02_S","Sword","mn_cdkcn_00_ani__att_battle_5_02_S","mn_cdkcs_00_sk|mn_cdkcs_00_ani__att_battle_5_02","sword v1","Hand","0.95","source suffix/tag indicates hand weapon state with matching weapon clip","10","10","10","0.027421","0.020985","0.020246","0.027421","0.015041","0.020245","0","0.005944","0.000001"
"Base Layer/20_Attack_Battle/Battle_05","att_battle_5_02_S_2","Sword","mn_cdkcn_02_ani__att_battle_5_02_S","mn_cdkcs_00_sk|mn_cdkcs_00_ani__att_battle_5_02","sword v1","Hand","0.95","source suffix/tag indicates hand weapon state with matching weapon clip","10","10","10","10.807","4.10148","0","6.875466","0.535445","0","3.931532","3.566034","0"
"Base Layer/20_Attack_Battle/Battle_05","att_battle_5_03_S","Sword","mn_cdkcn_00_ani__att_battle_5_03_S","mn_cdkcs_00_sk|mn_cdkcs_00_ani__att_battle_5_03","sword v1","Hand","0.95","source suffix/tag indicates hand weapon state with matching weapon clip","10","10","10","2.969043","21.70946","1.516193","1.46693","16.60241","0.807598","1.502113","5.107057","0.708596"
"Base Layer/20_Attack_Battle/Battle_05","att_battle_5_03_S_2","Sword","mn_cdkcn_02_ani__att_battle_5_03_S","mn_cdkcs_00_sk|mn_cdkcs_00_ani__att_battle_5_03","sword v1","Hand","0.95","source suffix/tag indicates hand weapon state with matching weapon clip","10","10","10","9.544474","2.876537","0","5.828107","0.407149","0","3.716367","2.469388","0"
"Base Layer/20_Attack_Battle/Battle_05","att_battle_5_04_S","Sword","mn_cdkcn_02_ani__att_battle_5_04_S","","","Hand","0.9","source suffix/tag indicates hand weapon state; body clip contains hand weapon anchor motion, right anchor audited only","10","10","10","4.656653","1.379012","0","3.078967","0.218622","0","1.577686","1.16039","0"
"Base Layer/20_Attack_Battle/Battle_06","att_battle_6_01_S","Sword","mn_cdkcn_00_ani__att_battle_6_01_S","mn_cdkcs_00_sk|mn_cdkcs_00_ani__att_battle_6_01","sword v1","Hand","0.95","source suffix/tag indicates hand weapon state with matching weapon clip","10","10","10","3.760082","7.385725","2.394636","1.969197","4.226046","1.277456","1.790884","3.159679","1.11718"
"Base Layer/20_Attack_Battle/Battle_06","att_battle_6_01_S_2","Sword","mn_cdkcn_02_ani__att_battle_6_01_S","mn_cdkcs_00_sk|mn_cdkcs_00_ani__att_battle_6_01","sword v1","Hand","0.95","source suffix/tag indicates hand weapon state with matching weapon clip","10","10","10","5.149675","2.466779","4.223763","1.935367","0.334529","2.254701","3.214308","2.13225","1.969062"
"Base Layer/20_Attack_Battle/Battle_06","att_battle_6_02_S","Sword","mn_cdkcn_00_ani__att_battle_6_02_S","","","Hand","0.9","source suffix/tag indicates hand weapon state; body clip contains hand weapon anchor motion, right anchor audited only","10","10","10","0.225073","0.112873","0.134896","0.180317","0.01487","0.096297","0.044756","0.098003","0.038598"
"Base Layer/20_Attack_Battle/Battle_06","att_battle_6_02_S_2","Sword","mn_cdkcn_02_ani__att_battle_6_02_S","","","Hand","0.9","source suffix/tag indicates hand weapon state; body clip contains hand weapon anchor motion, right anchor audited only","10","10","10","2.621524","2.303099","4.804223","0.382144","0.310492","2.451606","2.23938","1.992607","2.352617"
"Base Layer/20_Attack_Battle/Battle_06","att_battle_6_03_S","Sword","mn_cdkcn_00_ani__att_battle_6_03_S","","","Hand","0.9","source suffix/tag indicates hand weapon state; body clip contains hand weapon anchor motion, right anchor audited only","10","10","10","14.63379","8.136126","9.141714","10.66047","3.924408","6.390668","3.973316","4.211718","2.751047"
"Base Layer/20_Attack_Battle/Battle_06","att_battle_6_03_S_2","Sword","mn_cdkcn_02_ani__att_battle_6_03_S","","","Hand","0.9","source suffix/tag indicates hand weapon state; body clip contains left-hand weapon anchor motion","10","10","10","2.128406","2.531806","4.262653","0.421544","0.339878","2.408848","1.706862","2.191928","1.853804"
"Base Layer/20_Attack_Battle/Battle_06","att_battle_6_04_S","Sword","mn_cdkcn_02_ani__att_battle_6_04_S","","","Hand","0.9","source suffix/tag indicates hand weapon state; body clip contains hand weapon anchor motion, right anchor audited only","10","10","10","3.213514","3.204811","5.030931","0.446032","0.439209","2.937714","2.767482","2.765602","2.093216"
"Base Layer/20_Attack_Battle/Battle_06","att_battle_6_05_S","Sword","mn_cdkcn_02_ani__att_battle_6_05_S","","","Hand","0.9","source suffix/tag indicates hand weapon state; body clip contains hand weapon anchor motion, right anchor audited only","10","10","10","3.018588","2.577151","4.842515","0.478411","0.285017","2.905349","2.540177","2.292134","1.937166"
"Base Layer/20_Attack_Battle/Battle_06","att_battle_6_06_S","Sword","mn_cdkcn_02_ani__att_battle_6_06_S","","","Hand","0.9","source suffix/tag indicates hand weapon state; body clip contains left-hand weapon anchor motion","10","10","10","1.782978","3.812456","3.907299","0.341017","0.492735","2.069","1.441961","3.31972","1.838298"
"Base Layer/20_Attack_Battle/Battle_07","att_battle_7_01_S","Sword","mn_cdkcn_00_ani__att_battle_7_01_S","mn_cdkcs_00_sk|mn_cdkcs_00_ani__att_battle_7_01","sword v1","Hand","0.95","source suffix/tag indicates hand weapon state with matching weapon clip","10","10","10","0.583358","22.94301","0","0.329277","20.38681","0","0.254081","2.556201","0"
"Base Layer/20_Attack_Battle/Battle_07","att_battle_7_01_S_2","Sword","mn_cdkcn_02_ani__att_battle_7_01_S","mn_cdkcs_00_sk|mn_cdkcs_00_ani__att_battle_7_01","sword v1","Hand","0.95","source suffix/tag indicates hand weapon state with matching weapon clip","10","10","10","7.331563","1.919861","0","4.642112","0.271642","0","2.689451","1.648218","0"
"Base Layer/20_Attack_Battle/Battle_07","att_battle_7_02_S","Sword","mn_cdkcn_00_ani__att_battle_7_02_S","mn_cdkcs_00_sk|mn_cdkcs_00_ani__att_battle_7_02","sword v1","Hand","0.95","source suffix/tag indicates hand weapon state with matching weapon clip","10","10","10","5.044491","29.03063","0","2.080646","25.31583","0","2.963845","3.7148","0"
"Base Layer/20_Attack_Battle/Battle_07","att_battle_7_02_S_2","Sword","mn_cdkcn_02_ani__att_battle_7_02_S","mn_cdkcs_00_sk|mn_cdkcs_00_ani__att_battle_7_02","sword v1","Hand","0.95","source suffix/tag indicates hand weapon state with matching weapon clip","10","10","10","8.267773","3.235897","0","4.890367","0.435641","0","3.377405","2.800256","0"
"Base Layer/20_Attack_Battle/Battle_07","att_battle_7_03_S","Sword","mn_cdkcn_00_ani__att_battle_7_03_S","mn_cdkcs_00_sk|mn_cdkcs_00_ani__att_battle_7_03","sword v1","Hand","0.95","source suffix/tag indicates hand weapon state with matching weapon clip","10","10","10","5.044402","33.43602","0","2.080235","29.08367","0","2.964166","4.352349","0"
"Base Layer/20_Attack_Battle/Battle_07","att_battle_7_03_S_2","Sword","mn_cdkcn_02_ani__att_battle_7_03_S","mn_cdkcs_00_sk|mn_cdkcs_00_ani__att_battle_7_03","sword v1","Hand","0.95","source suffix/tag indicates hand weapon state with matching weapon clip","10","10","10","5.816306","2.272175","0","3.632981","0.318587","0","2.183325","1.953588","0"
"Base Layer/20_Attack_Battle/Battle_08","att_battle_8_01_S","Sword","mn_cdkcn_00_ani__att_battle_8_01_S","mn_cdkcs_00_sk|mn_cdkcs_00_ani__att_battle_8_01","sword v1","Hand","0.95","source suffix/tag indicates hand weapon state with matching weapon clip","10","10","10","4.181637","117.2818","0.658232","1.526453","111.0586","0.317481","2.655185","6.223216","0.340752"
"Base Layer/20_Attack_Battle/Battle_08","att_battle_8_01_S_2","Sword","mn_cdkcn_02_ani__att_battle_8_01_S","mn_cdkcs_00_sk|mn_cdkcs_00_ani__att_battle_8_01","sword v1","Hand","0.95","source suffix/tag indicates hand weapon state with matching weapon clip","10","10","10","7.451839","2.936141","4.025361","4.542379","0.366589","2.374249","2.90946","2.569552","1.651112"
"Base Layer/20_Attack_Battle/Battle_08","att_battle_8_02_S","Sword","mn_cdkcn_00_ani__att_battle_8_02_S","","","Hand","0.9","source suffix/tag indicates hand weapon state; body clip contains left-hand weapon anchor motion","10","10","10","5.25645","56.02692","4.612603","2.320544","52.07218","2.888962","2.935906","3.954739","1.723641"
"Base Layer/20_Attack_Battle/Battle_08","att_battle_8_02_S_2","Sword","mn_cdkcn_02_ani__att_battle_8_02_S","","","Hand","0.9","source suffix/tag indicates hand weapon state; body clip contains hand weapon anchor motion, right anchor audited only","10","10","10","7.509598","4.377007","5.566842","4.683267","0.576939","3.215507","2.826332","3.800068","2.351336"
"Base Layer/20_Attack_Battle/Battle_08","att_battle_8_03_S","Sword","mn_cdkcn_00_ani__att_battle_8_03_S","","","Hand","0.9","source suffix/tag indicates hand weapon state; body clip contains hand weapon anchor motion, right anchor audited only","10","10","10","7.302382","5.477372","4.138596","3.918074","2.923522","2.019599","3.384308","2.553849","2.118997"
"Base Layer/20_Attack_Battle/Battle_08","att_battle_8_03_S_2","Sword","mn_cdkcn_02_ani__att_battle_8_03_S","","","Hand","0.9","source suffix/tag indicates hand weapon state; body clip contains hand weapon anchor motion, right anchor audited only","10","10","10","5.794679","1.247038","1.23325","1.93892","0.234047","0.654389","3.855759","1.012991","0.578861"
"Base Layer/20_Attack_Battle/Battle_08","att_battle_8_04_S","Sword","mn_cdkcn_00_ani__att_battle_8_04_S","","","Hand","0.9","source suffix/tag indicates hand weapon state; body clip contains hand weapon anchor motion, right anchor audited only","10","10","10","3.621614","3.441348","0.854097","1.096742","1.711089","0.480732","2.524873","1.730258","0.373366"
"Base Layer/20_Attack_Battle/Battle_08","att_battle_8_05_S","Sword","mn_cdkcn_00_ani__att_battle_8_05_S","","","Hand","0.9","source suffix/tag indicates hand weapon state; body clip contains left-hand weapon anchor motion","10","10","10","4.724146","7.84915","2.256654","1.810583","4.623404","0.834596","2.913564","3.225746","1.422058"
"Base Layer/20_Attack_Battle/Battle_08","att_battle_8_06_S","Sword","mn_cdkcn_00_ani__att_battle_8_06_S","","","Hand","0.9","source suffix/tag indicates hand weapon state; body clip contains left-hand weapon anchor motion","10","10","10","3.131359","3.81304","2.170898","1.994375","2.49401","1.315988","1.136984","1.31903","0.85491"
"Base Layer/20_Attack_Battle/Battle_08","att_battle_8_07_S","Sword","mn_cdkcn_00_ani__att_battle_8_07_S","","","Hand","0.9","source suffix/tag indicates hand weapon state; body clip contains left-hand weapon anchor motion","10","10","10","0.993988","1.265648","0.98085","0.795609","1.082104","0.815278","0.198378","0.183545","0.165572"
"Base Layer/20_Attack_Battle/Battle_08","att_battle_8_08_S","Sword","mn_cdkcn_00_ani__att_battle_8_08_S","","","Hand","0.9","source suffix/tag indicates hand weapon state; body clip contains hand weapon anchor motion, right anchor audited only","10","10","10","0.221835","0.167243","0.177166","0.132594","0.120545","0.102468","0.08924","0.046697","0.074697"
"Base Layer/20_Attack_Battle/Battle_08","att_battle_8_09_S","Sword","mn_cdkcn_00_ani__att_battle_8_09_S","","","Hand","0.9","source suffix/tag indicates hand weapon state; body clip contains left-hand weapon anchor motion","10","10","10","1.117504","1.47247","1.022016","0.876673","1.211747","0.849403","0.240831","0.260723","0.172612"
"Base Layer/20_Attack_Battle/Battle_08","att_battle_8_10_S","Sword","mn_cdkcn_00_ani__att_battle_8_10_S","","","Hand","0.9","source suffix/tag indicates hand weapon state; body clip contains hand weapon anchor motion, right anchor audited only","10","10","10","0.064335","0.039773","0.076489","0.005153","0.006757","0.062917","0.059183","0.033017","0.013572"
"Base Layer/20_Attack_Battle/Battle_08","att_battle_8_11_S","Sword","mn_cdkcn_00_ani__att_battle_8_11_S","","","Hand","0.9","source suffix/tag indicates hand weapon state; body clip contains left-hand weapon anchor motion","10","10","10","1.425558","3.731907","3.496265","0.183723","0.430881","1.743609","1.241834","3.301026","1.752656"
"Base Layer/20_Attack_Battle/Battle_09","att_battle_9_01_S","Sword","mn_cdkcn_00_ani__att_battle_9_01_S","mn_cdkcs_00_sk|mn_cdkcs_00_ani__att_battle_9_01","sword v1","Hand","0.95","source suffix/tag indicates hand weapon state with matching weapon clip","10","10","10","4.046913","24.43993","0","1.981987","19.69557","0","2.064925","4.744367","0"
"Base Layer/20_Attack_Battle/Battle_09","att_battle_9_01_S_2","Sword","mn_cdkcn_02_ani__att_battle_9_01_S","mn_cdkcs_00_sk|mn_cdkcs_00_ani__att_battle_9_01","sword v1","Hand","0.95","source suffix/tag indicates hand weapon state with matching weapon clip","10","10","10","10.68105","0.743436","0","6.859814","0.111076","0","3.821232","0.63236","0"
"Base Layer/20_Attack_Battle/Battle_09","att_battle_9_02_S","Sword","mn_cdkcn_00_ani__att_battle_9_02_S","mn_cdkcs_00_sk|mn_cdkcs_00_ani__att_battle_9_02","sword v1","Hand","0.95","source suffix/tag indicates hand weapon state with matching weapon clip","10","10","10","1.246978","8.035378","0","0.934558","7.842477","0","0.31242","0.1929","0"
"Base Layer/20_Attack_Battle/Battle_09","att_battle_9_02_S_2","Sword","mn_cdkcn_02_ani__att_battle_9_02_S","mn_cdkcs_00_sk|mn_cdkcs_00_ani__att_battle_9_02","sword v1","Hand","0.95","source suffix/tag indicates hand weapon state with matching weapon clip","10","10","10","0.241058","0","0","0.19812","0","0","0.042938","0","0"
"Base Layer/20_Attack_Battle/Battle_09","att_battle_9_03_S","Sword","mn_cdkcn_00_ani__att_battle_9_03_S","mn_cdkcs_00_sk|mn_cdkcs_00_ani__att_battle_9_03","sword v1","Hand","0.95","source suffix/tag indicates hand weapon state with matching weapon clip","10","10","10","0.96254","1.561437","0","0.934562","1.536691","0","0.027978","0.024747","0"
"Base Layer/20_Attack_Battle/Battle_09","att_battle_9_03_S_2","Sword","mn_cdkcn_02_ani__att_battle_9_03_S","mn_cdkcs_00_sk|mn_cdkcs_00_ani__att_battle_9_03","sword v1","Hand","0.95","source suffix/tag indicates hand weapon state with matching weapon clip","10","10","10","11.13772","1.627327","0","5.708492","0.204491","0","5.429224","1.422836","0"
"Base Layer/20_Attack_Battle/Battle_09","att_battle_9_04_S","Sword","mn_cdkcn_00_ani__att_battle_9_04_S","mn_cdkcs_00_sk|mn_cdkcs_00_ani__att_battle_9_04","sword v1","Hand","0.95","source suffix/tag indicates hand weapon state with matching weapon clip","10","10","10","0.096775","0.46176","0","0.083081","0.447419","0","0.013694","0.014341","0"
"Base Layer/20_Attack_Battle/Battle_09","att_battle_9_05_S","Sword","mn_cdkcn_00_ani__att_battle_9_05_S","mn_cdkcs_00_sk|mn_cdkcs_00_ani__att_battle_9_05","sword v1","Hand","0.95","source suffix/tag indicates hand weapon state with matching weapon clip","10","10","10","0.735392","28.4044","0","0.215243","23.30643","0","0.520149","5.097972","0"
"Base Layer/30_Damage/Critical","dmg_critical_end_1_M","NoSword","mn_cdkcn_00_ani__dmg_critical_end_1_M","mn_cdkcs_00_sk|mn_cdkcs_00_ani__dmg_critical_end_1","sword v1","Back","0.98","source suffix/tag indicates non-hand weapon state","10","10","10","0.811706","2.732378","3.531297","0.102008","0.51758","1.596048","0.709698","2.214798","1.935249"
"Base Layer/30_Damage/Critical","dmg_critical_loop_1_M","NoSword","mn_cdkcn_00_ani__dmg_critical_loop_1_M","mn_cdkcs_00_sk|mn_cdkcs_00_ani__dmg_critical_loop_1","sword v1","Back","0.98","source suffix/tag indicates non-hand weapon state","10","10","10","0","0.09243","0.092523","0","0.002811","0.081767","0","0.089618","0.010755"
"Base Layer/30_Damage/Critical","dmg_critical_start_1_M","NoSword","mn_cdkcn_00_ani__dmg_critical_start_1_M","mn_cdkcs_00_sk|mn_cdkcs_00_ani__dmg_critical_start_1","sword v1","Back","0.98","source suffix/tag indicates non-hand weapon state","10","10","10","1.390525","2.622753","3.553078","0.175671","0.496339","1.503987","1.214854","2.126414","2.049091"
"Base Layer/40_Event/Event","evt1_backgroundimg_1_M","NoSword","mn_cdkcn_00_ani__evt1_backgroundimg_1_M","","","Back","0.98","source suffix/tag indicates non-hand weapon state","10","10","10","0.834385","4.133203","0.463711","0.466348","2.563902","0.228659","0.368037","1.5693","0.235052"
"Base Layer/40_Event/Event","evt2_cdkcn_attack_01_M","NoSword","mn_cdkcn_00_evt2_ani__evt2_cdkcn_attack_01_M","","","Back","0.98","source suffix/tag indicates non-hand weapon state","10","10","10","7.7135","12.63088","0","3.201179","6.719411","0","4.512321","5.911473","0"
"Base Layer/40_Event/Event","evt2_cdkcn_hit_01_M","NoSword","mn_cdkcn_00_evt2_ani__evt2_cdkcn_hit_01_M","","","Back","0.98","source suffix/tag indicates non-hand weapon state","10","10","10","0.190456","0.174558","1.029105","0","0","0","0.190456","0.174558","1.029105"
"Base Layer/40_Event/Event","evt2_cdkcn_idle_1_01_M","NoSword","mn_cdkcn_00_evt2_ani__evt2_cdkcn_idle_1_01_M","","","Back","0.98","source suffix/tag indicates non-hand weapon state","10","10","10","0.008887","0.02545","0","0","0","0","0.008887","0.02545","0"
"Base Layer/40_Event/Event","evt2_cdkcn_idle_2_01_M","NoSword","mn_cdkcn_00_evt2_ani__evt2_cdkcn_idle_2_01_M","","","Back","0.98","source suffix/tag indicates non-hand weapon state","10","10","10","3.387391","6.382804","0","0.938948","4.025782","0","2.448443","2.357022","0"
"Base Layer/40_Event/Event","evt2_cdkcn_idle_3_01_M","NoSword","mn_cdkcn_00_evt2_ani__evt2_cdkcn_idle_3_01_M","","","Back","0.98","source suffix/tag indicates non-hand weapon state","10","10","10","0.018074","0.012906","0","0","0","0","0.018074","0.012906","0"
"Base Layer/40_Event/Event","evt2_cdkcn_jump_01_M","NoSword","mn_cdkcn_00_evt2_ani__evt2_cdkcn_jump_01_M","","","Back","0.98","source suffix/tag indicates non-hand weapon state","10","10","10","0.919364","0.63936","0.508058","0","0","0","0.919364","0.63936","0.508058"
"Base Layer/40_Event/Event","evt2_cdkcn_land_01_M","NoSword","mn_cdkcn_00_evt2_ani__evt2_cdkcn_land_01_M","","","Back","0.98","source suffix/tag indicates non-hand weapon state","10","10","10","2.415242","0.756788","0.652902","2.185538","0.512316","0.476077","0.229704","0.244472","0.176825"
"Base Layer/40_Event/Event","evt2_cdkcn_lookback_01_M","NoSword","mn_cdkcn_00_evt2_ani__evt2_cdkcn_lookback_01_M","","","Back","0.98","source suffix/tag indicates non-hand weapon state","10","10","10","0.211943","0.059945","1.960386","0.021531","0.009295","0.923312","0.190412","0.05065","1.037074"
"Base Layer/40_Event/Event","evt2_cdkcn_magic_2_01_M","NoSword","mn_cdkcn_00_evt2_ani__evt2_cdkcn_magic_2_01_M","","","Back","0.98","source suffix/tag indicates non-hand weapon state","10","10","10","2.047004","1.110727","0.667423","1.235689","0.568782","0.211968","0.811315","0.541945","0.455455"
"Base Layer/40_Event/Event","evt2_cdkcn_magic_2_loop_01_M","NoSword","mn_cdkcn_00_evt2_ani__evt2_cdkcn_magic_2_loop_01_M","","","Back","0.98","source suffix/tag indicates non-hand weapon state","10","10","10","0.021135","0.094233","0.045247","0.021135","0.053868","0.041852","0","0.040365","0.003395"
"Base Layer/40_Event/Event","evt2_cdkcn_magic_2_loop_02_M","NoSword","mn_cdkcn_00_evt2_ani__evt2_cdkcn_magic_2_loop_02_M","","","Back","0.98","source suffix/tag indicates non-hand weapon state","10","10","10","0.020193","0.130724","0.061257","0.020193","0.064146","0.042239","0","0.066578","0.019018"
"Base Layer/40_Event/Event","evt2_cdkcn_magic_loop_01_M","NoSword","mn_cdkcn_00_evt2_ani__evt2_cdkcn_magic_loop_01_M","","","Back","0.98","source suffix/tag indicates non-hand weapon state","10","10","10","0.093151","0","0.009021","0","0","0","0.093151","0","0.009021"
"Base Layer/40_Event/Event","evt2_cdkcn_magic_start_01_M","NoSword","mn_cdkcn_00_evt2_ani__evt2_cdkcn_magic_start_01_M","","","Back","0.98","source suffix/tag indicates non-hand weapon state","10","10","10","1.914284","0.245158","0.328996","0","0","0","1.914284","0.245158","0.328996"
"Base Layer/40_Event/Event","evt2_cdkcn_portal_01_M","NoSword","mn_cdkcn_00_evt2_ani__evt2_cdkcn_portal_01_M","","","Back","0.98","source suffix/tag indicates non-hand weapon state","10","10","10","0.618088","1.012281","0.780332","0","0","0","0.618088","1.012281","0.780332"
"Base Layer/40_Event/Event","evt2_cdkcn_sit_idle_01_M","NoSword","mn_cdkcn_00_evt2_ani__evt2_cdkcn_sit_idle_01_M","","","Back","0.98","source suffix/tag indicates non-hand weapon state","10","10","10","0.235703","0.172549","0","0.20933","0.125076","0","0.026373","0.047473","0"
"Base Layer/40_Event/Event","evt2_cdkcn_sit_loop_01_M","NoSword","mn_cdkcn_00_evt2_ani__evt2_cdkcn_sit_loop_01_M","","","Back","0.98","source suffix/tag indicates non-hand weapon state","10","10","10","0.059931","0.096305","0","0.058949","0.073566","0","0.000982","0.022739","0"
"Base Layer/40_Event/Event","evt2_cdkcn_sit_magic_01_M","NoSword","mn_cdkcn_00_evt2_ani__evt2_cdkcn_sit_magic_01_M","","","Back","0.98","source suffix/tag indicates non-hand weapon state","10","10","10","4.162029","5.925183","0","2.819537","4.330917","0","1.342492","1.594266","0"
"Base Layer/40_Event/Event","evt2_cdkcn_sky_attack_loop_01_M","NoSword","mn_cdkcn_00_evt2_ani__evt2_cdkcn_sky_attack_loop_01_M","","","Back","0.98","source suffix/tag indicates non-hand weapon state","10","10","10","0.195053","0.245254","0.381863","0.091447","0.127932","0.253791","0.103606","0.117323","0.128071"
"Base Layer/40_Event/Event","evt2_cdkcn_sky_attack_start_01_M","NoSword","mn_cdkcn_00_evt2_ani__evt2_cdkcn_sky_attack_start_01_M","","","Back","0.98","source suffix/tag indicates non-hand weapon state","10","10","10","12.39104","14.3921","10.47749","8.051424","9.897841","7.216379","4.339612","4.494262","3.261109"
"Base Layer/40_Event/Event","evt2_hld01_M","NoSword","mn_cdkcn_00_evt2_ani__evt2_hld01_M","","","Back","0.98","source suffix/tag indicates non-hand weapon state","10","10","10","0.078432","0.156053","0","0.0116","0.115517","0","0.066832","0.040536","0"
"Base Layer/40_Event/Event","evt2_hld02_M","NoSword","mn_cdkcn_00_evt2_ani__evt2_hld02_M","","","Back","0.98","source suffix/tag indicates non-hand weapon state","10","10","10","2.761644","0.154421","0","0.267617","0.113811","0","2.494027","0.04061","0"
"Base Layer/40_Event/Event","evt2_str01_M","NoSword","mn_cdkcn_00_evt2_ani__evt2_str01_M","","","Back","0.98","source suffix/tag indicates non-hand weapon state","10","10","10","10.78016","15.25948","3.41669","8.80524","13.25896","2.604998","1.974918","2.000516","0.811693"
"Base Layer/40_Event/Event","evt2_str02_M","NoSword","mn_cdkcn_00_evt2_ani__evt2_str02_M","","","Back","0.98","source suffix/tag indicates non-hand weapon state","10","10","10","1.157334","0.098419","0.016214","0.918358","0.095063","0.011653","0.238975","0.003356","0.004561"
"Base Layer/40_Event/Event","evt2_str03_M","NoSword","mn_cdkcn_00_evt2_ani__evt2_str03_M","","","Back","0.98","source suffix/tag indicates non-hand weapon state","10","10","10","0","10.84239","0.764597","0","9.285027","0.273071","0","1.557359","0.491526"
"Base Layer/40_Event/Event","evt2_str04_M","NoSword","mn_cdkcn_00_evt2_ani__evt2_str04_M","","","Back","0.98","source suffix/tag indicates non-hand weapon state","10","10","10","2.341692","5.362434","1.60692","1.81841","3.855575","0.598983","0.523282","1.506859","1.007937"
"Base Layer/40_Event/Event","evt2_strb01_M","NoSword","mn_cdkcn_00_evt2_ani__evt2_strb01_M","","","Back","0.98","source suffix/tag indicates non-hand weapon state","10","10","10","1.173768","1.610443","1.447803","0.148206","0.232913","0.875806","1.025562","1.377529","0.571997"
"Base Layer/40_Event/Event","evt2_strb02_M","NoSword","mn_cdkcn_00_evt2_ani__evt2_strb02_M","","","Back","0.98","source suffix/tag indicates non-hand weapon state","10","10","10","0.64215","1.287472","1.021063","0.054086","0.128573","0.535483","0.588064","1.158899","0.48558"
"Base Layer/40_Event/Event","evt2_strb03_M","NoSword","mn_cdkcn_00_evt2_ani__evt2_strb03_M","","","Back","0.98","source suffix/tag indicates non-hand weapon state","10","10","10","0","0","0.108435","0","0","0.054776","0","0","0.053659"
"Base Layer/11_Idle_Base/Battle","idle_battle_1_S","Sword","mn_cdkcn_00-2_ani__idle_battle_1_S","mn_cdkcs_00_sk|mn_cdkcs_00_ani__idle_battle_1","sword v1","Hand","0.95","source suffix/tag indicates hand weapon state with matching weapon clip","10","10","10","0.211879","0.056363","0.226066","0.021607","0.007886","0.107626","0.190272","0.048477","0.11844"
"Base Layer/11_Idle_Base/Battle","idle_battle_1_S_2","Sword","mn_cdkcn_00_ani__idle_battle_1_S","mn_cdkcs_00_sk|mn_cdkcs_00_ani__idle_battle_1","sword v1","Hand","0.95","source suffix/tag indicates hand weapon state with matching weapon clip","10","10","10","0.329982","0.31221","0.22742","0.2266","0.222846","0.088623","0.103382","0.089365","0.138797"
"Base Layer/11_Idle_Base/Battle","idle_battle_1_S_3","Sword","mn_cdkcn_02_ani__idle_battle_1_S","mn_cdkcs_00_sk|mn_cdkcs_00_ani__idle_battle_1","sword v1","Hand","0.95","source suffix/tag indicates hand weapon state with matching weapon clip","10","10","10","0.687405","0.055936","0.339277","0.495078","0.007461","0.184256","0.192327","0.048474","0.155022"
"Base Layer/11_Idle_Base/Normal","idle_normal_1_M","NoSword","mn_cdkcn_00-2_ani__idle_normal_1_M","mn_cdkcs_00_sk|mn_cdkcs_00_ani__idle_normal_1","sword v1","Back","0.98","source suffix/tag indicates non-hand weapon state","10","10","10","0.211879","0.056363","0.226066","0.021607","0.007886","0.107626","0.190272","0.048477","0.11844"
"Base Layer/11_Idle_Base/Normal","idle_normal_1_M_2","NoSword","mn_cdkcn_00_ani__idle_normal_1_M","mn_cdkcs_00_sk|mn_cdkcs_00_ani__idle_normal_1","sword v1","Back","0.98","source suffix/tag indicates non-hand weapon state","10","10","10","0.329982","0.31221","0.22742","0.2266","0.222846","0.088623","0.103382","0.089365","0.138797"
"Base Layer/11_Idle_Base/Normal","idle_normal_1_M_3","NoSword","mn_cdkcn_02_ani__idle_normal_1_M","mn_cdkcs_00_sk|mn_cdkcs_00_ani__idle_normal_1","sword v1","Back","0.98","source suffix/tag indicates non-hand weapon state","10","10","10","0.687405","0.055936","0.339277","0.495078","0.007461","0.184256","0.192327","0.048474","0.155022"
"Base Layer/10_Idle_Status/Status1","idle_status1_end_1_M","NoSword","mn_cdkcn_00_ani__idle_status1_end_1_M","","","Back","0.98","source suffix/tag indicates non-hand weapon state","10","10","10","3.420748","9.466082","1.396422","1.532334","5.35086","0.676333","1.888414","4.115222","0.720089"
"Base Layer/10_Idle_Status/Status1","idle_status1_end_1_M_2","NoSword","mn_cdkcn_02_ani__idle_status1_end_1_M","","","Back","0.98","source suffix/tag indicates non-hand weapon state","10","10","10","7.027221","8.220635","1.862159","3.907447","5.046175","1.136614","3.119774","3.17446","0.725545"
"Base Layer/10_Idle_Status/Status1","idle_status1_end_2_M","NoSword","mn_cdkcn_02_ani__idle_status1_end_2_M","","","Back","0.98","source suffix/tag indicates non-hand weapon state","10","10","10","7.146371","1.047724","2.754403","3.751512","0.1802","1.176027","3.394859","0.867524","1.578376"
"Base Layer/10_Idle_Status/Status1","idle_status1_loop_1_M","NoSword","mn_cdkcn_00_ani__idle_status1_loop_1_M","mn_cdkcn_09_sk|mn_cdkcn_09_ani__idle_status1_loop_1","sword v3","Back","0.98","source suffix/tag indicates non-hand weapon state","10","10","10","0.211879","0.056363","0.226066","0.021607","0.007886","0.107626","0.190272","0.048477","0.11844"
"Base Layer/10_Idle_Status/Status1","idle_status1_loop_1_M_2","NoSword","mn_cdkcn_02_ani__idle_status1_loop_1_M","mn_cdkcn_09_sk|mn_cdkcn_09_ani__idle_status1_loop_1","sword v3","Back","0.98","source suffix/tag indicates non-hand weapon state","10","10","10","0.131598","0.516234","0.420573","0.027375","0.350211","0.139","0.104223","0.166024","0.281573"
"Base Layer/10_Idle_Status/Status1","idle_status1_start_1_M","NoSword","mn_cdkcn_00_ani__idle_status1_start_1_M","","","Back","0.98","source suffix/tag indicates non-hand weapon state","10","10","10","4.002154","10.90233","1.563195","2.006808","5.813047","0.809174","1.995346","5.089286","0.754021"
"Base Layer/10_Idle_Status/Status1","idle_status1_start_1_M_2","NoSword","mn_cdkcn_02_ani__idle_status1_start_1_M","","","Back","0.98","source suffix/tag indicates non-hand weapon state","10","10","10","8.425333","5.978623","2.093123","5.030266","3.873083","0.906636","3.395067","2.105541","1.186488"
"Base Layer/10_Idle_Status/Status2","idle_status2_end_1_M","NoSword","mn_cdkcn_02_ani__idle_status2_end_1_M","","","Back","0.98","source suffix/tag indicates non-hand weapon state","10","10","10","0.949425","7.924577","3.364341","0.153141","5.385637","1.398318","0.796284","2.53894","1.966023"
"Base Layer/10_Idle_Status/Status2","idle_status2_loop_1_M","NoSword","mn_cdkcn_00_ani__idle_status2_loop_1_M","mn_cdkcn_09_sk|mn_cdkcn_09_ani__idle_status2_loop_1","sword v3","Back","0.98","source suffix/tag indicates non-hand weapon state","10","10","10","0.031523","0.162268","0","0.004055","0.121063","0","0.027468","0.041205","0"
"Base Layer/10_Idle_Status/Status2","idle_status2_loop_1_M_2","NoSword","mn_cdkcn_02_ani__idle_status2_loop_1_M","mn_cdkcn_09_sk|mn_cdkcn_09_ani__idle_status2_loop_1","sword v3","Back","0.98","source suffix/tag indicates non-hand weapon state","10","10","10","0.267475","0.28829","0.80192","0.046515","0.057584","0.454397","0.22096","0.230706","0.347523"
"Base Layer/10_Idle_Status/Status2","idle_status2_normal_1_M","NoSword","mn_cdkcn_00_ani__idle_status2_normal_1_M","mn_cdkcn_09_sk|mn_cdkcn_09_ani__idle_status2_normal_1","sword v3","Back","0.98","source suffix/tag indicates non-hand weapon state","10","10","10","0.031523","0.162268","0","0.004055","0.121063","0","0.027468","0.041205","0"
"Base Layer/10_Idle_Status/Status2","idle_status2_start_1_M","NoSword","mn_cdkcn_02_ani__idle_status2_start_1_M","","","Back","0.98","source suffix/tag indicates non-hand weapon state","10","10","10","0.834614","7.39288","2.780695","0.141358","3.851994","1.184862","0.693256","3.540886","1.595833"
"Base Layer/10_Idle_Status/Status3","idle_status3_end_2_M","NoSword","mn_cdkcn_02_ani__idle_status3_end_2_M","","","Back","0.98","source suffix/tag indicates non-hand weapon state","10","10","10","8.157433","0.743302","2.80556","4.436732","0.140333","1.250296","3.7207","0.602969","1.555264"
"Base Layer/10_Idle_Status/Status3","idle_status3_loop_1_M","NoSword","mn_cdkcn_00_ani__idle_status3_loop_1_M","","","Back","0.98","source suffix/tag indicates non-hand weapon state","10","10","10","0","0.09243","0.092523","0","0.002811","0.081767","0","0.089618","0.010755"
"Base Layer/12_Movement/Battle","run_battle_1_S","Sword","mn_cdkcn_00-2_ani__run_battle_1_S","mn_cdkcs_00_sk|mn_cdkcs_00_ani__run_battle_1","sword v1","Hand","0.95","source suffix/tag indicates hand weapon state with matching weapon clip","10","10","10","0.677748","0.836673","0","0.065303","0.117171","0","0.612445","0.719502","0"
"Base Layer/12_Movement/Battle","run_battle_1_S_2","Sword","mn_cdkcn_00_ani__run_battle_1_S","mn_cdkcs_00_sk|mn_cdkcs_00_ani__run_battle_1","sword v1","Hand","0.95","source suffix/tag indicates hand weapon state with matching weapon clip","10","10","10","0.551011","0.776314","0","0.353419","0.577108","0","0.197591","0.199206","0"
"Base Layer/12_Movement/Battle","run_battle_1_S_3","Sword","mn_cdkcn_02_ani__run_battle_1_S","mn_cdkcs_00_sk|mn_cdkcs_00_ani__run_battle_1","sword v1","Hand","0.95","source suffix/tag indicates hand weapon state with matching weapon clip","10","10","10","2.624398","0.288684","0","1.776384","0.039212","0","0.848014","0.249472","0"
"Base Layer/12_Movement/Status1","run_status1_1_M","NoSword","mn_cdkcn_00_ani__run_status1_1_M","","","Back","0.98","source suffix/tag indicates non-hand weapon state","10","10","10","0.531429","0.843285","0","0.050664","0.117708","0","0.480765","0.725577","0"
"Base Layer/12_Movement/Status1","run_status1_1_M_2","NoSword","mn_cdkcn_02_ani__run_status1_1_M","","","Back","0.98","source suffix/tag indicates non-hand weapon state","10","10","10","0.454322","1.367468","0","0.040337","0.989394","0","0.413985","0.378074","0"
"Base Layer/12_Movement/Status2","run_status2_1_M","NoSword","mn_cdkcn_02_ani__run_status2_1_M","","","Back","0.98","source suffix/tag indicates non-hand weapon state","10","10","10","0.489461","0.178958","0","0.045119","0.017447","0","0.444342","0.161511","0"
"Base Layer/90_Other/Misc","turn_l_battle_S","Sword","mn_cdkcn_00_ani__turn_l_battle_S","","","Hand","0.9","source suffix/tag indicates hand weapon state; body clip contains left-hand weapon anchor motion","10","10","10","0.147494","1.181911","0","0.147494","0.6107","0","0","0.571211","0"
"Base Layer/90_Other/Misc","turn_l_battle_S_2","Sword","mn_cdkcn_02_ani__turn_l_battle_S","","","Hand","0.9","source suffix/tag indicates hand weapon state; body clip contains left-hand weapon anchor motion","10","10","10","0.63402","0.702304","0","0.061595","0.092763","0","0.572426","0.609541","0"
"Base Layer/90_Other/Misc","turn_l_status1_M","NoSword","mn_cdkcn_00_ani__turn_l_status1_M","","","Back","0.98","source suffix/tag indicates non-hand weapon state","10","10","10","0.63402","0.702304","0","0.061595","0.092763","0","0.572426","0.609541","0"
"Base Layer/90_Other/Misc","turn_l_status1_M_2","NoSword","mn_cdkcn_02_ani__turn_l_status1_M","","","Back","0.98","source suffix/tag indicates non-hand weapon state","10","10","10","0.514915","0.928635","0","0.091107","0.688143","0","0.423808","0.240491","0"
"Base Layer/90_Other/Misc","turn_l_status2_M","NoSword","mn_cdkcn_02_ani__turn_l_status2_M","","","Back","0.98","source suffix/tag indicates non-hand weapon state","10","10","10","0.566346","0.796925","0","0.097263","0.121853","0","0.469083","0.675072","0"
"Base Layer/90_Other/Misc","turn_r_battle_S","Sword","mn_cdkcn_00_ani__turn_r_battle_S","","","Hand","0.9","source suffix/tag indicates hand weapon state; body clip contains left-hand weapon anchor motion","10","10","10","0.150309","1.02976","0","0.150309","0.643881","0","0","0.385879","0"
"Base Layer/90_Other/Misc","turn_r_battle_S_2","Sword","mn_cdkcn_02_ani__turn_r_battle_S","","","Hand","0.9","source suffix/tag indicates hand weapon state; body clip contains hand weapon anchor motion, right anchor audited only","10","10","10","0.854284","0.244535","0","0.102323","0.034481","0","0.751961","0.210054","0"
"Base Layer/90_Other/Misc","turn_r_status1_M","NoSword","mn_cdkcn_00_ani__turn_r_status1_M","","","Back","0.98","source suffix/tag indicates non-hand weapon state","10","10","10","0.854284","0.244535","0","0.102323","0.034481","0","0.751961","0.210054","0"
"Base Layer/90_Other/Misc","turn_r_status1_M_2","NoSword","mn_cdkcn_02_ani__turn_r_status1_M","","","Back","0.98","source suffix/tag indicates non-hand weapon state","10","10","10","0.489748","0.963258","0","0.066784","0.620133","0","0.422964","0.343125","0"
"Base Layer/90_Other/Misc","turn_r_status2_M","NoSword","mn_cdkcn_02_ani__turn_r_status2_M","","","Back","0.98","source suffix/tag indicates non-hand weapon state","10","10","10","0.689355","0.981262","0","0.123331","0.184769","0","0.566025","0.796493","0"
"Base Layer/12_Movement/Normal","walk_normal_1_M","NoSword","mn_cdkcn_00-2_ani__walk_normal_1_M","mn_cdkcs_00_sk|mn_cdkcs_00_ani__walk_normal_1","sword v1","Back","0.98","source suffix/tag indicates non-hand weapon state","10","10","10","0.677748","0.836673","0","0.065303","0.117171","0","0.612445","0.719502","0"
"Base Layer/12_Movement/Normal","walk_normal_1_M_2","NoSword","mn_cdkcn_00_ani__walk_normal_1_M","mn_cdkcs_00_sk|mn_cdkcs_00_ani__walk_normal_1","sword v1","Back","0.98","source suffix/tag indicates non-hand weapon state","10","10","10","0.451991","0.429304","0","0.374647","0.297388","0","0.077345","0.131916","0"
"Base Layer/12_Movement/Normal","walk_normal_1_M_3","NoSword","mn_cdkcn_02_ani__walk_normal_1_M","mn_cdkcs_00_sk|mn_cdkcs_00_ani__walk_normal_1","sword v1","Back","0.98","source suffix/tag indicates non-hand weapon state","10","10","10","2.442444","0.266426","0","1.584301","0.038075","0","0.858143","0.228351","0"
"Base Layer/12_Movement/Status1","walk_status1_1_M","NoSword","mn_cdkcn_00_ani__walk_status1_1_M","","","Back","0.98","source suffix/tag indicates non-hand weapon state","10","10","10","0.677748","0.836673","0","0.065303","0.117171","0","0.612445","0.719502","0"
"Base Layer/12_Movement/Status1","walk_status1_1_M_2","NoSword","mn_cdkcn_02_ani__walk_status1_1_M","","","Back","0.98","source suffix/tag indicates non-hand weapon state","10","10","10","0.444662","1.293489","0","0.040863","0.939067","0","0.403798","0.354422","0"
"Base Layer/12_Movement/Status2","walk_status2_1_M","NoSword","mn_cdkcn_02_ani__walk_status2_1_M","","","Back","0.98","source suffix/tag indicates non-hand weapon state","10","10","10","0.458015","0.179177","0","0.043221","0.016982","0","0.414794","0.162195","0"
