state_path,state_name,state_tag,body_clip,body_clip_path,body_has_b_wpn_01,body_has_b_wpn_02,body_has_b_wpn_03,matched_sword_clip,matched_sword_clip_path,suggested_anchor,reason
"Base Layer","Idle","Sword","mn_cdkcn_00-2_ani__idle_battle_1_S","Assets/KamenAsset/KamenAnimClip/v1/11_Idle_Base/Battle/mn_cdkcn_00-2_ani__idle_battle_1_S.anim",1,1,1,"mn_cdkcs_00_sk|mn_cdkcs_00_ani__idle_battle_1","Assets/KamenAsset/Animations/weapons/sword v1/mn_cdkcs_00_ani/mn_cdkcs_00_ani_part_03_of_03.fbx","Hand","battle locomotion uses right weapon anchor"
"Base Layer","Idle_S","Sword","mn_cdkcn_00-2_ani__idle_battle_1_S","Assets/KamenAsset/KamenAnimClip/v1/11_Idle_Base/Battle/mn_cdkcn_00-2_ani__idle_battle_1_S.anim",1,1,1,"mn_cdkcs_00_sk|mn_cdkcs_00_ani__idle_battle_1","Assets/KamenAsset/Animations/weapons/sword v1/mn_cdkcs_00_ani/mn_cdkcs_00_ani_part_03_of_03.fbx","Hand","battle locomotion uses right weapon anchor"
"Base Layer","Idle_Normal","NoSword","mn_cdkcn_00-2_ani__idle_normal_1_M","Assets/KamenAsset/KamenAnimClip/v1/11_Idle_Base/Normal/mn_cdkcn_00-2_ani__idle_normal_1_M.anim",1,1,1,"mn_cdkcs_00_sk|mn_cdkcs_00_ani__idle_normal_1","Assets/KamenAsset/Animations/weapons/sword v1/mn_cdkcs_00_ani/mn_cdkcs_00_ani_part_03_of_03.fbx","Back","M/NoSword state keeps sword on b_wpn_03"
"Base Layer","Idle_Normal_M","NoSword","mn_cdkcn_00-2_ani__idle_normal_1_M","Assets/KamenAsset/KamenAnimClip/v1/11_Idle_Base/Normal/mn_cdkcn_00-2_ani__idle_normal_1_M.anim",1,1,1,"mn_cdkcs_00_sk|mn_cdkcs_00_ani__idle_normal_1","Assets/KamenAsset/Animations/weapons/sword v1/mn_cdkcs_00_ani/mn_cdkcs_00_ani_part_03_of_03.fbx","Back","M/NoSword state keeps sword on b_wpn_03"
"Base Layer","Idle_Battle","Sword","mn_cdkcn_00-2_ani__idle_battle_1_S","Assets/KamenAsset/KamenAnimClip/v1/11_Idle_Base/Battle/mn_cdkcn_00-2_ani__idle_battle_1_S.anim",1,1,1,"mn_cdkcs_00_sk|mn_cdkcs_00_ani__idle_battle_1","Assets/KamenAsset/Animations/weapons/sword v1/mn_cdkcs_00_ani/mn_cdkcs_00_ani_part_03_of_03.fbx","Hand","battle locomotion uses right weapon anchor"
"Base Layer","Idle_Battle_S","Sword","mn_cdkcn_00-2_ani__idle_battle_1_S","Assets/KamenAsset/KamenAnimClip/v1/11_Idle_Base/Battle/mn_cdkcn_00-2_ani__idle_battle_1_S.anim",1,1,1,"mn_cdkcs_00_sk|mn_cdkcs_00_ani__idle_battle_1","Assets/KamenAsset/Animations/weapons/sword v1/mn_cdkcs_00_ani/mn_cdkcs_00_ani_part_03_of_03.fbx","Hand","battle locomotion uses right weapon anchor"
"Base Layer","Walk","NoSword","mn_cdkcn_00-2_ani__walk_normal_1_M","Assets/KamenAsset/KamenAnimClip/v1/12_Movement/Normal/mn_cdkcn_00-2_ani__walk_normal_1_M.anim",1,1,1,"mn_cdkcs_00_sk|mn_cdkcs_00_ani__walk_normal_1","Assets/KamenAsset/Animations/weapons/sword v1/mn_cdkcs_00_ani/mn_cdkcs_00_ani_part_03_of_03.fbx","Back","M/NoSword state keeps sword on b_wpn_03"
"Base Layer","Walk_M","NoSword","mn_cdkcn_00-2_ani__walk_normal_1_M","Assets/KamenAsset/KamenAnimClip/v1/12_Movement/Normal/mn_cdkcn_00-2_ani__walk_normal_1_M.anim",1,1,1,"mn_cdkcs_00_sk|mn_cdkcs_00_ani__walk_normal_1","Assets/KamenAsset/Animations/weapons/sword v1/mn_cdkcs_00_ani/mn_cdkcs_00_ani_part_03_of_03.fbx","Back","M/NoSword state keeps sword on b_wpn_03"
"Base Layer","Run","Sword","mn_cdkcn_00-2_ani__run_battle_1_S","Assets/KamenAsset/KamenAnimClip/v1/12_Movement/Battle/mn_cdkcn_00-2_ani__run_battle_1_S.anim",1,1,1,"mn_cdkcs_00_sk|mn_cdkcs_00_ani__run_battle_1","Assets/KamenAsset/Animations/weapons/sword v1/mn_cdkcs_00_ani/mn_cdkcs_00_ani_part_03_of_03.fbx","Hand","battle locomotion uses right weapon anchor"
"Base Layer","Run_S","Sword","mn_cdkcn_00-2_ani__run_battle_1_S","Assets/KamenAsset/KamenAnimClip/v1/12_Movement/Battle/mn_cdkcn_00-2_ani__run_battle_1_S.anim",1,1,1,"mn_cdkcs_00_sk|mn_cdkcs_00_ani__run_battle_1","Assets/KamenAsset/Animations/weapons/sword v1/mn_cdkcs_00_ani/mn_cdkcs_00_ani_part_03_of_03.fbx","Hand","battle locomotion uses right weapon anchor"
"Base Layer","Hit","NoSword","mn_cdkcn_00_ani__dmg_critical_start_1_M","Assets/KamenAsset/KamenAnimClip/v1/30_Damage/Critical/mn_cdkcn_00_ani__dmg_critical_start_1_M.anim",1,1,1,"mn_cdkcs_00_sk|mn_cdkcs_00_ani__dmg_critical_start_1","Assets/KamenAsset/Animations/weapons/sword v1/mn_cdkcs_00_ani/mn_cdkcs_00_ani_part_02_of_03.fbx","Back","M/NoSword state keeps sword on b_wpn_03"
"Base Layer","Hit_M","NoSword","mn_cdkcn_00_ani__dmg_critical_start_1_M","Assets/KamenAsset/KamenAnimClip/v1/30_Damage/Critical/mn_cdkcn_00_ani__dmg_critical_start_1_M.anim",1,1,1,"mn_cdkcs_00_sk|mn_cdkcs_00_ani__dmg_critical_start_1","Assets/KamenAsset/Animations/weapons/sword v1/mn_cdkcs_00_ani/mn_cdkcs_00_ani_part_02_of_03.fbx","Back","M/NoSword state keeps sword on b_wpn_03"
"Base Layer","Repel","NoSword","mn_cdkcn_00_ani__dmg_critical_end_1_M","Assets/KamenAsset/KamenAnimClip/v1/30_Damage/Critical/mn_cdkcn_00_ani__dmg_critical_end_1_M.anim",1,1,1,"mn_cdkcs_00_sk|mn_cdkcs_00_ani__dmg_critical_end_1","Assets/KamenAsset/Animations/weapons/sword v1/mn_cdkcs_00_ani/mn_cdkcs_00_ani_part_02_of_03.fbx","Back","M/NoSword state keeps sword on b_wpn_03"
"Base Layer","Repel_M","NoSword","mn_cdkcn_00_ani__dmg_critical_end_1_M","Assets/KamenAsset/KamenAnimClip/v1/30_Damage/Critical/mn_cdkcn_00_ani__dmg_critical_end_1_M.anim",1,1,1,"mn_cdkcs_00_sk|mn_cdkcs_00_ani__dmg_critical_end_1","Assets/KamenAsset/Animations/weapons/sword v1/mn_cdkcs_00_ani/mn_cdkcs_00_ani_part_02_of_03.fbx","Back","M/NoSword state keeps sword on b_wpn_03"
"Base Layer","Alert_01","NoSword","mn_cdkcn_00_ani__idle_status1_loop_1_M","Assets/KamenAsset/KamenAnimClip/v1/10_Idle_Status/Status1/mn_cdkcn_00_ani__idle_status1_loop_1_M.anim",1,1,1,"","","Back","M/NoSword state keeps sword on b_wpn_03"
"Base Layer","Alert_01_M","NoSword","mn_cdkcn_00_ani__idle_status1_loop_1_M","Assets/KamenAsset/KamenAnimClip/v1/10_Idle_Status/Status1/mn_cdkcn_00_ani__idle_status1_loop_1_M.anim",1,1,1,"","","Back","M/NoSword state keeps sword on b_wpn_03"
"Base Layer","Alert_02","Sword","mn_cdkcn_00-2_ani__idle_battle_1_S","Assets/KamenAsset/KamenAnimClip/v1/11_Idle_Base/Battle/mn_cdkcn_00-2_ani__idle_battle_1_S.anim",1,1,1,"mn_cdkcs_00_sk|mn_cdkcs_00_ani__idle_battle_1","Assets/KamenAsset/Animations/weapons/sword v1/mn_cdkcs_00_ani/mn_cdkcs_00_ani_part_03_of_03.fbx","Hand","battle locomotion uses right weapon anchor"
"Base Layer","Alert_02_S","Sword","mn_cdkcn_00-2_ani__idle_battle_1_S","Assets/KamenAsset/KamenAnimClip/v1/11_Idle_Base/Battle/mn_cdkcn_00-2_ani__idle_battle_1_S.anim",1,1,1,"mn_cdkcs_00_sk|mn_cdkcs_00_ani__idle_battle_1","Assets/KamenAsset/Animations/weapons/sword v1/mn_cdkcs_00_ani/mn_cdkcs_00_ani_part_03_of_03.fbx","Hand","battle locomotion uses right weapon anchor"
"Base Layer","Attack_01","Sword","mn_cdkcn_00_ani__att_battle_1_01_S","Assets/KamenAsset/KamenAnimClip/v1/20_Attack_Battle/Battle_01/mn_cdkcn_00_ani__att_battle_1_01_S.anim",1,1,1,"mn_cdkcs_00_sk|mn_cdkcs_00_ani__att_battle_1_01","Assets/KamenAsset/Animations/weapons/sword v1/mn_cdkcs_00_ani/mn_cdkcs_00_ani_part_01_of_03.fbx","Animated","matching sword animation clip exists"
"Base Layer","Attack_01_S","Sword","mn_cdkcn_00_ani__att_battle_1_01_S","Assets/KamenAsset/KamenAnimClip/v1/20_Attack_Battle/Battle_01/mn_cdkcn_00_ani__att_battle_1_01_S.anim",1,1,1,"mn_cdkcs_00_sk|mn_cdkcs_00_ani__att_battle_1_01","Assets/KamenAsset/Animations/weapons/sword v1/mn_cdkcs_00_ani/mn_cdkcs_00_ani_part_01_of_03.fbx","Animated","matching sword animation clip exists"
"Base Layer","Attack_02_Start","Sword","mn_cdkcn_00_ani__att_battle_2_01_S","Assets/KamenAsset/KamenAnimClip/v1/20_Attack_Battle/Battle_02/mn_cdkcn_00_ani__att_battle_2_01_S.anim",1,1,1,"mn_cdkcs_00_sk|mn_cdkcs_00_ani__att_battle_2_01","Assets/KamenAsset/Animations/weapons/sword v1/mn_cdkcs_00_ani/mn_cdkcs_00_ani_part_01_of_03.fbx","Animated","matching sword animation clip exists"
"Base Layer","Attack_02_Start_S","Sword","mn_cdkcn_00_ani__att_battle_2_01_S","Assets/KamenAsset/KamenAnimClip/v1/20_Attack_Battle/Battle_02/mn_cdkcn_00_ani__att_battle_2_01_S.anim",1,1,1,"mn_cdkcs_00_sk|mn_cdkcs_00_ani__att_battle_2_01","Assets/KamenAsset/Animations/weapons/sword v1/mn_cdkcs_00_ani/mn_cdkcs_00_ani_part_01_of_03.fbx","Animated","matching sword animation clip exists"
"Base Layer","Attack_02_End","Sword","mn_cdkcn_02_ani__att_battle_2_02_S","Assets/KamenAsset/KamenAnimClip/v1/20_Attack_Battle/Battle_02/mn_cdkcn_02_ani__att_battle_2_02_S.anim",1,1,1,"mn_cdkcs_00_sk|mn_cdkcs_00_ani__att_battle_2_02","Assets/KamenAsset/Animations/weapons/sword v1/mn_cdkcs_00_ani/mn_cdkcs_00_ani_part_01_of_03.fbx","Animated","matching sword animation clip exists"
"Base Layer","Attack_02_End_S","Sword","mn_cdkcn_02_ani__att_battle_2_02_S","Assets/KamenAsset/KamenAnimClip/v1/20_Attack_Battle/Battle_02/mn_cdkcn_02_ani__att_battle_2_02_S.anim",1,1,1,"mn_cdkcs_00_sk|mn_cdkcs_00_ani__att_battle_2_02","Assets/KamenAsset/Animations/weapons/sword v1/mn_cdkcs_00_ani/mn_cdkcs_00_ani_part_01_of_03.fbx","Animated","matching sword animation clip exists"
"Base Layer","Attack_03_Start","Sword","mn_cdkcn_00_ani__att_battle_3_01_S","Assets/KamenAsset/KamenAnimClip/v1/20_Attack_Battle/Battle_03/mn_cdkcn_00_ani__att_battle_3_01_S.anim",1,1,1,"mn_cdkcs_00_sk|mn_cdkcs_00_ani__att_battle_3_01","Assets/KamenAsset/Animations/weapons/sword v1/mn_cdkcs_00_ani/mn_cdkcs_00_ani_part_01_of_03.fbx","Animated","matching sword animation clip exists"
"Base Layer","Attack_03_Start_S","Sword","mn_cdkcn_00_ani__att_battle_3_01_S","Assets/KamenAsset/KamenAnimClip/v1/20_Attack_Battle/Battle_03/mn_cdkcn_00_ani__att_battle_3_01_S.anim",1,1,1,"mn_cdkcs_00_sk|mn_cdkcs_00_ani__att_battle_3_01","Assets/KamenAsset/Animations/weapons/sword v1/mn_cdkcs_00_ani/mn_cdkcs_00_ani_part_01_of_03.fbx","Animated","matching sword animation clip exists"
"Base Layer","Attack_03_Idle","Sword","mn_cdkcn_00_ani__att_battle_3_02_S","Assets/KamenAsset/KamenAnimClip/v1/20_Attack_Battle/Battle_03/mn_cdkcn_00_ani__att_battle_3_02_S.anim",1,1,1,"mn_cdkcs_00_sk|mn_cdkcs_00_ani__att_battle_3_02","Assets/KamenAsset/Animations/weapons/sword v1/mn_cdkcs_00_ani/mn_cdkcs_00_ani_part_01_of_03.fbx","Animated","matching sword animation clip exists"
"Base Layer","Attack_03_Idle_S","Sword","mn_cdkcn_00_ani__att_battle_3_02_S","Assets/KamenAsset/KamenAnimClip/v1/20_Attack_Battle/Battle_03/mn_cdkcn_00_ani__att_battle_3_02_S.anim",1,1,1,"mn_cdkcs_00_sk|mn_cdkcs_00_ani__att_battle_3_02","Assets/KamenAsset/Animations/weapons/sword v1/mn_cdkcs_00_ani/mn_cdkcs_00_ani_part_01_of_03.fbx","Animated","matching sword animation clip exists"
"Base Layer","Attack_03_End","Sword","mn_cdkcn_00_ani__att_battle_3_03_S","Assets/KamenAsset/KamenAnimClip/v1/20_Attack_Battle/Battle_03/mn_cdkcn_00_ani__att_battle_3_03_S.anim",1,1,1,"mn_cdkcs_00_sk|mn_cdkcs_00_ani__att_battle_3_03","Assets/KamenAsset/Animations/weapons/sword v1/mn_cdkcs_00_ani/mn_cdkcs_00_ani_part_01_of_03.fbx","Animated","matching sword animation clip exists"
"Base Layer","Attack_03_End_S","Sword","mn_cdkcn_00_ani__att_battle_3_03_S","Assets/KamenAsset/KamenAnimClip/v1/20_Attack_Battle/Battle_03/mn_cdkcn_00_ani__att_battle_3_03_S.anim",1,1,1,"mn_cdkcs_00_sk|mn_cdkcs_00_ani__att_battle_3_03","Assets/KamenAsset/Animations/weapons/sword v1/mn_cdkcs_00_ani/mn_cdkcs_00_ani_part_01_of_03.fbx","Animated","matching sword animation clip exists"
"Base Layer/10_Idle_Status/Status1","idle_status1_end_1_M","NoSword","mn_cdkcn_00_ani__idle_status1_end_1_M","Assets/KamenAsset/KamenAnimClip/v1/10_Idle_Status/Status1/mn_cdkcn_00_ani__idle_status1_end_1_M.anim",1,1,1,"","","Back","M/NoSword state keeps sword on b_wpn_03"
"Base Layer/10_Idle_Status/Status1","idle_status1_end_1_M_2","NoSword","mn_cdkcn_02_ani__idle_status1_end_1_M","Assets/KamenAsset/KamenAnimClip/v1/10_Idle_Status/Status1/mn_cdkcn_02_ani__idle_status1_end_1_M.anim",1,1,1,"","","Back","M/NoSword state keeps sword on b_wpn_03"
"Base Layer/10_Idle_Status/Status1","idle_status1_end_2_M","NoSword","mn_cdkcn_02_ani__idle_status1_end_2_M","Assets/KamenAsset/KamenAnimClip/v1/10_Idle_Status/Status1/mn_cdkcn_02_ani__idle_status1_end_2_M.anim",1,1,1,"","","Back","M/NoSword state keeps sword on b_wpn_03"
"Base Layer/10_Idle_Status/Status1","idle_status1_loop_1_M","NoSword","mn_cdkcn_00_ani__idle_status1_loop_1_M","Assets/KamenAsset/KamenAnimClip/v1/10_Idle_Status/Status1/mn_cdkcn_00_ani__idle_status1_loop_1_M.anim",1,1,1,"","","Back","M/NoSword state keeps sword on b_wpn_03"
"Base Layer/10_Idle_Status/Status1","idle_status1_loop_1_M_2","NoSword","mn_cdkcn_02_ani__idle_status1_loop_1_M","Assets/KamenAsset/KamenAnimClip/v1/10_Idle_Status/Status1/mn_cdkcn_02_ani__idle_status1_loop_1_M.anim",1,1,1,"","","Back","M/NoSword state keeps sword on b_wpn_03"
"Base Layer/10_Idle_Status/Status1","idle_status1_start_1_M","NoSword","mn_cdkcn_00_ani__idle_status1_start_1_M","Assets/KamenAsset/KamenAnimClip/v1/10_Idle_Status/Status1/mn_cdkcn_00_ani__idle_status1_start_1_M.anim",1,1,1,"","","Back","M/NoSword state keeps sword on b_wpn_03"
"Base Layer/10_Idle_Status/Status1","idle_status1_start_1_M_2","NoSword","mn_cdkcn_02_ani__idle_status1_start_1_M","Assets/KamenAsset/KamenAnimClip/v1/10_Idle_Status/Status1/mn_cdkcn_02_ani__idle_status1_start_1_M.anim",1,1,1,"","","Back","M/NoSword state keeps sword on b_wpn_03"
"Base Layer/10_Idle_Status/Status2","idle_status2_end_1_M","NoSword","mn_cdkcn_02_ani__idle_status2_end_1_M","Assets/KamenAsset/KamenAnimClip/v1/10_Idle_Status/Status2/mn_cdkcn_02_ani__idle_status2_end_1_M.anim",1,1,1,"","","Back","M/NoSword state keeps sword on b_wpn_03"
"Base Layer/10_Idle_Status/Status2","idle_status2_loop_1_M","NoSword","mn_cdkcn_00_ani__idle_status2_loop_1_M","Assets/KamenAsset/KamenAnimClip/v1/10_Idle_Status/Status2/mn_cdkcn_00_ani__idle_status2_loop_1_M.anim",1,1,1,"","","Back","M/NoSword state keeps sword on b_wpn_03"
"Base Layer/10_Idle_Status/Status2","idle_status2_loop_1_M_2","NoSword","mn_cdkcn_02_ani__idle_status2_loop_1_M","Assets/KamenAsset/KamenAnimClip/v1/10_Idle_Status/Status2/mn_cdkcn_02_ani__idle_status2_loop_1_M.anim",1,1,1,"","","Back","M/NoSword state keeps sword on b_wpn_03"
"Base Layer/10_Idle_Status/Status2","idle_status2_normal_1_M","NoSword","mn_cdkcn_00_ani__idle_status2_normal_1_M","Assets/KamenAsset/KamenAnimClip/v1/10_Idle_Status/Status2/mn_cdkcn_00_ani__idle_status2_normal_1_M.anim",1,1,1,"","","Back","M/NoSword state keeps sword on b_wpn_03"
"Base Layer/10_Idle_Status/Status2","idle_status2_start_1_M","NoSword","mn_cdkcn_02_ani__idle_status2_start_1_M","Assets/KamenAsset/KamenAnimClip/v1/10_Idle_Status/Status2/mn_cdkcn_02_ani__idle_status2_start_1_M.anim",1,1,1,"","","Back","M/NoSword state keeps sword on b_wpn_03"
"Base Layer/10_Idle_Status/Status3","idle_status3_end_2_M","NoSword","mn_cdkcn_02_ani__idle_status3_end_2_M","Assets/KamenAsset/KamenAnimClip/v1/10_Idle_Status/Status3/mn_cdkcn_02_ani__idle_status3_end_2_M.anim",1,1,1,"","","Back","M/NoSword state keeps sword on b_wpn_03"
"Base Layer/10_Idle_Status/Status3","idle_status3_loop_1_M","NoSword","mn_cdkcn_00_ani__idle_status3_loop_1_M","Assets/KamenAsset/KamenAnimClip/v1/10_Idle_Status/Status3/mn_cdkcn_00_ani__idle_status3_loop_1_M.anim",1,1,1,"","","Back","M/NoSword state keeps sword on b_wpn_03"
"Base Layer/11_Idle_Base/Battle","idle_battle_1_S","Sword","mn_cdkcn_00-2_ani__idle_battle_1_S","Assets/KamenAsset/KamenAnimClip/v1/11_Idle_Base/Battle/mn_cdkcn_00-2_ani__idle_battle_1_S.anim",1,1,1,"mn_cdkcs_00_sk|mn_cdkcs_00_ani__idle_battle_1","Assets/KamenAsset/Animations/weapons/sword v1/mn_cdkcs_00_ani/mn_cdkcs_00_ani_part_03_of_03.fbx","Hand","battle locomotion uses right weapon anchor"
"Base Layer/11_Idle_Base/Battle","idle_battle_1_S_2","Sword","mn_cdkcn_00_ani__idle_battle_1_S","Assets/KamenAsset/KamenAnimClip/v1/11_Idle_Base/Battle/mn_cdkcn_00_ani__idle_battle_1_S.anim",1,1,1,"mn_cdkcs_00_sk|mn_cdkcs_00_ani__idle_battle_1","Assets/KamenAsset/Animations/weapons/sword v1/mn_cdkcs_00_ani/mn_cdkcs_00_ani_part_03_of_03.fbx","Hand","battle locomotion uses right weapon anchor"
"Base Layer/11_Idle_Base/Battle","idle_battle_1_S_3","Sword","mn_cdkcn_02_ani__idle_battle_1_S","Assets/KamenAsset/KamenAnimClip/v1/11_Idle_Base/Battle/mn_cdkcn_02_ani__idle_battle_1_S.anim",1,1,1,"mn_cdkcs_00_sk|mn_cdkcs_00_ani__idle_battle_1","Assets/KamenAsset/Animations/weapons/sword v1/mn_cdkcs_00_ani/mn_cdkcs_00_ani_part_03_of_03.fbx","Hand","battle locomotion uses right weapon anchor"
"Base Layer/11_Idle_Base/Normal","idle_normal_1_M","NoSword","mn_cdkcn_00-2_ani__idle_normal_1_M","Assets/KamenAsset/KamenAnimClip/v1/11_Idle_Base/Normal/mn_cdkcn_00-2_ani__idle_normal_1_M.anim",1,1,1,"mn_cdkcs_00_sk|mn_cdkcs_00_ani__idle_normal_1","Assets/KamenAsset/Animations/weapons/sword v1/mn_cdkcs_00_ani/mn_cdkcs_00_ani_part_03_of_03.fbx","Back","M/NoSword state keeps sword on b_wpn_03"
"Base Layer/11_Idle_Base/Normal","idle_normal_1_M_2","NoSword","mn_cdkcn_00_ani__idle_normal_1_M","Assets/KamenAsset/KamenAnimClip/v1/11_Idle_Base/Normal/mn_cdkcn_00_ani__idle_normal_1_M.anim",1,1,1,"mn_cdkcs_00_sk|mn_cdkcs_00_ani__idle_normal_1","Assets/KamenAsset/Animations/weapons/sword v1/mn_cdkcs_00_ani/mn_cdkcs_00_ani_part_03_of_03.fbx","Back","M/NoSword state keeps sword on b_wpn_03"
"Base Layer/11_Idle_Base/Normal","idle_normal_1_M_3","NoSword","mn_cdkcn_02_ani__idle_normal_1_M","Assets/KamenAsset/KamenAnimClip/v1/11_Idle_Base/Normal/mn_cdkcn_02_ani__idle_normal_1_M.anim",1,1,1,"mn_cdkcs_00_sk|mn_cdkcs_00_ani__idle_normal_1","Assets/KamenAsset/Animations/weapons/sword v1/mn_cdkcs_00_ani/mn_cdkcs_00_ani_part_03_of_03.fbx","Back","M/NoSword state keeps sword on b_wpn_03"
"Base Layer/12_Movement/Battle","run_battle_1_S","Sword","mn_cdkcn_00-2_ani__run_battle_1_S","Assets/KamenAsset/KamenAnimClip/v1/12_Movement/Battle/mn_cdkcn_00-2_ani__run_battle_1_S.anim",1,1,1,"mn_cdkcs_00_sk|mn_cdkcs_00_ani__run_battle_1","Assets/KamenAsset/Animations/weapons/sword v1/mn_cdkcs_00_ani/mn_cdkcs_00_ani_part_03_of_03.fbx","Hand","battle locomotion uses right weapon anchor"
"Base Layer/12_Movement/Battle","run_battle_1_S_2","Sword","mn_cdkcn_00_ani__run_battle_1_S","Assets/KamenAsset/KamenAnimClip/v1/12_Movement/Battle/mn_cdkcn_00_ani__run_battle_1_S.anim",1,1,1,"mn_cdkcs_00_sk|mn_cdkcs_00_ani__run_battle_1","Assets/KamenAsset/Animations/weapons/sword v1/mn_cdkcs_00_ani/mn_cdkcs_00_ani_part_03_of_03.fbx","Hand","battle locomotion uses right weapon anchor"
"Base Layer/12_Movement/Battle","run_battle_1_S_3","Sword","mn_cdkcn_02_ani__run_battle_1_S","Assets/KamenAsset/KamenAnimClip/v1/12_Movement/Battle/mn_cdkcn_02_ani__run_battle_1_S.anim",1,1,1,"mn_cdkcs_00_sk|mn_cdkcs_00_ani__run_battle_1","Assets/KamenAsset/Animations/weapons/sword v1/mn_cdkcs_00_ani/mn_cdkcs_00_ani_part_03_of_03.fbx","Hand","battle locomotion uses right weapon anchor"
"Base Layer/12_Movement/Normal","walk_normal_1_M","NoSword","mn_cdkcn_00-2_ani__walk_normal_1_M","Assets/KamenAsset/KamenAnimClip/v1/12_Movement/Normal/mn_cdkcn_00-2_ani__walk_normal_1_M.anim",1,1,1,"mn_cdkcs_00_sk|mn_cdkcs_00_ani__walk_normal_1","Assets/KamenAsset/Animations/weapons/sword v1/mn_cdkcs_00_ani/mn_cdkcs_00_ani_part_03_of_03.fbx","Back","M/NoSword state keeps sword on b_wpn_03"
"Base Layer/12_Movement/Normal","walk_normal_1_M_2","NoSword","mn_cdkcn_00_ani__walk_normal_1_M","Assets/KamenAsset/KamenAnimClip/v1/12_Movement/Normal/mn_cdkcn_00_ani__walk_normal_1_M.anim",1,1,1,"mn_cdkcs_00_sk|mn_cdkcs_00_ani__walk_normal_1","Assets/KamenAsset/Animations/weapons/sword v1/mn_cdkcs_00_ani/mn_cdkcs_00_ani_part_03_of_03.fbx","Back","M/NoSword state keeps sword on b_wpn_03"
"Base Layer/12_Movement/Normal","walk_normal_1_M_3","NoSword","mn_cdkcn_02_ani__walk_normal_1_M","Assets/KamenAsset/KamenAnimClip/v1/12_Movement/Normal/mn_cdkcn_02_ani__walk_normal_1_M.anim",1,1,1,"mn_cdkcs_00_sk|mn_cdkcs_00_ani__walk_normal_1","Assets/KamenAsset/Animations/weapons/sword v1/mn_cdkcs_00_ani/mn_cdkcs_00_ani_part_03_of_03.fbx","Back","M/NoSword state keeps sword on b_wpn_03"
"Base Layer/12_Movement/Status1","run_status1_1_M","NoSword","mn_cdkcn_00_ani__run_status1_1_M","Assets/KamenAsset/KamenAnimClip/v1/12_Movement/Status1/mn_cdkcn_00_ani__run_status1_1_M.anim",1,1,1,"","","Back","M/NoSword state keeps sword on b_wpn_03"
"Base Layer/12_Movement/Status1","run_status1_1_M_2","NoSword","mn_cdkcn_02_ani__run_status1_1_M","Assets/KamenAsset/KamenAnimClip/v1/12_Movement/Status1/mn_cdkcn_02_ani__run_status1_1_M.anim",1,1,1,"","","Back","M/NoSword state keeps sword on b_wpn_03"
"Base Layer/12_Movement/Status1","walk_status1_1_M","NoSword","mn_cdkcn_00_ani__walk_status1_1_M","Assets/KamenAsset/KamenAnimClip/v1/12_Movement/Status1/mn_cdkcn_00_ani__walk_status1_1_M.anim",1,1,1,"","","Back","M/NoSword state keeps sword on b_wpn_03"
"Base Layer/12_Movement/Status1","walk_status1_1_M_2","NoSword","mn_cdkcn_02_ani__walk_status1_1_M","Assets/KamenAsset/KamenAnimClip/v1/12_Movement/Status1/mn_cdkcn_02_ani__walk_status1_1_M.anim",1,1,1,"","","Back","M/NoSword state keeps sword on b_wpn_03"
"Base Layer/12_Movement/Status2","run_status2_1_M","NoSword","mn_cdkcn_02_ani__run_status2_1_M","Assets/KamenAsset/KamenAnimClip/v1/12_Movement/Status2/mn_cdkcn_02_ani__run_status2_1_M.anim",1,1,1,"","","Back","M/NoSword state keeps sword on b_wpn_03"
"Base Layer/12_Movement/Status2","walk_status2_1_M","NoSword","mn_cdkcn_02_ani__walk_status2_1_M","Assets/KamenAsset/KamenAnimClip/v1/12_Movement/Status2/mn_cdkcn_02_ani__walk_status2_1_M.anim",1,1,1,"","","Back","M/NoSword state keeps sword on b_wpn_03"
"Base Layer/20_Attack_Battle/Battle_01","att_battle_1_01_S","Sword","mn_cdkcn_00_ani__att_battle_1_01_S","Assets/KamenAsset/KamenAnimClip/v1/20_Attack_Battle/Battle_01/mn_cdkcn_00_ani__att_battle_1_01_S.anim",1,1,1,"mn_cdkcs_00_sk|mn_cdkcs_00_ani__att_battle_1_01","Assets/KamenAsset/Animations/weapons/sword v1/mn_cdkcs_00_ani/mn_cdkcs_00_ani_part_01_of_03.fbx","Animated","matching sword animation clip exists"
"Base Layer/20_Attack_Battle/Battle_01","att_battle_1_01_S_2","Sword","mn_cdkcn_02_ani__att_battle_1_01_S","Assets/KamenAsset/KamenAnimClip/v1/20_Attack_Battle/Battle_01/mn_cdkcn_02_ani__att_battle_1_01_S.anim",1,1,1,"mn_cdkcs_00_sk|mn_cdkcs_00_ani__att_battle_1_01","Assets/KamenAsset/Animations/weapons/sword v1/mn_cdkcs_00_ani/mn_cdkcs_00_ani_part_01_of_03.fbx","Animated","matching sword animation clip exists"
"Base Layer/20_Attack_Battle/Battle_01","att_battle_1_02_S","Sword","mn_cdkcn_00_ani__att_battle_1_02_S","Assets/KamenAsset/KamenAnimClip/v1/20_Attack_Battle/Battle_01/mn_cdkcn_00_ani__att_battle_1_02_S.anim",1,1,1,"mn_cdkcs_00_sk|mn_cdkcs_00_ani__att_battle_1_02","Assets/KamenAsset/Animations/weapons/sword v1/mn_cdkcs_00_ani/mn_cdkcs_00_ani_part_01_of_03.fbx","Animated","matching sword animation clip exists"
"Base Layer/20_Attack_Battle/Battle_01","att_battle_1_02_S_2","Sword","mn_cdkcn_02_ani__att_battle_1_02_S","Assets/KamenAsset/KamenAnimClip/v1/20_Attack_Battle/Battle_01/mn_cdkcn_02_ani__att_battle_1_02_S.anim",1,1,1,"mn_cdkcs_00_sk|mn_cdkcs_00_ani__att_battle_1_02","Assets/KamenAsset/Animations/weapons/sword v1/mn_cdkcs_00_ani/mn_cdkcs_00_ani_part_01_of_03.fbx","Animated","matching sword animation clip exists"
"Base Layer/20_Attack_Battle/Battle_01","att_battle_1_03_S","Sword","mn_cdkcn_02_ani__att_battle_1_03_S","Assets/KamenAsset/KamenAnimClip/v1/20_Attack_Battle/Battle_01/mn_cdkcn_02_ani__att_battle_1_03_S.anim",1,1,1,"mn_cdkcs_00_sk|mn_cdkcs_00_ani__att_battle_1_03","Assets/KamenAsset/Animations/weapons/sword v1/mn_cdkcs_00_ani/mn_cdkcs_00_ani_part_01_of_03.fbx","Animated","matching sword animation clip exists"
"Base Layer/20_Attack_Battle/Battle_01","att_battle_1_04_S","Sword","mn_cdkcn_02_ani__att_battle_1_04_S","Assets/KamenAsset/KamenAnimClip/v1/20_Attack_Battle/Battle_01/mn_cdkcn_02_ani__att_battle_1_04_S.anim",1,1,1,"","","Hand","default sword state uses b_wpn_01"
"Base Layer/20_Attack_Battle/Battle_01","att_battle_1_05_S","Sword","mn_cdkcn_02_ani__att_battle_1_05_S","Assets/KamenAsset/KamenAnimClip/v1/20_Attack_Battle/Battle_01/mn_cdkcn_02_ani__att_battle_1_05_S.anim",1,1,1,"","","Hand","default sword state uses b_wpn_01"
"Base Layer/20_Attack_Battle/Battle_01","att_battle_1_06_S","Sword","mn_cdkcn_02_ani__att_battle_1_06_S","Assets/KamenAsset/KamenAnimClip/v1/20_Attack_Battle/Battle_01/mn_cdkcn_02_ani__att_battle_1_06_S.anim",1,1,1,"","","Hand","default sword state uses b_wpn_01"
"Base Layer/20_Attack_Battle/Battle_01","att_battle_1_07_S","Sword","mn_cdkcn_02_ani__att_battle_1_07_S","Assets/KamenAsset/KamenAnimClip/v1/20_Attack_Battle/Battle_01/mn_cdkcn_02_ani__att_battle_1_07_S.anim",1,1,1,"","","Hand","default sword state uses b_wpn_01"
"Base Layer/20_Attack_Battle/Battle_01","att_battle_1_08_S","Sword","mn_cdkcn_02_ani__att_battle_1_08_S","Assets/KamenAsset/KamenAnimClip/v1/20_Attack_Battle/Battle_01/mn_cdkcn_02_ani__att_battle_1_08_S.anim",1,1,1,"","","Hand","default sword state uses b_wpn_01"
"Base Layer/20_Attack_Battle/Battle_02","att_battle_2_01_S","Sword","mn_cdkcn_00_ani__att_battle_2_01_S","Assets/KamenAsset/KamenAnimClip/v1/20_Attack_Battle/Battle_02/mn_cdkcn_00_ani__att_battle_2_01_S.anim",1,1,1,"mn_cdkcs_00_sk|mn_cdkcs_00_ani__att_battle_2_01","Assets/KamenAsset/Animations/weapons/sword v1/mn_cdkcs_00_ani/mn_cdkcs_00_ani_part_01_of_03.fbx","Animated","matching sword animation clip exists"
"Base Layer/20_Attack_Battle/Battle_02","att_battle_2_01_S_2","Sword","mn_cdkcn_02_ani__att_battle_2_01_S","Assets/KamenAsset/KamenAnimClip/v1/20_Attack_Battle/Battle_02/mn_cdkcn_02_ani__att_battle_2_01_S.anim",1,1,1,"mn_cdkcs_00_sk|mn_cdkcs_00_ani__att_battle_2_01","Assets/KamenAsset/Animations/weapons/sword v1/mn_cdkcs_00_ani/mn_cdkcs_00_ani_part_01_of_03.fbx","Animated","matching sword animation clip exists"
"Base Layer/20_Attack_Battle/Battle_02","att_battle_2_02_S","Sword","mn_cdkcn_02_ani__att_battle_2_02_S","Assets/KamenAsset/KamenAnimClip/v1/20_Attack_Battle/Battle_02/mn_cdkcn_02_ani__att_battle_2_02_S.anim",1,1,1,"mn_cdkcs_00_sk|mn_cdkcs_00_ani__att_battle_2_02","Assets/KamenAsset/Animations/weapons/sword v1/mn_cdkcs_00_ani/mn_cdkcs_00_ani_part_01_of_03.fbx","Animated","matching sword animation clip exists"
"Base Layer/20_Attack_Battle/Battle_02","att_battle_2_03_S","Sword","mn_cdkcn_02_ani__att_battle_2_03_S","Assets/KamenAsset/KamenAnimClip/v1/20_Attack_Battle/Battle_02/mn_cdkcn_02_ani__att_battle_2_03_S.anim",1,1,1,"mn_cdkcs_00_sk|mn_cdkcs_00_ani__att_battle_2_03","Assets/KamenAsset/Animations/weapons/sword v1/mn_cdkcs_00_ani/mn_cdkcs_00_ani_part_01_of_03.fbx","Animated","matching sword animation clip exists"
"Base Layer/20_Attack_Battle/Battle_03","att_battle_3_01_S","Sword","mn_cdkcn_00_ani__att_battle_3_01_S","Assets/KamenAsset/KamenAnimClip/v1/20_Attack_Battle/Battle_03/mn_cdkcn_00_ani__att_battle_3_01_S.anim",1,1,1,"mn_cdkcs_00_sk|mn_cdkcs_00_ani__att_battle_3_01","Assets/KamenAsset/Animations/weapons/sword v1/mn_cdkcs_00_ani/mn_cdkcs_00_ani_part_01_of_03.fbx","Animated","matching sword animation clip exists"
"Base Layer/20_Attack_Battle/Battle_03","att_battle_3_01_S_2","Sword","mn_cdkcn_02_ani__att_battle_3_01_S","Assets/KamenAsset/KamenAnimClip/v1/20_Attack_Battle/Battle_03/mn_cdkcn_02_ani__att_battle_3_01_S.anim",1,1,1,"mn_cdkcs_00_sk|mn_cdkcs_00_ani__att_battle_3_01","Assets/KamenAsset/Animations/weapons/sword v1/mn_cdkcs_00_ani/mn_cdkcs_00_ani_part_01_of_03.fbx","Animated","matching sword animation clip exists"
"Base Layer/20_Attack_Battle/Battle_03","att_battle_3_02_S","Sword","mn_cdkcn_00_ani__att_battle_3_02_S","Assets/KamenAsset/KamenAnimClip/v1/20_Attack_Battle/Battle_03/mn_cdkcn_00_ani__att_battle_3_02_S.anim",1,1,1,"mn_cdkcs_00_sk|mn_cdkcs_00_ani__att_battle_3_02","Assets/KamenAsset/Animations/weapons/sword v1/mn_cdkcs_00_ani/mn_cdkcs_00_ani_part_01_of_03.fbx","Animated","matching sword animation clip exists"
"Base Layer/20_Attack_Battle/Battle_03","att_battle_3_02_S_2","Sword","mn_cdkcn_02_ani__att_battle_3_02_S","Assets/KamenAsset/KamenAnimClip/v1/20_Attack_Battle/Battle_03/mn_cdkcn_02_ani__att_battle_3_02_S.anim",1,1,1,"mn_cdkcs_00_sk|mn_cdkcs_00_ani__att_battle_3_02","Assets/KamenAsset/Animations/weapons/sword v1/mn_cdkcs_00_ani/mn_cdkcs_00_ani_part_01_of_03.fbx","Animated","matching sword animation clip exists"
"Base Layer/20_Attack_Battle/Battle_03","att_battle_3_03_S","Sword","mn_cdkcn_00_ani__att_battle_3_03_S","Assets/KamenAsset/KamenAnimClip/v1/20_Attack_Battle/Battle_03/mn_cdkcn_00_ani__att_battle_3_03_S.anim",1,1,1,"mn_cdkcs_00_sk|mn_cdkcs_00_ani__att_battle_3_03","Assets/KamenAsset/Animations/weapons/sword v1/mn_cdkcs_00_ani/mn_cdkcs_00_ani_part_01_of_03.fbx","Animated","matching sword animation clip exists"
"Base Layer/20_Attack_Battle/Battle_03","att_battle_3_03_S_2","Sword","mn_cdkcn_02_ani__att_battle_3_03_S","Assets/KamenAsset/KamenAnimClip/v1/20_Attack_Battle/Battle_03/mn_cdkcn_02_ani__att_battle_3_03_S.anim",1,1,1,"mn_cdkcs_00_sk|mn_cdkcs_00_ani__att_battle_3_03","Assets/KamenAsset/Animations/weapons/sword v1/mn_cdkcs_00_ani/mn_cdkcs_00_ani_part_01_of_03.fbx","Animated","matching sword animation clip exists"
"Base Layer/20_Attack_Battle/Battle_03","att_battle_3_04_S","Sword","mn_cdkcn_02_ani__att_battle_3_04_S","Assets/KamenAsset/KamenAnimClip/v1/20_Attack_Battle/Battle_03/mn_cdkcn_02_ani__att_battle_3_04_S.anim",1,1,1,"mn_cdkcs_00_sk|mn_cdkcs_00_ani__att_battle_3_04","Assets/KamenAsset/Animations/weapons/sword v1/mn_cdkcs_00_ani/mn_cdkcs_00_ani_part_01_of_03.fbx","Animated","matching sword animation clip exists"
"Base Layer/20_Attack_Battle/Battle_03","att_battle_3_05_S","Sword","mn_cdkcn_02_ani__att_battle_3_05_S","Assets/KamenAsset/KamenAnimClip/v1/20_Attack_Battle/Battle_03/mn_cdkcn_02_ani__att_battle_3_05_S.anim",1,1,1,"","","Hand","default sword state uses b_wpn_01"
"Base Layer/20_Attack_Battle/Battle_03","att_battle_3_06_S","Sword","mn_cdkcn_02_ani__att_battle_3_06_S","Assets/KamenAsset/KamenAnimClip/v1/20_Attack_Battle/Battle_03/mn_cdkcn_02_ani__att_battle_3_06_S.anim",1,1,1,"","","Hand","default sword state uses b_wpn_01"
"Base Layer/20_Attack_Battle/Battle_03","att_battle_3_07_S","Sword","mn_cdkcn_02_ani__att_battle_3_07_S","Assets/KamenAsset/KamenAnimClip/v1/20_Attack_Battle/Battle_03/mn_cdkcn_02_ani__att_battle_3_07_S.anim",1,1,1,"","","Hand","default sword state uses b_wpn_01"
"Base Layer/20_Attack_Battle/Battle_04","att_battle_4_01_S","Sword","mn_cdkcn_00_ani__att_battle_4_01_S","Assets/KamenAsset/KamenAnimClip/v1/20_Attack_Battle/Battle_04/mn_cdkcn_00_ani__att_battle_4_01_S.anim",1,1,1,"mn_cdkcs_00_sk|mn_cdkcs_00_ani__att_battle_4_01","Assets/KamenAsset/Animations/weapons/sword v1/mn_cdkcs_00_ani/mn_cdkcs_00_ani_part_01_of_03.fbx","Animated","matching sword animation clip exists"
"Base Layer/20_Attack_Battle/Battle_04","att_battle_4_01_S_2","Sword","mn_cdkcn_02_ani__att_battle_4_01_S","Assets/KamenAsset/KamenAnimClip/v1/20_Attack_Battle/Battle_04/mn_cdkcn_02_ani__att_battle_4_01_S.anim",1,1,1,"mn_cdkcs_00_sk|mn_cdkcs_00_ani__att_battle_4_01","Assets/KamenAsset/Animations/weapons/sword v1/mn_cdkcs_00_ani/mn_cdkcs_00_ani_part_01_of_03.fbx","Animated","matching sword animation clip exists"
"Base Layer/20_Attack_Battle/Battle_04","att_battle_4_02_S","Sword","mn_cdkcn_00_ani__att_battle_4_02_S","Assets/KamenAsset/KamenAnimClip/v1/20_Attack_Battle/Battle_04/mn_cdkcn_00_ani__att_battle_4_02_S.anim",1,1,1,"mn_cdkcs_00_sk|mn_cdkcs_00_ani__att_battle_4_02","Assets/KamenAsset/Animations/weapons/sword v1/mn_cdkcs_00_ani/mn_cdkcs_00_ani_part_01_of_03.fbx","Animated","matching sword animation clip exists"
"Base Layer/20_Attack_Battle/Battle_04","att_battle_4_02_S_2","Sword","mn_cdkcn_02_ani__att_battle_4_02_S","Assets/KamenAsset/KamenAnimClip/v1/20_Attack_Battle/Battle_04/mn_cdkcn_02_ani__att_battle_4_02_S.anim",1,1,1,"mn_cdkcs_00_sk|mn_cdkcs_00_ani__att_battle_4_02","Assets/KamenAsset/Animations/weapons/sword v1/mn_cdkcs_00_ani/mn_cdkcs_00_ani_part_01_of_03.fbx","Animated","matching sword animation clip exists"
"Base Layer/20_Attack_Battle/Battle_04","att_battle_4_03_S","Sword","mn_cdkcn_00_ani__att_battle_4_03_S","Assets/KamenAsset/KamenAnimClip/v1/20_Attack_Battle/Battle_04/mn_cdkcn_00_ani__att_battle_4_03_S.anim",1,1,1,"mn_cdkcs_00_sk|mn_cdkcs_00_ani__att_battle_4_03","Assets/KamenAsset/Animations/weapons/sword v1/mn_cdkcs_00_ani/mn_cdkcs_00_ani_part_01_of_03.fbx","Animated","matching sword animation clip exists"
"Base Layer/20_Attack_Battle/Battle_04","att_battle_4_03_S_2","Sword","mn_cdkcn_02_ani__att_battle_4_03_S","Assets/KamenAsset/KamenAnimClip/v1/20_Attack_Battle/Battle_04/mn_cdkcn_02_ani__att_battle_4_03_S.anim",1,1,1,"mn_cdkcs_00_sk|mn_cdkcs_00_ani__att_battle_4_03","Assets/KamenAsset/Animations/weapons/sword v1/mn_cdkcs_00_ani/mn_cdkcs_00_ani_part_01_of_03.fbx","Animated","matching sword animation clip exists"
"Base Layer/20_Attack_Battle/Battle_05","att_battle_5_01_S","Sword","mn_cdkcn_00_ani__att_battle_5_01_S","Assets/KamenAsset/KamenAnimClip/v1/20_Attack_Battle/Battle_05/mn_cdkcn_00_ani__att_battle_5_01_S.anim",1,1,1,"mn_cdkcs_00_sk|mn_cdkcs_00_ani__att_battle_5_01","Assets/KamenAsset/Animations/weapons/sword v1/mn_cdkcs_00_ani/mn_cdkcs_00_ani_part_01_of_03.fbx","Animated","matching sword animation clip exists"
"Base Layer/20_Attack_Battle/Battle_05","att_battle_5_01_S_2","Sword","mn_cdkcn_02_ani__att_battle_5_01_S","Assets/KamenAsset/KamenAnimClip/v1/20_Attack_Battle/Battle_05/mn_cdkcn_02_ani__att_battle_5_01_S.anim",1,1,1,"mn_cdkcs_00_sk|mn_cdkcs_00_ani__att_battle_5_01","Assets/KamenAsset/Animations/weapons/sword v1/mn_cdkcs_00_ani/mn_cdkcs_00_ani_part_01_of_03.fbx","Animated","matching sword animation clip exists"
"Base Layer/20_Attack_Battle/Battle_05","att_battle_5_02_S","Sword","mn_cdkcn_00_ani__att_battle_5_02_S","Assets/KamenAsset/KamenAnimClip/v1/20_Attack_Battle/Battle_05/mn_cdkcn_00_ani__att_battle_5_02_S.anim",1,1,1,"mn_cdkcs_00_sk|mn_cdkcs_00_ani__att_battle_5_02","Assets/KamenAsset/Animations/weapons/sword v1/mn_cdkcs_00_ani/mn_cdkcs_00_ani_part_01_of_03.fbx","Animated","matching sword animation clip exists"
"Base Layer/20_Attack_Battle/Battle_05","att_battle_5_02_S_2","Sword","mn_cdkcn_02_ani__att_battle_5_02_S","Assets/KamenAsset/KamenAnimClip/v1/20_Attack_Battle/Battle_05/mn_cdkcn_02_ani__att_battle_5_02_S.anim",1,1,1,"mn_cdkcs_00_sk|mn_cdkcs_00_ani__att_battle_5_02","Assets/KamenAsset/Animations/weapons/sword v1/mn_cdkcs_00_ani/mn_cdkcs_00_ani_part_01_of_03.fbx","Animated","matching sword animation clip exists"
"Base Layer/20_Attack_Battle/Battle_05","att_battle_5_03_S","Sword","mn_cdkcn_00_ani__att_battle_5_03_S","Assets/KamenAsset/KamenAnimClip/v1/20_Attack_Battle/Battle_05/mn_cdkcn_00_ani__att_battle_5_03_S.anim",1,1,1,"mn_cdkcs_00_sk|mn_cdkcs_00_ani__att_battle_5_03","Assets/KamenAsset/Animations/weapons/sword v1/mn_cdkcs_00_ani/mn_cdkcs_00_ani_part_01_of_03.fbx","Animated","matching sword animation clip exists"
"Base Layer/20_Attack_Battle/Battle_05","att_battle_5_03_S_2","Sword","mn_cdkcn_02_ani__att_battle_5_03_S","Assets/KamenAsset/KamenAnimClip/v1/20_Attack_Battle/Battle_05/mn_cdkcn_02_ani__att_battle_5_03_S.anim",1,1,1,"mn_cdkcs_00_sk|mn_cdkcs_00_ani__att_battle_5_03","Assets/KamenAsset/Animations/weapons/sword v1/mn_cdkcs_00_ani/mn_cdkcs_00_ani_part_01_of_03.fbx","Animated","matching sword animation clip exists"
"Base Layer/20_Attack_Battle/Battle_05","att_battle_5_04_S","Sword","mn_cdkcn_02_ani__att_battle_5_04_S","Assets/KamenAsset/KamenAnimClip/v1/20_Attack_Battle/Battle_05/mn_cdkcn_02_ani__att_battle_5_04_S.anim",1,1,1,"","","Hand","default sword state uses b_wpn_01"
"Base Layer/20_Attack_Battle/Battle_06","att_battle_6_01_S","Sword","mn_cdkcn_00_ani__att_battle_6_01_S","Assets/KamenAsset/KamenAnimClip/v1/20_Attack_Battle/Battle_06/mn_cdkcn_00_ani__att_battle_6_01_S.anim",1,1,1,"mn_cdkcs_00_sk|mn_cdkcs_00_ani__att_battle_6_01","Assets/KamenAsset/Animations/weapons/sword v1/mn_cdkcs_00_ani/mn_cdkcs_00_ani_part_01_of_03.fbx","Animated","matching sword animation clip exists"
"Base Layer/20_Attack_Battle/Battle_06","att_battle_6_01_S_2","Sword","mn_cdkcn_02_ani__att_battle_6_01_S","Assets/KamenAsset/KamenAnimClip/v1/20_Attack_Battle/Battle_06/mn_cdkcn_02_ani__att_battle_6_01_S.anim",1,1,1,"mn_cdkcs_00_sk|mn_cdkcs_00_ani__att_battle_6_01","Assets/KamenAsset/Animations/weapons/sword v1/mn_cdkcs_00_ani/mn_cdkcs_00_ani_part_01_of_03.fbx","Animated","matching sword animation clip exists"
"Base Layer/20_Attack_Battle/Battle_06","att_battle_6_02_S","Sword","mn_cdkcn_00_ani__att_battle_6_02_S","Assets/KamenAsset/KamenAnimClip/v1/20_Attack_Battle/Battle_06/mn_cdkcn_00_ani__att_battle_6_02_S.anim",1,1,1,"","","Hand","default sword state uses b_wpn_01"
"Base Layer/20_Attack_Battle/Battle_06","att_battle_6_02_S_2","Sword","mn_cdkcn_02_ani__att_battle_6_02_S","Assets/KamenAsset/KamenAnimClip/v1/20_Attack_Battle/Battle_06/mn_cdkcn_02_ani__att_battle_6_02_S.anim",1,1,1,"","","Hand","default sword state uses b_wpn_01"
"Base Layer/20_Attack_Battle/Battle_06","att_battle_6_03_S","Sword","mn_cdkcn_00_ani__att_battle_6_03_S","Assets/KamenAsset/KamenAnimClip/v1/20_Attack_Battle/Battle_06/mn_cdkcn_00_ani__att_battle_6_03_S.anim",1,1,1,"","","Hand","default sword state uses b_wpn_01"
"Base Layer/20_Attack_Battle/Battle_06","att_battle_6_03_S_2","Sword","mn_cdkcn_02_ani__att_battle_6_03_S","Assets/KamenAsset/KamenAnimClip/v1/20_Attack_Battle/Battle_06/mn_cdkcn_02_ani__att_battle_6_03_S.anim",1,1,1,"","","Hand","default sword state uses b_wpn_01"
"Base Layer/20_Attack_Battle/Battle_06","att_battle_6_04_S","Sword","mn_cdkcn_02_ani__att_battle_6_04_S","Assets/KamenAsset/KamenAnimClip/v1/20_Attack_Battle/Battle_06/mn_cdkcn_02_ani__att_battle_6_04_S.anim",1,1,1,"","","Hand","default sword state uses b_wpn_01"
"Base Layer/20_Attack_Battle/Battle_06","att_battle_6_05_S","Sword","mn_cdkcn_02_ani__att_battle_6_05_S","Assets/KamenAsset/KamenAnimClip/v1/20_Attack_Battle/Battle_06/mn_cdkcn_02_ani__att_battle_6_05_S.anim",1,1,1,"","","Hand","default sword state uses b_wpn_01"
"Base Layer/20_Attack_Battle/Battle_06","att_battle_6_06_S","Sword","mn_cdkcn_02_ani__att_battle_6_06_S","Assets/KamenAsset/KamenAnimClip/v1/20_Attack_Battle/Battle_06/mn_cdkcn_02_ani__att_battle_6_06_S.anim",1,1,1,"","","Hand","default sword state uses b_wpn_01"
"Base Layer/20_Attack_Battle/Battle_07","att_battle_7_01_S","Sword","mn_cdkcn_00_ani__att_battle_7_01_S","Assets/KamenAsset/KamenAnimClip/v1/20_Attack_Battle/Battle_07/mn_cdkcn_00_ani__att_battle_7_01_S.anim",1,1,1,"mn_cdkcs_00_sk|mn_cdkcs_00_ani__att_battle_7_01","Assets/KamenAsset/Animations/weapons/sword v1/mn_cdkcs_00_ani/mn_cdkcs_00_ani_part_01_of_03.fbx","Animated","matching sword animation clip exists"
"Base Layer/20_Attack_Battle/Battle_07","att_battle_7_01_S_2","Sword","mn_cdkcn_02_ani__att_battle_7_01_S","Assets/KamenAsset/KamenAnimClip/v1/20_Attack_Battle/Battle_07/mn_cdkcn_02_ani__att_battle_7_01_S.anim",1,1,1,"mn_cdkcs_00_sk|mn_cdkcs_00_ani__att_battle_7_01","Assets/KamenAsset/Animations/weapons/sword v1/mn_cdkcs_00_ani/mn_cdkcs_00_ani_part_01_of_03.fbx","Animated","matching sword animation clip exists"
"Base Layer/20_Attack_Battle/Battle_07","att_battle_7_02_S","Sword","mn_cdkcn_00_ani__att_battle_7_02_S","Assets/KamenAsset/KamenAnimClip/v1/20_Attack_Battle/Battle_07/mn_cdkcn_00_ani__att_battle_7_02_S.anim",1,1,1,"mn_cdkcs_00_sk|mn_cdkcs_00_ani__att_battle_7_02","Assets/KamenAsset/Animations/weapons/sword v1/mn_cdkcs_00_ani/mn_cdkcs_00_ani_part_01_of_03.fbx","Animated","matching sword animation clip exists"
"Base Layer/20_Attack_Battle/Battle_07","att_battle_7_02_S_2","Sword","mn_cdkcn_02_ani__att_battle_7_02_S","Assets/KamenAsset/KamenAnimClip/v1/20_Attack_Battle/Battle_07/mn_cdkcn_02_ani__att_battle_7_02_S.anim",1,1,1,"mn_cdkcs_00_sk|mn_cdkcs_00_ani__att_battle_7_02","Assets/KamenAsset/Animations/weapons/sword v1/mn_cdkcs_00_ani/mn_cdkcs_00_ani_part_01_of_03.fbx","Animated","matching sword animation clip exists"
"Base Layer/20_Attack_Battle/Battle_07","att_battle_7_03_S","Sword","mn_cdkcn_00_ani__att_battle_7_03_S","Assets/KamenAsset/KamenAnimClip/v1/20_Attack_Battle/Battle_07/mn_cdkcn_00_ani__att_battle_7_03_S.anim",1,1,1,"mn_cdkcs_00_sk|mn_cdkcs_00_ani__att_battle_7_03","Assets/KamenAsset/Animations/weapons/sword v1/mn_cdkcs_00_ani/mn_cdkcs_00_ani_part_01_of_03.fbx","Animated","matching sword animation clip exists"
"Base Layer/20_Attack_Battle/Battle_07","att_battle_7_03_S_2","Sword","mn_cdkcn_02_ani__att_battle_7_03_S","Assets/KamenAsset/KamenAnimClip/v1/20_Attack_Battle/Battle_07/mn_cdkcn_02_ani__att_battle_7_03_S.anim",1,1,1,"mn_cdkcs_00_sk|mn_cdkcs_00_ani__att_battle_7_03","Assets/KamenAsset/Animations/weapons/sword v1/mn_cdkcs_00_ani/mn_cdkcs_00_ani_part_01_of_03.fbx","Animated","matching sword animation clip exists"
"Base Layer/20_Attack_Battle/Battle_08","att_battle_8_01_S","Sword","mn_cdkcn_00_ani__att_battle_8_01_S","Assets/KamenAsset/KamenAnimClip/v1/20_Attack_Battle/Battle_08/mn_cdkcn_00_ani__att_battle_8_01_S.anim",1,1,1,"mn_cdkcs_00_sk|mn_cdkcs_00_ani__att_battle_8_01","Assets/KamenAsset/Animations/weapons/sword v1/mn_cdkcs_00_ani/mn_cdkcs_00_ani_part_01_of_03.fbx","Animated","matching sword animation clip exists"
"Base Layer/20_Attack_Battle/Battle_08","att_battle_8_01_S_2","Sword","mn_cdkcn_02_ani__att_battle_8_01_S","Assets/KamenAsset/KamenAnimClip/v1/20_Attack_Battle/Battle_08/mn_cdkcn_02_ani__att_battle_8_01_S.anim",1,1,1,"mn_cdkcs_00_sk|mn_cdkcs_00_ani__att_battle_8_01","Assets/KamenAsset/Animations/weapons/sword v1/mn_cdkcs_00_ani/mn_cdkcs_00_ani_part_01_of_03.fbx","Animated","matching sword animation clip exists"
"Base Layer/20_Attack_Battle/Battle_08","att_battle_8_02_S","Sword","mn_cdkcn_00_ani__att_battle_8_02_S","Assets/KamenAsset/KamenAnimClip/v1/20_Attack_Battle/Battle_08/mn_cdkcn_00_ani__att_battle_8_02_S.anim",1,1,1,"","","Hand","default sword state uses b_wpn_01"
"Base Layer/20_Attack_Battle/Battle_08","att_battle_8_02_S_2","Sword","mn_cdkcn_02_ani__att_battle_8_02_S","Assets/KamenAsset/KamenAnimClip/v1/20_Attack_Battle/Battle_08/mn_cdkcn_02_ani__att_battle_8_02_S.anim",1,1,1,"","","Hand","default sword state uses b_wpn_01"
"Base Layer/20_Attack_Battle/Battle_08","att_battle_8_03_S","Sword","mn_cdkcn_00_ani__att_battle_8_03_S","Assets/KamenAsset/KamenAnimClip/v1/20_Attack_Battle/Battle_08/mn_cdkcn_00_ani__att_battle_8_03_S.anim",1,1,1,"","","Hand","default sword state uses b_wpn_01"
"Base Layer/20_Attack_Battle/Battle_08","att_battle_8_03_S_2","Sword","mn_cdkcn_02_ani__att_battle_8_03_S","Assets/KamenAsset/KamenAnimClip/v1/20_Attack_Battle/Battle_08/mn_cdkcn_02_ani__att_battle_8_03_S.anim",1,1,1,"","","Hand","default sword state uses b_wpn_01"
"Base Layer/20_Attack_Battle/Battle_08","att_battle_8_04_S","Sword","mn_cdkcn_00_ani__att_battle_8_04_S","Assets/KamenAsset/KamenAnimClip/v1/20_Attack_Battle/Battle_08/mn_cdkcn_00_ani__att_battle_8_04_S.anim",1,1,1,"","","Hand","default sword state uses b_wpn_01"
"Base Layer/20_Attack_Battle/Battle_08","att_battle_8_05_S","Sword","mn_cdkcn_00_ani__att_battle_8_05_S","Assets/KamenAsset/KamenAnimClip/v1/20_Attack_Battle/Battle_08/mn_cdkcn_00_ani__att_battle_8_05_S.anim",1,1,1,"","","Hand","default sword state uses b_wpn_01"
"Base Layer/20_Attack_Battle/Battle_08","att_battle_8_06_S","Sword","mn_cdkcn_00_ani__att_battle_8_06_S","Assets/KamenAsset/KamenAnimClip/v1/20_Attack_Battle/Battle_08/mn_cdkcn_00_ani__att_battle_8_06_S.anim",1,1,1,"","","Hand","default sword state uses b_wpn_01"
"Base Layer/20_Attack_Battle/Battle_08","att_battle_8_07_S","Sword","mn_cdkcn_00_ani__att_battle_8_07_S","Assets/KamenAsset/KamenAnimClip/v1/20_Attack_Battle/Battle_08/mn_cdkcn_00_ani__att_battle_8_07_S.anim",1,1,1,"","","Hand","default sword state uses b_wpn_01"
"Base Layer/20_Attack_Battle/Battle_08","att_battle_8_08_S","Sword","mn_cdkcn_00_ani__att_battle_8_08_S","Assets/KamenAsset/KamenAnimClip/v1/20_Attack_Battle/Battle_08/mn_cdkcn_00_ani__att_battle_8_08_S.anim",1,1,1,"","","Hand","default sword state uses b_wpn_01"
"Base Layer/20_Attack_Battle/Battle_08","att_battle_8_09_S","Sword","mn_cdkcn_00_ani__att_battle_8_09_S","Assets/KamenAsset/KamenAnimClip/v1/20_Attack_Battle/Battle_08/mn_cdkcn_00_ani__att_battle_8_09_S.anim",1,1,1,"","","Hand","default sword state uses b_wpn_01"
"Base Layer/20_Attack_Battle/Battle_08","att_battle_8_10_S","Sword","mn_cdkcn_00_ani__att_battle_8_10_S","Assets/KamenAsset/KamenAnimClip/v1/20_Attack_Battle/Battle_08/mn_cdkcn_00_ani__att_battle_8_10_S.anim",1,1,1,"","","Hand","default sword state uses b_wpn_01"
"Base Layer/20_Attack_Battle/Battle_08","att_battle_8_11_S","Sword","mn_cdkcn_00_ani__att_battle_8_11_S","Assets/KamenAsset/KamenAnimClip/v1/20_Attack_Battle/Battle_08/mn_cdkcn_00_ani__att_battle_8_11_S.anim",1,1,1,"","","Hand","default sword state uses b_wpn_01"
"Base Layer/20_Attack_Battle/Battle_09","att_battle_9_01_S","Sword","mn_cdkcn_00_ani__att_battle_9_01_S","Assets/KamenAsset/KamenAnimClip/v1/20_Attack_Battle/Battle_09/mn_cdkcn_00_ani__att_battle_9_01_S.anim",1,1,1,"mn_cdkcs_00_sk|mn_cdkcs_00_ani__att_battle_9_01","Assets/KamenAsset/Animations/weapons/sword v1/mn_cdkcs_00_ani/mn_cdkcs_00_ani_part_01_of_03.fbx","Animated","matching sword animation clip exists"
"Base Layer/20_Attack_Battle/Battle_09","att_battle_9_01_S_2","Sword","mn_cdkcn_02_ani__att_battle_9_01_S","Assets/KamenAsset/KamenAnimClip/v1/20_Attack_Battle/Battle_09/mn_cdkcn_02_ani__att_battle_9_01_S.anim",1,1,1,"mn_cdkcs_00_sk|mn_cdkcs_00_ani__att_battle_9_01","Assets/KamenAsset/Animations/weapons/sword v1/mn_cdkcs_00_ani/mn_cdkcs_00_ani_part_01_of_03.fbx","Animated","matching sword animation clip exists"
"Base Layer/20_Attack_Battle/Battle_09","att_battle_9_02_S","Sword","mn_cdkcn_00_ani__att_battle_9_02_S","Assets/KamenAsset/KamenAnimClip/v1/20_Attack_Battle/Battle_09/mn_cdkcn_00_ani__att_battle_9_02_S.anim",1,1,1,"mn_cdkcs_00_sk|mn_cdkcs_00_ani__att_battle_9_02","Assets/KamenAsset/Animations/weapons/sword v1/mn_cdkcs_00_ani/mn_cdkcs_00_ani_part_02_of_03.fbx","Animated","matching sword animation clip exists"
"Base Layer/20_Attack_Battle/Battle_09","att_battle_9_02_S_2","Sword","mn_cdkcn_02_ani__att_battle_9_02_S","Assets/KamenAsset/KamenAnimClip/v1/20_Attack_Battle/Battle_09/mn_cdkcn_02_ani__att_battle_9_02_S.anim",1,1,1,"mn_cdkcs_00_sk|mn_cdkcs_00_ani__att_battle_9_02","Assets/KamenAsset/Animations/weapons/sword v1/mn_cdkcs_00_ani/mn_cdkcs_00_ani_part_02_of_03.fbx","Animated","matching sword animation clip exists"
"Base Layer/20_Attack_Battle/Battle_09","att_battle_9_03_S","Sword","mn_cdkcn_00_ani__att_battle_9_03_S","Assets/KamenAsset/KamenAnimClip/v1/20_Attack_Battle/Battle_09/mn_cdkcn_00_ani__att_battle_9_03_S.anim",1,1,1,"mn_cdkcs_00_sk|mn_cdkcs_00_ani__att_battle_9_03","Assets/KamenAsset/Animations/weapons/sword v1/mn_cdkcs_00_ani/mn_cdkcs_00_ani_part_02_of_03.fbx","Animated","matching sword animation clip exists"
"Base Layer/20_Attack_Battle/Battle_09","att_battle_9_03_S_2","Sword","mn_cdkcn_02_ani__att_battle_9_03_S","Assets/KamenAsset/KamenAnimClip/v1/20_Attack_Battle/Battle_09/mn_cdkcn_02_ani__att_battle_9_03_S.anim",1,1,1,"mn_cdkcs_00_sk|mn_cdkcs_00_ani__att_battle_9_03","Assets/KamenAsset/Animations/weapons/sword v1/mn_cdkcs_00_ani/mn_cdkcs_00_ani_part_02_of_03.fbx","Animated","matching sword animation clip exists"
"Base Layer/20_Attack_Battle/Battle_09","att_battle_9_04_S","Sword","mn_cdkcn_00_ani__att_battle_9_04_S","Assets/KamenAsset/KamenAnimClip/v1/20_Attack_Battle/Battle_09/mn_cdkcn_00_ani__att_battle_9_04_S.anim",1,1,1,"mn_cdkcs_00_sk|mn_cdkcs_00_ani__att_battle_9_04","Assets/KamenAsset/Animations/weapons/sword v1/mn_cdkcs_00_ani/mn_cdkcs_00_ani_part_02_of_03.fbx","Animated","matching sword animation clip exists"
"Base Layer/20_Attack_Battle/Battle_09","att_battle_9_05_S","Sword","mn_cdkcn_00_ani__att_battle_9_05_S","Assets/KamenAsset/KamenAnimClip/v1/20_Attack_Battle/Battle_09/mn_cdkcn_00_ani__att_battle_9_05_S.anim",1,1,1,"mn_cdkcs_00_sk|mn_cdkcs_00_ani__att_battle_9_05","Assets/KamenAsset/Animations/weapons/sword v1/mn_cdkcs_00_ani/mn_cdkcs_00_ani_part_02_of_03.fbx","Animated","matching sword animation clip exists"
"Base Layer/20_Attack_Battle/Battle_10","att_battle_10_01_S","Sword","mn_cdkcn_00_ani__att_battle_10_01_S","Assets/KamenAsset/KamenAnimClip/v1/20_Attack_Battle/Battle_10/mn_cdkcn_00_ani__att_battle_10_01_S.anim",1,1,1,"mn_cdkcs_00_sk|mn_cdkcs_00_ani__att_battle_10_01","Assets/KamenAsset/Animations/weapons/sword v1/mn_cdkcs_00_ani/mn_cdkcs_00_ani_part_02_of_03.fbx","Animated","matching sword animation clip exists"
"Base Layer/20_Attack_Battle/Battle_10","att_battle_10_01_S_2","Sword","mn_cdkcn_02_ani__att_battle_10_01_S","Assets/KamenAsset/KamenAnimClip/v1/20_Attack_Battle/Battle_10/mn_cdkcn_02_ani__att_battle_10_01_S.anim",1,1,1,"mn_cdkcs_00_sk|mn_cdkcs_00_ani__att_battle_10_01","Assets/KamenAsset/Animations/weapons/sword v1/mn_cdkcs_00_ani/mn_cdkcs_00_ani_part_02_of_03.fbx","Animated","matching sword animation clip exists"
"Base Layer/20_Attack_Battle/Battle_10","att_battle_10_02_S","Sword","mn_cdkcn_00_ani__att_battle_10_02_S","Assets/KamenAsset/KamenAnimClip/v1/20_Attack_Battle/Battle_10/mn_cdkcn_00_ani__att_battle_10_02_S.anim",1,1,1,"mn_cdkcs_00_sk|mn_cdkcs_00_ani__att_battle_10_02","Assets/KamenAsset/Animations/weapons/sword v1/mn_cdkcs_00_ani/mn_cdkcs_00_ani_part_02_of_03.fbx","Animated","matching sword animation clip exists"
"Base Layer/20_Attack_Battle/Battle_10","att_battle_10_02_S_2","Sword","mn_cdkcn_02_ani__att_battle_10_02_S","Assets/KamenAsset/KamenAnimClip/v1/20_Attack_Battle/Battle_10/mn_cdkcn_02_ani__att_battle_10_02_S.anim",1,1,1,"mn_cdkcs_00_sk|mn_cdkcs_00_ani__att_battle_10_02","Assets/KamenAsset/Animations/weapons/sword v1/mn_cdkcs_00_ani/mn_cdkcs_00_ani_part_02_of_03.fbx","Animated","matching sword animation clip exists"
"Base Layer/20_Attack_Battle/Battle_10","att_battle_10_03_S","Sword","mn_cdkcn_02_ani__att_battle_10_03_S","Assets/KamenAsset/KamenAnimClip/v1/20_Attack_Battle/Battle_10/mn_cdkcn_02_ani__att_battle_10_03_S.anim",1,1,1,"mn_cdkcs_00_sk|mn_cdkcs_00_ani__att_battle_10_03","Assets/KamenAsset/Animations/weapons/sword v1/mn_cdkcs_00_ani/mn_cdkcs_00_ani_part_02_of_03.fbx","Animated","matching sword animation clip exists"
"Base Layer/20_Attack_Battle/Battle_11","att_battle_11_01_S","Sword","mn_cdkcn_00_ani__att_battle_11_01_S","Assets/KamenAsset/KamenAnimClip/v1/20_Attack_Battle/Battle_11/mn_cdkcn_00_ani__att_battle_11_01_S.anim",1,1,1,"mn_cdkcs_00_sk|mn_cdkcs_00_ani__att_battle_11_01","Assets/KamenAsset/Animations/weapons/sword v1/mn_cdkcs_00_ani/mn_cdkcs_00_ani_part_02_of_03.fbx","Animated","matching sword animation clip exists"
"Base Layer/20_Attack_Battle/Battle_11","att_battle_11_01_S_2","Sword","mn_cdkcn_02_ani__att_battle_11_01_S","Assets/KamenAsset/KamenAnimClip/v1/20_Attack_Battle/Battle_11/mn_cdkcn_02_ani__att_battle_11_01_S.anim",1,1,1,"mn_cdkcs_00_sk|mn_cdkcs_00_ani__att_battle_11_01","Assets/KamenAsset/Animations/weapons/sword v1/mn_cdkcs_00_ani/mn_cdkcs_00_ani_part_02_of_03.fbx","Animated","matching sword animation clip exists"
"Base Layer/20_Attack_Battle/Battle_11","att_battle_11_02_S","Sword","mn_cdkcn_00_ani__att_battle_11_02_S","Assets/KamenAsset/KamenAnimClip/v1/20_Attack_Battle/Battle_11/mn_cdkcn_00_ani__att_battle_11_02_S.anim",1,1,1,"mn_cdkcs_00_sk|mn_cdkcs_00_ani__att_battle_11_02","Assets/KamenAsset/Animations/weapons/sword v1/mn_cdkcs_00_ani/mn_cdkcs_00_ani_part_02_of_03.fbx","Animated","matching sword animation clip exists"
"Base Layer/20_Attack_Battle/Battle_11","att_battle_11_02_S_2","Sword","mn_cdkcn_02_ani__att_battle_11_02_S","Assets/KamenAsset/KamenAnimClip/v1/20_Attack_Battle/Battle_11/mn_cdkcn_02_ani__att_battle_11_02_S.anim",1,1,1,"mn_cdkcs_00_sk|mn_cdkcs_00_ani__att_battle_11_02","Assets/KamenAsset/Animations/weapons/sword v1/mn_cdkcs_00_ani/mn_cdkcs_00_ani_part_02_of_03.fbx","Animated","matching sword animation clip exists"
"Base Layer/20_Attack_Battle/Battle_11","att_battle_11_03_S","Sword","mn_cdkcn_00_ani__att_battle_11_03_S","Assets/KamenAsset/KamenAnimClip/v1/20_Attack_Battle/Battle_11/mn_cdkcn_00_ani__att_battle_11_03_S.anim",1,1,1,"mn_cdkcs_00_sk|mn_cdkcs_00_ani__att_battle_11_03","Assets/KamenAsset/Animations/weapons/sword v1/mn_cdkcs_00_ani/mn_cdkcs_00_ani_part_02_of_03.fbx","Animated","matching sword animation clip exists"
"Base Layer/20_Attack_Battle/Battle_11","att_battle_11_03_S_2","Sword","mn_cdkcn_02_ani__att_battle_11_03_S","Assets/KamenAsset/KamenAnimClip/v1/20_Attack_Battle/Battle_11/mn_cdkcn_02_ani__att_battle_11_03_S.anim",1,1,1,"mn_cdkcs_00_sk|mn_cdkcs_00_ani__att_battle_11_03","Assets/KamenAsset/Animations/weapons/sword v1/mn_cdkcs_00_ani/mn_cdkcs_00_ani_part_02_of_03.fbx","Animated","matching sword animation clip exists"
"Base Layer/20_Attack_Battle/Battle_11","att_battle_11_04_S","Sword","mn_cdkcn_02_ani__att_battle_11_04_S","Assets/KamenAsset/KamenAnimClip/v1/20_Attack_Battle/Battle_11/mn_cdkcn_02_ani__att_battle_11_04_S.anim",1,1,1,"mn_cdkcs_00_sk|mn_cdkcs_00_ani__att_battle_11_04","Assets/KamenAsset/Animations/weapons/sword v1/mn_cdkcs_00_ani/mn_cdkcs_00_ani_part_02_of_03.fbx","Animated","matching sword animation clip exists"
"Base Layer/20_Attack_Battle/Battle_11","att_battle_11_05_S","Sword","mn_cdkcn_02_ani__att_battle_11_05_S","Assets/KamenAsset/KamenAnimClip/v1/20_Attack_Battle/Battle_11/mn_cdkcn_02_ani__att_battle_11_05_S.anim",1,1,1,"","","Hand","default sword state uses b_wpn_01"
"Base Layer/20_Attack_Battle/Battle_11","att_battle_11_06_S","Sword","mn_cdkcn_02_ani__att_battle_11_06_S","Assets/KamenAsset/KamenAnimClip/v1/20_Attack_Battle/Battle_11/mn_cdkcn_02_ani__att_battle_11_06_S.anim",1,1,1,"","","Hand","default sword state uses b_wpn_01"
"Base Layer/20_Attack_Battle/Battle_11","att_battle_11_07_S","Sword","mn_cdkcn_02_ani__att_battle_11_07_S","Assets/KamenAsset/KamenAnimClip/v1/20_Attack_Battle/Battle_11/mn_cdkcn_02_ani__att_battle_11_07_S.anim",1,1,1,"","","Hand","default sword state uses b_wpn_01"
"Base Layer/20_Attack_Battle/Battle_11","att_battle_11_08_S","Sword","mn_cdkcn_02_ani__att_battle_11_08_S","Assets/KamenAsset/KamenAnimClip/v1/20_Attack_Battle/Battle_11/mn_cdkcn_02_ani__att_battle_11_08_S.anim",1,1,1,"","","Hand","default sword state uses b_wpn_01"
"Base Layer/20_Attack_Battle/Battle_11","att_battle_11_09_S","Sword","mn_cdkcn_02_ani__att_battle_11_09_S","Assets/KamenAsset/KamenAnimClip/v1/20_Attack_Battle/Battle_11/mn_cdkcn_02_ani__att_battle_11_09_S.anim",1,1,1,"","","Hand","default sword state uses b_wpn_01"
"Base Layer/20_Attack_Battle/Battle_12","att_battle_12_01_S","Sword","mn_cdkcn_00_ani__att_battle_12_01_S","Assets/KamenAsset/KamenAnimClip/v1/20_Attack_Battle/Battle_12/mn_cdkcn_00_ani__att_battle_12_01_S.anim",1,1,1,"mn_cdkcs_00_sk|mn_cdkcs_00_ani__att_battle_12_01","Assets/KamenAsset/Animations/weapons/sword v1/mn_cdkcs_00_ani/mn_cdkcs_00_ani_part_02_of_03.fbx","Animated","matching sword animation clip exists"
"Base Layer/20_Attack_Battle/Battle_12","att_battle_12_01_S_2","Sword","mn_cdkcn_02_ani__att_battle_12_01_S","Assets/KamenAsset/KamenAnimClip/v1/20_Attack_Battle/Battle_12/mn_cdkcn_02_ani__att_battle_12_01_S.anim",1,1,1,"mn_cdkcs_00_sk|mn_cdkcs_00_ani__att_battle_12_01","Assets/KamenAsset/Animations/weapons/sword v1/mn_cdkcs_00_ani/mn_cdkcs_00_ani_part_02_of_03.fbx","Animated","matching sword animation clip exists"
"Base Layer/20_Attack_Battle/Battle_12","att_battle_12_02_S","Sword","mn_cdkcn_00_ani__att_battle_12_02_S","Assets/KamenAsset/KamenAnimClip/v1/20_Attack_Battle/Battle_12/mn_cdkcn_00_ani__att_battle_12_02_S.anim",1,1,1,"mn_cdkcs_00_sk|mn_cdkcs_00_ani__att_battle_12_02","Assets/KamenAsset/Animations/weapons/sword v1/mn_cdkcs_00_ani/mn_cdkcs_00_ani_part_02_of_03.fbx","Animated","matching sword animation clip exists"
"Base Layer/20_Attack_Battle/Battle_12","att_battle_12_02_S_2","Sword","mn_cdkcn_02_ani__att_battle_12_02_S","Assets/KamenAsset/KamenAnimClip/v1/20_Attack_Battle/Battle_12/mn_cdkcn_02_ani__att_battle_12_02_S.anim",1,1,1,"mn_cdkcs_00_sk|mn_cdkcs_00_ani__att_battle_12_02","Assets/KamenAsset/Animations/weapons/sword v1/mn_cdkcs_00_ani/mn_cdkcs_00_ani_part_02_of_03.fbx","Animated","matching sword animation clip exists"
"Base Layer/20_Attack_Battle/Battle_12","att_battle_12_03_S","Sword","mn_cdkcn_00_ani__att_battle_12_03_S","Assets/KamenAsset/KamenAnimClip/v1/20_Attack_Battle/Battle_12/mn_cdkcn_00_ani__att_battle_12_03_S.anim",1,1,1,"mn_cdkcs_00_sk|mn_cdkcs_00_ani__att_battle_12_03","Assets/KamenAsset/Animations/weapons/sword v1/mn_cdkcs_00_ani/mn_cdkcs_00_ani_part_02_of_03.fbx","Animated","matching sword animation clip exists"
"Base Layer/20_Attack_Battle/Battle_12","att_battle_12_03_S_2","Sword","mn_cdkcn_02_ani__att_battle_12_03_S","Assets/KamenAsset/KamenAnimClip/v1/20_Attack_Battle/Battle_12/mn_cdkcn_02_ani__att_battle_12_03_S.anim",1,1,1,"mn_cdkcs_00_sk|mn_cdkcs_00_ani__att_battle_12_03","Assets/KamenAsset/Animations/weapons/sword v1/mn_cdkcs_00_ani/mn_cdkcs_00_ani_part_02_of_03.fbx","Animated","matching sword animation clip exists"
"Base Layer/20_Attack_Battle/Battle_12","att_battle_12_04_S","Sword","mn_cdkcn_02_ani__att_battle_12_04_S","Assets/KamenAsset/KamenAnimClip/v1/20_Attack_Battle/Battle_12/mn_cdkcn_02_ani__att_battle_12_04_S.anim",1,1,1,"","","Hand","default sword state uses b_wpn_01"
"Base Layer/20_Attack_Battle/Battle_12","att_battle_12_05_S","Sword","mn_cdkcn_02_ani__att_battle_12_05_S","Assets/KamenAsset/KamenAnimClip/v1/20_Attack_Battle/Battle_12/mn_cdkcn_02_ani__att_battle_12_05_S.anim",1,1,1,"","","Hand","default sword state uses b_wpn_01"
"Base Layer/20_Attack_Battle/Battle_12","att_battle_12_06_S","Sword","mn_cdkcn_02_ani__att_battle_12_06_S","Assets/KamenAsset/KamenAnimClip/v1/20_Attack_Battle/Battle_12/mn_cdkcn_02_ani__att_battle_12_06_S.anim",1,1,1,"","","Hand","default sword state uses b_wpn_01"
"Base Layer/20_Attack_Battle/Battle_12","att_battle_12_07_S","Sword","mn_cdkcn_02_ani__att_battle_12_07_S","Assets/KamenAsset/KamenAnimClip/v1/20_Attack_Battle/Battle_12/mn_cdkcn_02_ani__att_battle_12_07_S.anim",1,1,1,"","","Hand","default sword state uses b_wpn_01"
"Base Layer/20_Attack_Battle/Battle_12","att_battle_12_08_S","Sword","mn_cdkcn_02_ani__att_battle_12_08_S","Assets/KamenAsset/KamenAnimClip/v1/20_Attack_Battle/Battle_12/mn_cdkcn_02_ani__att_battle_12_08_S.anim",1,1,1,"","","Hand","default sword state uses b_wpn_01"
"Base Layer/20_Attack_Battle/Battle_12","att_battle_12_09_S","Sword","mn_cdkcn_02_ani__att_battle_12_09_S","Assets/KamenAsset/KamenAnimClip/v1/20_Attack_Battle/Battle_12/mn_cdkcn_02_ani__att_battle_12_09_S.anim",1,1,1,"","","Hand","default sword state uses b_wpn_01"
"Base Layer/20_Attack_Battle/Battle_13","att_battle_13_01_S","Sword","mn_cdkcn_00_ani__att_battle_13_01_S","Assets/KamenAsset/KamenAnimClip/v1/20_Attack_Battle/Battle_13/mn_cdkcn_00_ani__att_battle_13_01_S.anim",1,1,1,"mn_cdkcs_00_sk|mn_cdkcs_00_ani__att_battle_13_01","Assets/KamenAsset/Animations/weapons/sword v1/mn_cdkcs_00_ani/mn_cdkcs_00_ani_part_02_of_03.fbx","Animated","matching sword animation clip exists"
"Base Layer/20_Attack_Battle/Battle_13","att_battle_13_01_S_2","Sword","mn_cdkcn_02_ani__att_battle_13_01_S","Assets/KamenAsset/KamenAnimClip/v1/20_Attack_Battle/Battle_13/mn_cdkcn_02_ani__att_battle_13_01_S.anim",1,1,1,"mn_cdkcs_00_sk|mn_cdkcs_00_ani__att_battle_13_01","Assets/KamenAsset/Animations/weapons/sword v1/mn_cdkcs_00_ani/mn_cdkcs_00_ani_part_02_of_03.fbx","Animated","matching sword animation clip exists"
"Base Layer/20_Attack_Battle/Battle_13","att_battle_13_02_S","Sword","mn_cdkcn_02_ani__att_battle_13_02_S","Assets/KamenAsset/KamenAnimClip/v1/20_Attack_Battle/Battle_13/mn_cdkcn_02_ani__att_battle_13_02_S.anim",1,1,1,"mn_cdkcs_00_sk|mn_cdkcs_00_ani__att_battle_13_02","Assets/KamenAsset/Animations/weapons/sword v1/mn_cdkcs_00_ani/mn_cdkcs_00_ani_part_02_of_03.fbx","Animated","matching sword animation clip exists"
"Base Layer/20_Attack_Battle/Battle_13","att_battle_13_03_S","Sword","mn_cdkcn_02_ani__att_battle_13_03_S","Assets/KamenAsset/KamenAnimClip/v1/20_Attack_Battle/Battle_13/mn_cdkcn_02_ani__att_battle_13_03_S.anim",1,1,1,"mn_cdkcs_00_sk|mn_cdkcs_00_ani__att_battle_13_03","Assets/KamenAsset/Animations/weapons/sword v1/mn_cdkcs_00_ani/mn_cdkcs_00_ani_part_02_of_03.fbx","Animated","matching sword animation clip exists"
"Base Layer/20_Attack_Battle/Battle_13","att_battle_13_04_S","Sword","mn_cdkcn_02_ani__att_battle_13_04_S","Assets/KamenAsset/KamenAnimClip/v1/20_Attack_Battle/Battle_13/mn_cdkcn_02_ani__att_battle_13_04_S.anim",1,1,1,"mn_cdkcs_00_sk|mn_cdkcs_00_ani__att_battle_13_04","Assets/KamenAsset/Animations/weapons/sword v1/mn_cdkcs_00_ani/mn_cdkcs_00_ani_part_02_of_03.fbx","Animated","matching sword animation clip exists"
"Base Layer/20_Attack_Battle/Battle_14","att_battle_14_01_S","Sword","mn_cdkcn_00_ani__att_battle_14_01_S","Assets/KamenAsset/KamenAnimClip/v1/20_Attack_Battle/Battle_14/mn_cdkcn_00_ani__att_battle_14_01_S.anim",1,1,1,"","","Hand","default sword state uses b_wpn_01"
"Base Layer/20_Attack_Battle/Battle_14","att_battle_14_01_S_2","Sword","mn_cdkcn_02_ani__att_battle_14_01_S","Assets/KamenAsset/KamenAnimClip/v1/20_Attack_Battle/Battle_14/mn_cdkcn_02_ani__att_battle_14_01_S.anim",1,1,1,"","","Hand","default sword state uses b_wpn_01"
"Base Layer/20_Attack_Battle/Battle_14","att_battle_14_02_S","Sword","mn_cdkcn_00_ani__att_battle_14_02_S","Assets/KamenAsset/KamenAnimClip/v1/20_Attack_Battle/Battle_14/mn_cdkcn_00_ani__att_battle_14_02_S.anim",1,1,1,"","","Hand","default sword state uses b_wpn_01"
"Base Layer/20_Attack_Battle/Battle_14","att_battle_14_02_S_2","Sword","mn_cdkcn_02_ani__att_battle_14_02_S","Assets/KamenAsset/KamenAnimClip/v1/20_Attack_Battle/Battle_14/mn_cdkcn_02_ani__att_battle_14_02_S.anim",1,1,1,"","","Hand","default sword state uses b_wpn_01"
"Base Layer/20_Attack_Battle/Battle_14","att_battle_14_03_S","Sword","mn_cdkcn_00_ani__att_battle_14_03_S","Assets/KamenAsset/KamenAnimClip/v1/20_Attack_Battle/Battle_14/mn_cdkcn_00_ani__att_battle_14_03_S.anim",1,1,1,"","","Hand","default sword state uses b_wpn_01"
"Base Layer/20_Attack_Battle/Battle_14","att_battle_14_03_S_2","Sword","mn_cdkcn_02_ani__att_battle_14_03_S","Assets/KamenAsset/KamenAnimClip/v1/20_Attack_Battle/Battle_14/mn_cdkcn_02_ani__att_battle_14_03_S.anim",1,1,1,"","","Hand","default sword state uses b_wpn_01"
"Base Layer/20_Attack_Battle/Battle_14","att_battle_14_04_S","Sword","mn_cdkcn_00_ani__att_battle_14_04_S","Assets/KamenAsset/KamenAnimClip/v1/20_Attack_Battle/Battle_14/mn_cdkcn_00_ani__att_battle_14_04_S.anim",1,1,1,"","","Hand","default sword state uses b_wpn_01"
"Base Layer/20_Attack_Battle/Battle_14","att_battle_14_04_S_2","Sword","mn_cdkcn_02_ani__att_battle_14_04_S","Assets/KamenAsset/KamenAnimClip/v1/20_Attack_Battle/Battle_14/mn_cdkcn_02_ani__att_battle_14_04_S.anim",1,1,1,"","","Hand","default sword state uses b_wpn_01"
"Base Layer/20_Attack_Battle/Battle_14","att_battle_14_05_S","Sword","mn_cdkcn_02_ani__att_battle_14_05_S","Assets/KamenAsset/KamenAnimClip/v1/20_Attack_Battle/Battle_14/mn_cdkcn_02_ani__att_battle_14_05_S.anim",1,1,1,"","","Hand","default sword state uses b_wpn_01"
"Base Layer/20_Attack_Battle/Battle_14","att_battle_14_06_S","Sword","mn_cdkcn_02_ani__att_battle_14_06_S","Assets/KamenAsset/KamenAnimClip/v1/20_Attack_Battle/Battle_14/mn_cdkcn_02_ani__att_battle_14_06_S.anim",1,1,1,"","","Hand","default sword state uses b_wpn_01"
"Base Layer/20_Attack_Battle/Battle_14","att_battle_14_07_S","Sword","mn_cdkcn_02_ani__att_battle_14_07_S","Assets/KamenAsset/KamenAnimClip/v1/20_Attack_Battle/Battle_14/mn_cdkcn_02_ani__att_battle_14_07_S.anim",1,1,1,"","","Hand","default sword state uses b_wpn_01"
"Base Layer/20_Attack_Battle/Battle_14","att_battle_14_08_S","Sword","mn_cdkcn_02_ani__att_battle_14_08_S","Assets/KamenAsset/KamenAnimClip/v1/20_Attack_Battle/Battle_14/mn_cdkcn_02_ani__att_battle_14_08_S.anim",1,1,1,"","","Hand","default sword state uses b_wpn_01"
"Base Layer/20_Attack_Battle/Battle_14","att_battle_14_09_S","Sword","mn_cdkcn_02_ani__att_battle_14_09_S","Assets/KamenAsset/KamenAnimClip/v1/20_Attack_Battle/Battle_14/mn_cdkcn_02_ani__att_battle_14_09_S.anim",1,1,1,"","","Hand","default sword state uses b_wpn_01"
"Base Layer/20_Attack_Battle/Battle_15","att_battle_15_01_S","Sword","mn_cdkcn_00_ani__att_battle_15_01_S","Assets/KamenAsset/KamenAnimClip/v1/20_Attack_Battle/Battle_15/mn_cdkcn_00_ani__att_battle_15_01_S.anim",1,1,1,"","","Hand","default sword state uses b_wpn_01"
"Base Layer/20_Attack_Battle/Battle_15","att_battle_15_01_S_2","Sword","mn_cdkcn_02_ani__att_battle_15_01_S","Assets/KamenAsset/KamenAnimClip/v1/20_Attack_Battle/Battle_15/mn_cdkcn_02_ani__att_battle_15_01_S.anim",1,1,1,"","","Hand","default sword state uses b_wpn_01"
"Base Layer/20_Attack_Battle/Battle_15","att_battle_15_02_S","Sword","mn_cdkcn_00_ani__att_battle_15_02_S","Assets/KamenAsset/KamenAnimClip/v1/20_Attack_Battle/Battle_15/mn_cdkcn_00_ani__att_battle_15_02_S.anim",1,1,1,"","","Hand","default sword state uses b_wpn_01"
"Base Layer/20_Attack_Battle/Battle_15","att_battle_15_02_S_2","Sword","mn_cdkcn_02_ani__att_battle_15_02_S","Assets/KamenAsset/KamenAnimClip/v1/20_Attack_Battle/Battle_15/mn_cdkcn_02_ani__att_battle_15_02_S.anim",1,1,1,"","","Hand","default sword state uses b_wpn_01"
"Base Layer/20_Attack_Battle/Battle_15","att_battle_15_03_S","Sword","mn_cdkcn_00_ani__att_battle_15_03_S","Assets/KamenAsset/KamenAnimClip/v1/20_Attack_Battle/Battle_15/mn_cdkcn_00_ani__att_battle_15_03_S.anim",1,1,1,"","","Hand","default sword state uses b_wpn_01"
"Base Layer/20_Attack_Battle/Battle_15","att_battle_15_03_S_2","Sword","mn_cdkcn_02_ani__att_battle_15_03_S","Assets/KamenAsset/KamenAnimClip/v1/20_Attack_Battle/Battle_15/mn_cdkcn_02_ani__att_battle_15_03_S.anim",1,1,1,"","","Hand","default sword state uses b_wpn_01"
"Base Layer/20_Attack_Battle/Battle_16","att_battle_16_01_S","Sword","mn_cdkcn_00_ani__att_battle_16_01_S","Assets/KamenAsset/KamenAnimClip/v1/20_Attack_Battle/Battle_16/mn_cdkcn_00_ani__att_battle_16_01_S.anim",1,1,1,"","","Hand","default sword state uses b_wpn_01"
"Base Layer/20_Attack_Battle/Battle_16","att_battle_16_02_S","Sword","mn_cdkcn_00_ani__att_battle_16_02_S","Assets/KamenAsset/KamenAnimClip/v1/20_Attack_Battle/Battle_16/mn_cdkcn_00_ani__att_battle_16_02_S.anim",1,1,1,"","","Hand","default sword state uses b_wpn_01"
"Base Layer/20_Attack_Battle/Battle_16","att_battle_16_03_S","Sword","mn_cdkcn_00_ani__att_battle_16_03_S","Assets/KamenAsset/KamenAnimClip/v1/20_Attack_Battle/Battle_16/mn_cdkcn_00_ani__att_battle_16_03_S.anim",1,1,1,"","","Hand","default sword state uses b_wpn_01"
"Base Layer/20_Attack_Battle/Battle_17","att_battle_17_01_S","Sword","mn_cdkcn_00_ani__att_battle_17_01_S","Assets/KamenAsset/KamenAnimClip/v1/20_Attack_Battle/Battle_17/mn_cdkcn_00_ani__att_battle_17_01_S.anim",1,1,1,"","","Hand","default sword state uses b_wpn_01"
"Base Layer/20_Attack_Battle/Battle_17","att_battle_17_02_S","Sword","mn_cdkcn_00_ani__att_battle_17_02_S","Assets/KamenAsset/KamenAnimClip/v1/20_Attack_Battle/Battle_17/mn_cdkcn_00_ani__att_battle_17_02_S.anim",1,1,1,"","","Hand","default sword state uses b_wpn_01"
"Base Layer/20_Attack_Battle/Battle_18","att_battle_18_01_S","Sword","mn_cdkcn_00_ani__att_battle_18_01_S","Assets/KamenAsset/KamenAnimClip/v1/20_Attack_Battle/Battle_18/mn_cdkcn_00_ani__att_battle_18_01_S.anim",1,1,1,"","","Hand","default sword state uses b_wpn_01"
"Base Layer/20_Attack_Battle/Battle_18","att_battle_18_02_S","Sword","mn_cdkcn_00_ani__att_battle_18_02_S","Assets/KamenAsset/KamenAnimClip/v1/20_Attack_Battle/Battle_18/mn_cdkcn_00_ani__att_battle_18_02_S.anim",1,1,1,"","","Hand","default sword state uses b_wpn_01"
"Base Layer/20_Attack_Battle/Battle_18","att_battle_18_03_S","Sword","mn_cdkcn_00_ani__att_battle_18_03_S","Assets/KamenAsset/KamenAnimClip/v1/20_Attack_Battle/Battle_18/mn_cdkcn_00_ani__att_battle_18_03_S.anim",1,1,1,"","","Hand","default sword state uses b_wpn_01"
"Base Layer/30_Damage/Critical","dmg_critical_end_1_M","NoSword","mn_cdkcn_00_ani__dmg_critical_end_1_M","Assets/KamenAsset/KamenAnimClip/v1/30_Damage/Critical/mn_cdkcn_00_ani__dmg_critical_end_1_M.anim",1,1,1,"mn_cdkcs_00_sk|mn_cdkcs_00_ani__dmg_critical_end_1","Assets/KamenAsset/Animations/weapons/sword v1/mn_cdkcs_00_ani/mn_cdkcs_00_ani_part_02_of_03.fbx","Back","M/NoSword state keeps sword on b_wpn_03"
"Base Layer/30_Damage/Critical","dmg_critical_loop_1_M","NoSword","mn_cdkcn_00_ani__dmg_critical_loop_1_M","Assets/KamenAsset/KamenAnimClip/v1/30_Damage/Critical/mn_cdkcn_00_ani__dmg_critical_loop_1_M.anim",1,1,1,"mn_cdkcs_00_sk|mn_cdkcs_00_ani__dmg_critical_loop_1","Assets/KamenAsset/Animations/weapons/sword v1/mn_cdkcs_00_ani/mn_cdkcs_00_ani_part_02_of_03.fbx","Back","M/NoSword state keeps sword on b_wpn_03"
"Base Layer/30_Damage/Critical","dmg_critical_start_1_M","NoSword","mn_cdkcn_00_ani__dmg_critical_start_1_M","Assets/KamenAsset/KamenAnimClip/v1/30_Damage/Critical/mn_cdkcn_00_ani__dmg_critical_start_1_M.anim",1,1,1,"mn_cdkcs_00_sk|mn_cdkcs_00_ani__dmg_critical_start_1","Assets/KamenAsset/Animations/weapons/sword v1/mn_cdkcs_00_ani/mn_cdkcs_00_ani_part_02_of_03.fbx","Back","M/NoSword state keeps sword on b_wpn_03"
"Base Layer/40_Event/Event","evt1_backgroundimg_1_M","NoSword","mn_cdkcn_00_ani__evt1_backgroundimg_1_M","Assets/KamenAsset/KamenAnimClip/v1/40_Event/Event/mn_cdkcn_00_ani__evt1_backgroundimg_1_M.anim",1,1,1,"","","Back","M/NoSword state keeps sword on b_wpn_03"
"Base Layer/40_Event/Event","evt2_cdkcn_attack_01_M","NoSword","mn_cdkcn_00_evt2_ani__evt2_cdkcn_attack_01_M","Assets/KamenAsset/KamenAnimClip/v1/40_Event/Event/mn_cdkcn_00_evt2_ani__evt2_cdkcn_attack_01_M.anim",1,1,1,"","","Back","M/NoSword state keeps sword on b_wpn_03"
"Base Layer/40_Event/Event","evt2_cdkcn_hit_01_M","NoSword","mn_cdkcn_00_evt2_ani__evt2_cdkcn_hit_01_M","Assets/KamenAsset/KamenAnimClip/v1/40_Event/Event/mn_cdkcn_00_evt2_ani__evt2_cdkcn_hit_01_M.anim",1,1,1,"","","Back","M/NoSword state keeps sword on b_wpn_03"
"Base Layer/40_Event/Event","evt2_cdkcn_idle_1_01_M","NoSword","mn_cdkcn_00_evt2_ani__evt2_cdkcn_idle_1_01_M","Assets/KamenAsset/KamenAnimClip/v1/40_Event/Event/mn_cdkcn_00_evt2_ani__evt2_cdkcn_idle_1_01_M.anim",1,1,1,"","","Back","M/NoSword state keeps sword on b_wpn_03"
"Base Layer/40_Event/Event","evt2_cdkcn_idle_2_01_M","NoSword","mn_cdkcn_00_evt2_ani__evt2_cdkcn_idle_2_01_M","Assets/KamenAsset/KamenAnimClip/v1/40_Event/Event/mn_cdkcn_00_evt2_ani__evt2_cdkcn_idle_2_01_M.anim",1,1,1,"","","Back","M/NoSword state keeps sword on b_wpn_03"
"Base Layer/40_Event/Event","evt2_cdkcn_idle_3_01_M","NoSword","mn_cdkcn_00_evt2_ani__evt2_cdkcn_idle_3_01_M","Assets/KamenAsset/KamenAnimClip/v1/40_Event/Event/mn_cdkcn_00_evt2_ani__evt2_cdkcn_idle_3_01_M.anim",1,1,1,"","","Back","M/NoSword state keeps sword on b_wpn_03"
"Base Layer/40_Event/Event","evt2_cdkcn_jump_01_M","NoSword","mn_cdkcn_00_evt2_ani__evt2_cdkcn_jump_01_M","Assets/KamenAsset/KamenAnimClip/v1/40_Event/Event/mn_cdkcn_00_evt2_ani__evt2_cdkcn_jump_01_M.anim",1,1,1,"","","Back","M/NoSword state keeps sword on b_wpn_03"
"Base Layer/40_Event/Event","evt2_cdkcn_land_01_M","NoSword","mn_cdkcn_00_evt2_ani__evt2_cdkcn_land_01_M","Assets/KamenAsset/KamenAnimClip/v1/40_Event/Event/mn_cdkcn_00_evt2_ani__evt2_cdkcn_land_01_M.anim",1,1,1,"","","Back","M/NoSword state keeps sword on b_wpn_03"
"Base Layer/40_Event/Event","evt2_cdkcn_lookback_01_M","NoSword","mn_cdkcn_00_evt2_ani__evt2_cdkcn_lookback_01_M","Assets/KamenAsset/KamenAnimClip/v1/40_Event/Event/mn_cdkcn_00_evt2_ani__evt2_cdkcn_lookback_01_M.anim",1,1,1,"","","Back","M/NoSword state keeps sword on b_wpn_03"
"Base Layer/40_Event/Event","evt2_cdkcn_magic_2_01_M","NoSword","mn_cdkcn_00_evt2_ani__evt2_cdkcn_magic_2_01_M","Assets/KamenAsset/KamenAnimClip/v1/40_Event/Event/mn_cdkcn_00_evt2_ani__evt2_cdkcn_magic_2_01_M.anim",1,1,1,"","","Back","M/NoSword state keeps sword on b_wpn_03"
"Base Layer/40_Event/Event","evt2_cdkcn_magic_2_loop_01_M","NoSword","mn_cdkcn_00_evt2_ani__evt2_cdkcn_magic_2_loop_01_M","Assets/KamenAsset/KamenAnimClip/v1/40_Event/Event/mn_cdkcn_00_evt2_ani__evt2_cdkcn_magic_2_loop_01_M.anim",1,1,1,"","","Back","M/NoSword state keeps sword on b_wpn_03"
"Base Layer/40_Event/Event","evt2_cdkcn_magic_2_loop_02_M","NoSword","mn_cdkcn_00_evt2_ani__evt2_cdkcn_magic_2_loop_02_M","Assets/KamenAsset/KamenAnimClip/v1/40_Event/Event/mn_cdkcn_00_evt2_ani__evt2_cdkcn_magic_2_loop_02_M.anim",1,1,1,"","","Back","M/NoSword state keeps sword on b_wpn_03"
"Base Layer/40_Event/Event","evt2_cdkcn_magic_loop_01_M","NoSword","mn_cdkcn_00_evt2_ani__evt2_cdkcn_magic_loop_01_M","Assets/KamenAsset/KamenAnimClip/v1/40_Event/Event/mn_cdkcn_00_evt2_ani__evt2_cdkcn_magic_loop_01_M.anim",1,1,1,"","","Back","M/NoSword state keeps sword on b_wpn_03"
"Base Layer/40_Event/Event","evt2_cdkcn_magic_start_01_M","NoSword","mn_cdkcn_00_evt2_ani__evt2_cdkcn_magic_start_01_M","Assets/KamenAsset/KamenAnimClip/v1/40_Event/Event/mn_cdkcn_00_evt2_ani__evt2_cdkcn_magic_start_01_M.anim",1,1,1,"","","Back","M/NoSword state keeps sword on b_wpn_03"
"Base Layer/40_Event/Event","evt2_cdkcn_portal_01_M","NoSword","mn_cdkcn_00_evt2_ani__evt2_cdkcn_portal_01_M","Assets/KamenAsset/KamenAnimClip/v1/40_Event/Event/mn_cdkcn_00_evt2_ani__evt2_cdkcn_portal_01_M.anim",1,1,1,"","","Back","M/NoSword state keeps sword on b_wpn_03"
"Base Layer/40_Event/Event","evt2_cdkcn_sit_idle_01_M","NoSword","mn_cdkcn_00_evt2_ani__evt2_cdkcn_sit_idle_01_M","Assets/KamenAsset/KamenAnimClip/v1/40_Event/Event/mn_cdkcn_00_evt2_ani__evt2_cdkcn_sit_idle_01_M.anim",1,1,1,"","","Back","M/NoSword state keeps sword on b_wpn_03"
"Base Layer/40_Event/Event","evt2_cdkcn_sit_loop_01_M","NoSword","mn_cdkcn_00_evt2_ani__evt2_cdkcn_sit_loop_01_M","Assets/KamenAsset/KamenAnimClip/v1/40_Event/Event/mn_cdkcn_00_evt2_ani__evt2_cdkcn_sit_loop_01_M.anim",1,1,1,"","","Back","M/NoSword state keeps sword on b_wpn_03"
"Base Layer/40_Event/Event","evt2_cdkcn_sit_magic_01_M","NoSword","mn_cdkcn_00_evt2_ani__evt2_cdkcn_sit_magic_01_M","Assets/KamenAsset/KamenAnimClip/v1/40_Event/Event/mn_cdkcn_00_evt2_ani__evt2_cdkcn_sit_magic_01_M.anim",1,1,1,"","","Back","M/NoSword state keeps sword on b_wpn_03"
"Base Layer/40_Event/Event","evt2_cdkcn_sky_attack_loop_01_M","NoSword","mn_cdkcn_00_evt2_ani__evt2_cdkcn_sky_attack_loop_01_M","Assets/KamenAsset/KamenAnimClip/v1/40_Event/Event/mn_cdkcn_00_evt2_ani__evt2_cdkcn_sky_attack_loop_01_M.anim",1,1,1,"","","Back","M/NoSword state keeps sword on b_wpn_03"
"Base Layer/40_Event/Event","evt2_cdkcn_sky_attack_start_01_M","NoSword","mn_cdkcn_00_evt2_ani__evt2_cdkcn_sky_attack_start_01_M","Assets/KamenAsset/KamenAnimClip/v1/40_Event/Event/mn_cdkcn_00_evt2_ani__evt2_cdkcn_sky_attack_start_01_M.anim",1,1,1,"","","Back","M/NoSword state keeps sword on b_wpn_03"
"Base Layer/40_Event/Event","evt2_hld01_M","NoSword","mn_cdkcn_00_evt2_ani__evt2_hld01_M","Assets/KamenAsset/KamenAnimClip/v1/40_Event/Event/mn_cdkcn_00_evt2_ani__evt2_hld01_M.anim",1,1,1,"","","Back","M/NoSword state keeps sword on b_wpn_03"
"Base Layer/40_Event/Event","evt2_hld02_M","NoSword","mn_cdkcn_00_evt2_ani__evt2_hld02_M","Assets/KamenAsset/KamenAnimClip/v1/40_Event/Event/mn_cdkcn_00_evt2_ani__evt2_hld02_M.anim",1,1,1,"","","Back","M/NoSword state keeps sword on b_wpn_03"
"Base Layer/40_Event/Event","evt2_str01_M","NoSword","mn_cdkcn_00_evt2_ani__evt2_str01_M","Assets/KamenAsset/KamenAnimClip/v1/40_Event/Event/mn_cdkcn_00_evt2_ani__evt2_str01_M.anim",1,1,1,"","","Back","M/NoSword state keeps sword on b_wpn_03"
"Base Layer/40_Event/Event","evt2_str02_M","NoSword","mn_cdkcn_00_evt2_ani__evt2_str02_M","Assets/KamenAsset/KamenAnimClip/v1/40_Event/Event/mn_cdkcn_00_evt2_ani__evt2_str02_M.anim",1,1,1,"","","Back","M/NoSword state keeps sword on b_wpn_03"
"Base Layer/40_Event/Event","evt2_str03_M","NoSword","mn_cdkcn_00_evt2_ani__evt2_str03_M","Assets/KamenAsset/KamenAnimClip/v1/40_Event/Event/mn_cdkcn_00_evt2_ani__evt2_str03_M.anim",1,1,1,"","","Back","M/NoSword state keeps sword on b_wpn_03"
"Base Layer/40_Event/Event","evt2_str04_M","NoSword","mn_cdkcn_00_evt2_ani__evt2_str04_M","Assets/KamenAsset/KamenAnimClip/v1/40_Event/Event/mn_cdkcn_00_evt2_ani__evt2_str04_M.anim",1,1,1,"","","Back","M/NoSword state keeps sword on b_wpn_03"
"Base Layer/40_Event/Event","evt2_strb01_M","NoSword","mn_cdkcn_00_evt2_ani__evt2_strb01_M","Assets/KamenAsset/KamenAnimClip/v1/40_Event/Event/mn_cdkcn_00_evt2_ani__evt2_strb01_M.anim",1,1,1,"","","Back","M/NoSword state keeps sword on b_wpn_03"
"Base Layer/40_Event/Event","evt2_strb02_M","NoSword","mn_cdkcn_00_evt2_ani__evt2_strb02_M","Assets/KamenAsset/KamenAnimClip/v1/40_Event/Event/mn_cdkcn_00_evt2_ani__evt2_strb02_M.anim",1,1,1,"","","Back","M/NoSword state keeps sword on b_wpn_03"
"Base Layer/40_Event/Event","evt2_strb03_M","NoSword","mn_cdkcn_00_evt2_ani__evt2_strb03_M","Assets/KamenAsset/KamenAnimClip/v1/40_Event/Event/mn_cdkcn_00_evt2_ani__evt2_strb03_M.anim",1,1,1,"","","Back","M/NoSword state keeps sword on b_wpn_03"
"Base Layer/90_Other/Misc","turn_l_battle_S","Sword","mn_cdkcn_00_ani__turn_l_battle_S","Assets/KamenAsset/KamenAnimClip/v1/90_Other/Misc/mn_cdkcn_00_ani__turn_l_battle_S.anim",1,1,1,"","","Hand","battle locomotion uses right weapon anchor"
"Base Layer/90_Other/Misc","turn_l_battle_S_2","Sword","mn_cdkcn_02_ani__turn_l_battle_S","Assets/KamenAsset/KamenAnimClip/v1/90_Other/Misc/mn_cdkcn_02_ani__turn_l_battle_S.anim",1,1,1,"","","Hand","battle locomotion uses right weapon anchor"
"Base Layer/90_Other/Misc","turn_l_status1_M","NoSword","mn_cdkcn_00_ani__turn_l_status1_M","Assets/KamenAsset/KamenAnimClip/v1/90_Other/Misc/mn_cdkcn_00_ani__turn_l_status1_M.anim",1,1,1,"","","Back","M/NoSword state keeps sword on b_wpn_03"
"Base Layer/90_Other/Misc","turn_l_status1_M_2","NoSword","mn_cdkcn_02_ani__turn_l_status1_M","Assets/KamenAsset/KamenAnimClip/v1/90_Other/Misc/mn_cdkcn_02_ani__turn_l_status1_M.anim",1,1,1,"","","Back","M/NoSword state keeps sword on b_wpn_03"
"Base Layer/90_Other/Misc","turn_l_status2_M","NoSword","mn_cdkcn_02_ani__turn_l_status2_M","Assets/KamenAsset/KamenAnimClip/v1/90_Other/Misc/mn_cdkcn_02_ani__turn_l_status2_M.anim",1,1,1,"","","Back","M/NoSword state keeps sword on b_wpn_03"
"Base Layer/90_Other/Misc","turn_r_battle_S","Sword","mn_cdkcn_00_ani__turn_r_battle_S","Assets/KamenAsset/KamenAnimClip/v1/90_Other/Misc/mn_cdkcn_00_ani__turn_r_battle_S.anim",1,1,1,"","","Hand","battle locomotion uses right weapon anchor"
"Base Layer/90_Other/Misc","turn_r_battle_S_2","Sword","mn_cdkcn_02_ani__turn_r_battle_S","Assets/KamenAsset/KamenAnimClip/v1/90_Other/Misc/mn_cdkcn_02_ani__turn_r_battle_S.anim",1,1,1,"","","Hand","battle locomotion uses right weapon anchor"
"Base Layer/90_Other/Misc","turn_r_status1_M","NoSword","mn_cdkcn_00_ani__turn_r_status1_M","Assets/KamenAsset/KamenAnimClip/v1/90_Other/Misc/mn_cdkcn_00_ani__turn_r_status1_M.anim",1,1,1,"","","Back","M/NoSword state keeps sword on b_wpn_03"
"Base Layer/90_Other/Misc","turn_r_status1_M_2","NoSword","mn_cdkcn_02_ani__turn_r_status1_M","Assets/KamenAsset/KamenAnimClip/v1/90_Other/Misc/mn_cdkcn_02_ani__turn_r_status1_M.anim",1,1,1,"","","Back","M/NoSword state keeps sword on b_wpn_03"
"Base Layer/90_Other/Misc","turn_r_status2_M","NoSword","mn_cdkcn_02_ani__turn_r_status2_M","Assets/KamenAsset/KamenAnimClip/v1/90_Other/Misc/mn_cdkcn_02_ani__turn_r_status2_M.anim",1,1,1,"","","Back","M/NoSword state keeps sword on b_wpn_03"
