"category","package","file","width","height","aspect","reason","source"
"01_Explicit_Rectangle_Box_Square","FX_TEX_04","fx_f_rectangle_001.png","256","256","1","explicit rectangle/box/square name","D:\Dwonloads\umodel_lostark_v7\extracted\lostark_ground_indicator_source_png\FX_TEX_04\Texture2D\fx_f_rectangle_001.png"
"01_Explicit_Rectangle_Box_Square","FX_TEX_04","fx_g_sy_box_01.png","256","512","0.5","explicit rectangle/box/square name","D:\Dwonloads\umodel_lostark_v7\extracted\lostark_ground_indicator_source_png\FX_TEX_04\Texture2D\fx_g_sy_box_01.png"
"01_Explicit_Rectangle_Box_Square","FX_TEX_05","fx_y_rectan_01.png","128","128","1","explicit rectangle/box/square name","D:\Dwonloads\umodel_lostark_v7\extracted\lostark_ground_indicator_source_png\FX_TEX_05\Texture2D\fx_y_rectan_01.png"
"01_Explicit_Rectangle_Box_Square","FX_TEX_06","fx_g_squarehall_circle_01.png","512","512","1","explicit rectangle/box/square name","D:\Dwonloads\umodel_lostark_v7\extracted\lostark_ground_indicator_source_png\FX_TEX_06\Texture2D\fx_g_squarehall_circle_01.png"
"01_Explicit_Rectangle_Box_Square","FX_TEX_06","fx_g_squarehall_symbol_01.png","256","256","1","explicit rectangle/box/square name","D:\Dwonloads\umodel_lostark_v7\extracted\lostark_ground_indicator_source_png\FX_TEX_06\Texture2D\fx_g_squarehall_symbol_01.png"
"01_Explicit_Rectangle_Box_Square","FX_TEX_06","fx_j_box_01_cl.png","512","512","1","explicit rectangle/box/square name","D:\Dwonloads\umodel_lostark_v7\extracted\lostark_ground_indicator_source_png\FX_TEX_06\Texture2D\fx_j_box_01_cl.png"
"01_Explicit_Rectangle_Box_Square","FX_TEX_06","fx_j_square_01.png","512","512","1","explicit rectangle/box/square name","D:\Dwonloads\umodel_lostark_v7\extracted\lostark_ground_indicator_source_png\FX_TEX_06\Texture2D\fx_j_square_01.png"
"01_Explicit_Rectangle_Box_Square","FX_TEX_HIGH_01","fx_g_square_02_cl.png","512","512","1","explicit rectangle/box/square name","D:\Dwonloads\umodel_lostark_v7\extracted\lostark_ground_indicator_source_png\FX_TEX_HIGH_01\Texture2D\fx_g_square_02_cl.png"
"01_Explicit_Rectangle_Box_Square","FX_TEX_HIGH_02","fx_i_boxcard_001.png","512","512","1","explicit rectangle/box/square name","D:\Dwonloads\umodel_lostark_v7\extracted\lostark_ground_indicator_source_png\FX_TEX_HIGH_02\Texture2D\fx_i_boxcard_001.png"
"01_Explicit_Rectangle_Box_Square","FX_TEX_HIGH_02","fx_i_boxcard_002.png","512","512","1","explicit rectangle/box/square name","D:\Dwonloads\umodel_lostark_v7\extracted\lostark_ground_indicator_source_png\FX_TEX_HIGH_02\Texture2D\fx_i_boxcard_002.png"
"01_Explicit_Rectangle_Box_Square","FX_TEX_HIGH_03","fx_l_seqbox_01.png","512","512","1","explicit rectangle/box/square name","D:\Dwonloads\umodel_lostark_v7\extracted\lostark_ground_indicator_source_png\FX_TEX_HIGH_03\Texture2D\fx_l_seqbox_01.png"
"02_Border_Frame_Edge_Outline","FX_TEX_05","fx_m_drp_outline_01.png","1024","1024","1","border/frame/edge/outline name","D:\Dwonloads\umodel_lostark_v7\extracted\lostark_ground_indicator_source_png\FX_TEX_05\Texture2D\fx_m_drp_outline_01.png"
"02_Border_Frame_Edge_Outline","FX_TEX_06","fx_j_edgemask_01.png","128","128","1","border/frame/edge/outline name","D:\Dwonloads\umodel_lostark_v7\extracted\lostark_ground_indicator_source_png\FX_TEX_06\Texture2D\fx_j_edgemask_01.png"
"02_Border_Frame_Edge_Outline","FX_TEX_06","fx_j_edgemask_02_cl.png","512","512","1","border/frame/edge/outline name","D:\Dwonloads\umodel_lostark_v7\extracted\lostark_ground_indicator_source_png\FX_TEX_06\Texture2D\fx_j_edgemask_02_cl.png"
"02_Border_Frame_Edge_Outline","FX_TEX_06","fx_r_edge_001_cl.png","512","512","1","border/frame/edge/outline name","D:\Dwonloads\umodel_lostark_v7\extracted\lostark_ground_indicator_source_png\FX_TEX_06\Texture2D\fx_r_edge_001_cl.png"
"03_Long_Line_Edges_For_Rectangle","FX_TEX_00","fx_a_line_002.png","16","128","0.125","long aspect line/edge building block","D:\Dwonloads\umodel_lostark_v7\extracted\lostark_ground_indicator_source_png\FX_TEX_00\Texture2D\fx_a_line_002.png"
"03_Long_Line_Edges_For_Rectangle","FX_TEX_00","fx_a_line_007.png","128","64","2","long aspect line/edge building block","D:\Dwonloads\umodel_lostark_v7\extracted\lostark_ground_indicator_source_png\FX_TEX_00\Texture2D\fx_a_line_007.png"
"03_Long_Line_Edges_For_Rectangle","FX_TEX_00","fx_a_line_008.png","256","128","2","long aspect line/edge building block","D:\Dwonloads\umodel_lostark_v7\extracted\lostark_ground_indicator_source_png\FX_TEX_00\Texture2D\fx_a_line_008.png"
"03_Long_Line_Edges_For_Rectangle","FX_TEX_02","fx_d_line_001_1.png","4","128","0.0312","long aspect line/edge building block","D:\Dwonloads\umodel_lostark_v7\extracted\lostark_ground_indicator_source_png\FX_TEX_02\Texture2D\fx_d_line_001_1.png"
"03_Long_Line_Edges_For_Rectangle","FX_TEX_02","fx_d_line_001_1_cl.png","4","128","0.0312","long aspect line/edge building block","D:\Dwonloads\umodel_lostark_v7\extracted\lostark_ground_indicator_source_png\FX_TEX_02\Texture2D\fx_d_line_001_1_cl.png"
"03_Long_Line_Edges_For_Rectangle","FX_TEX_02","fx_d_line_001_xcl.png","128","4","32","long aspect line/edge building block","D:\Dwonloads\umodel_lostark_v7\extracted\lostark_ground_indicator_source_png\FX_TEX_02\Texture2D\fx_d_line_001_xcl.png"
"03_Long_Line_Edges_For_Rectangle","FX_TEX_02","fx_d_line_003_1_ycl.png","4","128","0.0312","long aspect line/edge building block","D:\Dwonloads\umodel_lostark_v7\extracted\lostark_ground_indicator_source_png\FX_TEX_02\Texture2D\fx_d_line_003_1_ycl.png"
"03_Long_Line_Edges_For_Rectangle","FX_TEX_02","fx_d_line_003_ycl.png","4","128","0.0312","long aspect line/edge building block","D:\Dwonloads\umodel_lostark_v7\extracted\lostark_ground_indicator_source_png\FX_TEX_02\Texture2D\fx_d_line_003_ycl.png"
"03_Long_Line_Edges_For_Rectangle","FX_TEX_02","fx_d_line_004_1_ycl.png","4","128","0.0312","long aspect line/edge building block","D:\Dwonloads\umodel_lostark_v7\extracted\lostark_ground_indicator_source_png\FX_TEX_02\Texture2D\fx_d_line_004_1_ycl.png"
"03_Long_Line_Edges_For_Rectangle","FX_TEX_02","fx_d_line_004_ycl.png","4","128","0.0312","long aspect line/edge building block","D:\Dwonloads\umodel_lostark_v7\extracted\lostark_ground_indicator_source_png\FX_TEX_02\Texture2D\fx_d_line_004_ycl.png"
"03_Long_Line_Edges_For_Rectangle","FX_TEX_02","fx_d_line_005.png","4","128","0.0312","long aspect line/edge building block","D:\Dwonloads\umodel_lostark_v7\extracted\lostark_ground_indicator_source_png\FX_TEX_02\Texture2D\fx_d_line_005.png"
"03_Long_Line_Edges_For_Rectangle","FX_TEX_02","fx_d_line_005_ycl.png","4","128","0.0312","long aspect line/edge building block","D:\Dwonloads\umodel_lostark_v7\extracted\lostark_ground_indicator_source_png\FX_TEX_02\Texture2D\fx_d_line_005_ycl.png"
"03_Long_Line_Edges_For_Rectangle","FX_TEX_02","fx_d_line_006.png","16","512","0.0312","long aspect line/edge building block","D:\Dwonloads\umodel_lostark_v7\extracted\lostark_ground_indicator_source_png\FX_TEX_02\Texture2D\fx_d_line_006.png"
"03_Long_Line_Edges_For_Rectangle","FX_TEX_03","fx_e_line_003.png","256","64","4","long aspect line/edge building block","D:\Dwonloads\umodel_lostark_v7\extracted\lostark_ground_indicator_source_png\FX_TEX_03\Texture2D\fx_e_line_003.png"
"03_Long_Line_Edges_For_Rectangle","FX_TEX_03","fx_e_line_004.png","512","64","8","long aspect line/edge building block","D:\Dwonloads\umodel_lostark_v7\extracted\lostark_ground_indicator_source_png\FX_TEX_03\Texture2D\fx_e_line_004.png"
"03_Long_Line_Edges_For_Rectangle","FX_TEX_03","fx_e_line_004_cl.png","512","64","8","long aspect line/edge building block","D:\Dwonloads\umodel_lostark_v7\extracted\lostark_ground_indicator_source_png\FX_TEX_03\Texture2D\fx_e_line_004_cl.png"
"03_Long_Line_Edges_For_Rectangle","FX_TEX_03","fx_e_line_009.png","512","32","16","long aspect line/edge building block","D:\Dwonloads\umodel_lostark_v7\extracted\lostark_ground_indicator_source_png\FX_TEX_03\Texture2D\fx_e_line_009.png"
"03_Long_Line_Edges_For_Rectangle","FX_TEX_03","fx_e_line_010.png","256","64","4","long aspect line/edge building block","D:\Dwonloads\umodel_lostark_v7\extracted\lostark_ground_indicator_source_png\FX_TEX_03\Texture2D\fx_e_line_010.png"
"03_Long_Line_Edges_For_Rectangle","FX_TEX_03","fx_e_line_011_1_ycl.png","256","128","2","long aspect line/edge building block","D:\Dwonloads\umodel_lostark_v7\extracted\lostark_ground_indicator_source_png\FX_TEX_03\Texture2D\fx_e_line_011_1_ycl.png"
"03_Long_Line_Edges_For_Rectangle","FX_TEX_03","fx_e_line_011_2_xcl.png","128","256","0.5","long aspect line/edge building block","D:\Dwonloads\umodel_lostark_v7\extracted\lostark_ground_indicator_source_png\FX_TEX_03\Texture2D\fx_e_line_011_2_xcl.png"
"03_Long_Line_Edges_For_Rectangle","FX_TEX_03","fx_e_line_011_2_ycl.png","128","256","0.5","long aspect line/edge building block","D:\Dwonloads\umodel_lostark_v7\extracted\lostark_ground_indicator_source_png\FX_TEX_03\Texture2D\fx_e_line_011_2_ycl.png"
"03_Long_Line_Edges_For_Rectangle","FX_TEX_04","fx_f_line_002.png","4","256","0.0156","long aspect line/edge building block","D:\Dwonloads\umodel_lostark_v7\extracted\lostark_ground_indicator_source_png\FX_TEX_04\Texture2D\fx_f_line_002.png"
"03_Long_Line_Edges_For_Rectangle","FX_TEX_04","fx_g_sy_line_01.png","512","256","2","long aspect line/edge building block","D:\Dwonloads\umodel_lostark_v7\extracted\lostark_ground_indicator_source_png\FX_TEX_04\Texture2D\fx_g_sy_line_01.png"
"03_Long_Line_Edges_For_Rectangle","FX_TEX_04","fx_h_eleline_01.png","512","1024","0.5","long aspect line/edge building block","D:\Dwonloads\umodel_lostark_v7\extracted\lostark_ground_indicator_source_png\FX_TEX_04\Texture2D\fx_h_eleline_01.png"
"03_Long_Line_Edges_For_Rectangle","FX_TEX_04","fx_j_ylinestream_01.png","256","512","0.5","long aspect line/edge building block","D:\Dwonloads\umodel_lostark_v7\extracted\lostark_ground_indicator_source_png\FX_TEX_04\Texture2D\fx_j_ylinestream_01.png"
"03_Long_Line_Edges_For_Rectangle","FX_TEX_04","fx_j_ylinestream_01_ycl.png","256","512","0.5","long aspect line/edge building block","D:\Dwonloads\umodel_lostark_v7\extracted\lostark_ground_indicator_source_png\FX_TEX_04\Texture2D\fx_j_ylinestream_01_ycl.png"
"03_Long_Line_Edges_For_Rectangle","FX_TEX_05","fx_k_auraline_01.png","512","128","4","long aspect line/edge building block","D:\Dwonloads\umodel_lostark_v7\extracted\lostark_ground_indicator_source_png\FX_TEX_05\Texture2D\fx_k_auraline_01.png"
"03_Long_Line_Edges_For_Rectangle","FX_TEX_05","fx_k_auraline_01_ycl.png","512","128","4","long aspect line/edge building block","D:\Dwonloads\umodel_lostark_v7\extracted\lostark_ground_indicator_source_png\FX_TEX_05\Texture2D\fx_k_auraline_01_ycl.png"
"03_Long_Line_Edges_For_Rectangle","FX_TEX_05","fx_k_auraline_02.png","512","256","2","long aspect line/edge building block","D:\Dwonloads\umodel_lostark_v7\extracted\lostark_ground_indicator_source_png\FX_TEX_05\Texture2D\fx_k_auraline_02.png"
"03_Long_Line_Edges_For_Rectangle","FX_TEX_05","fx_k_auraline_02_ycl.png","512","256","2","long aspect line/edge building block","D:\Dwonloads\umodel_lostark_v7\extracted\lostark_ground_indicator_source_png\FX_TEX_05\Texture2D\fx_k_auraline_02_ycl.png"
"03_Long_Line_Edges_For_Rectangle","FX_TEX_05","fx_k_auraline_03.png","512","256","2","long aspect line/edge building block","D:\Dwonloads\umodel_lostark_v7\extracted\lostark_ground_indicator_source_png\FX_TEX_05\Texture2D\fx_k_auraline_03.png"
"03_Long_Line_Edges_For_Rectangle","FX_TEX_05","fx_k_auraline_04.png","512","256","2","long aspect line/edge building block","D:\Dwonloads\umodel_lostark_v7\extracted\lostark_ground_indicator_source_png\FX_TEX_05\Texture2D\fx_k_auraline_04.png"
"03_Long_Line_Edges_For_Rectangle","FX_TEX_05","fx_k_auraline_04_ycl.png","512","256","2","long aspect line/edge building block","D:\Dwonloads\umodel_lostark_v7\extracted\lostark_ground_indicator_source_png\FX_TEX_05\Texture2D\fx_k_auraline_04_ycl.png"
"03_Long_Line_Edges_For_Rectangle","FX_TEX_05","fx_k_auraline_05.png","512","256","2","long aspect line/edge building block","D:\Dwonloads\umodel_lostark_v7\extracted\lostark_ground_indicator_source_png\FX_TEX_05\Texture2D\fx_k_auraline_05.png"
"03_Long_Line_Edges_For_Rectangle","FX_TEX_05","fx_k_auraline_05_ycl.png","512","256","2","long aspect line/edge building block","D:\Dwonloads\umodel_lostark_v7\extracted\lostark_ground_indicator_source_png\FX_TEX_05\Texture2D\fx_k_auraline_05_ycl.png"
"03_Long_Line_Edges_For_Rectangle","FX_TEX_05","fx_k_auraline_06.png","512","256","2","long aspect line/edge building block","D:\Dwonloads\umodel_lostark_v7\extracted\lostark_ground_indicator_source_png\FX_TEX_05\Texture2D\fx_k_auraline_06.png"
"03_Long_Line_Edges_For_Rectangle","FX_TEX_05","fx_k_auraline_07.png","256","512","0.5","long aspect line/edge building block","D:\Dwonloads\umodel_lostark_v7\extracted\lostark_ground_indicator_source_png\FX_TEX_05\Texture2D\fx_k_auraline_07.png"
"03_Long_Line_Edges_For_Rectangle","FX_TEX_05","fx_k_auraline_08.png","512","256","2","long aspect line/edge building block","D:\Dwonloads\umodel_lostark_v7\extracted\lostark_ground_indicator_source_png\FX_TEX_05\Texture2D\fx_k_auraline_08.png"
"03_Long_Line_Edges_For_Rectangle","FX_TEX_05","fx_k_auraline_08_1_xcl.png","256","512","0.5","long aspect line/edge building block","D:\Dwonloads\umodel_lostark_v7\extracted\lostark_ground_indicator_source_png\FX_TEX_05\Texture2D\fx_k_auraline_08_1_xcl.png"
"03_Long_Line_Edges_For_Rectangle","FX_TEX_05","fx_k_auraline_08_ycl.png","512","256","2","long aspect line/edge building block","D:\Dwonloads\umodel_lostark_v7\extracted\lostark_ground_indicator_source_png\FX_TEX_05\Texture2D\fx_k_auraline_08_ycl.png"
"03_Long_Line_Edges_For_Rectangle","FX_TEX_05","fx_k_auraline_09.png","256","512","0.5","long aspect line/edge building block","D:\Dwonloads\umodel_lostark_v7\extracted\lostark_ground_indicator_source_png\FX_TEX_05\Texture2D\fx_k_auraline_09.png"
"03_Long_Line_Edges_For_Rectangle","FX_TEX_05","fx_k_auraline_11.png","512","256","2","long aspect line/edge building block","D:\Dwonloads\umodel_lostark_v7\extracted\lostark_ground_indicator_source_png\FX_TEX_05\Texture2D\fx_k_auraline_11.png"
"03_Long_Line_Edges_For_Rectangle","FX_TEX_05","fx_k_auraline_11_ycl.png","512","256","2","long aspect line/edge building block","D:\Dwonloads\umodel_lostark_v7\extracted\lostark_ground_indicator_source_png\FX_TEX_05\Texture2D\fx_k_auraline_11_ycl.png"
"03_Long_Line_Edges_For_Rectangle","FX_TEX_05","fx_k_auraline_12.png","512","256","2","long aspect line/edge building block","D:\Dwonloads\umodel_lostark_v7\extracted\lostark_ground_indicator_source_png\FX_TEX_05\Texture2D\fx_k_auraline_12.png"
"03_Long_Line_Edges_For_Rectangle","FX_TEX_05","fx_k_auraline_12_ycl.png","512","256","2","long aspect line/edge building block","D:\Dwonloads\umodel_lostark_v7\extracted\lostark_ground_indicator_source_png\FX_TEX_05\Texture2D\fx_k_auraline_12_ycl.png"
"03_Long_Line_Edges_For_Rectangle","FX_TEX_05","fx_k_auraline_13.png","512","256","2","long aspect line/edge building block","D:\Dwonloads\umodel_lostark_v7\extracted\lostark_ground_indicator_source_png\FX_TEX_05\Texture2D\fx_k_auraline_13.png"
"03_Long_Line_Edges_For_Rectangle","FX_TEX_05","fx_k_auraline_13_ycl.png","512","256","2","long aspect line/edge building block","D:\Dwonloads\umodel_lostark_v7\extracted\lostark_ground_indicator_source_png\FX_TEX_05\Texture2D\fx_k_auraline_13_ycl.png"
"03_Long_Line_Edges_For_Rectangle","FX_TEX_05","fx_k_auraline_14.png","512","256","2","long aspect line/edge building block","D:\Dwonloads\umodel_lostark_v7\extracted\lostark_ground_indicator_source_png\FX_TEX_05\Texture2D\fx_k_auraline_14.png"
"03_Long_Line_Edges_For_Rectangle","FX_TEX_05","fx_k_auraline_14_ycl.png","512","256","2","long aspect line/edge building block","D:\Dwonloads\umodel_lostark_v7\extracted\lostark_ground_indicator_source_png\FX_TEX_05\Texture2D\fx_k_auraline_14_ycl.png"
"03_Long_Line_Edges_For_Rectangle","FX_TEX_05","fx_k_auraline_15.png","256","512","0.5","long aspect line/edge building block","D:\Dwonloads\umodel_lostark_v7\extracted\lostark_ground_indicator_source_png\FX_TEX_05\Texture2D\fx_k_auraline_15.png"
"03_Long_Line_Edges_For_Rectangle","FX_TEX_05","fx_k_auraline_16.png","256","512","0.5","long aspect line/edge building block","D:\Dwonloads\umodel_lostark_v7\extracted\lostark_ground_indicator_source_png\FX_TEX_05\Texture2D\fx_k_auraline_16.png"
"03_Long_Line_Edges_For_Rectangle","FX_TEX_05","fx_k_auraline_20.png","256","512","0.5","long aspect line/edge building block","D:\Dwonloads\umodel_lostark_v7\extracted\lostark_ground_indicator_source_png\FX_TEX_05\Texture2D\fx_k_auraline_20.png"
"03_Long_Line_Edges_For_Rectangle","FX_TEX_05","fx_k_auraline_20_1_cl.png","512","256","2","long aspect line/edge building block","D:\Dwonloads\umodel_lostark_v7\extracted\lostark_ground_indicator_source_png\FX_TEX_05\Texture2D\fx_k_auraline_20_1_cl.png"
"03_Long_Line_Edges_For_Rectangle","FX_TEX_05","fx_k_auraline_20_cl.png","256","512","0.5","long aspect line/edge building block","D:\Dwonloads\umodel_lostark_v7\extracted\lostark_ground_indicator_source_png\FX_TEX_05\Texture2D\fx_k_auraline_20_cl.png"
"03_Long_Line_Edges_For_Rectangle","FX_TEX_05","fx_k_auraline_23.png","256","512","0.5","long aspect line/edge building block","D:\Dwonloads\umodel_lostark_v7\extracted\lostark_ground_indicator_source_png\FX_TEX_05\Texture2D\fx_k_auraline_23.png"
"03_Long_Line_Edges_For_Rectangle","FX_TEX_05","fx_k_electric_line_01.png","512","64","8","long aspect line/edge building block","D:\Dwonloads\umodel_lostark_v7\extracted\lostark_ground_indicator_source_png\FX_TEX_05\Texture2D\fx_k_electric_line_01.png"
"03_Long_Line_Edges_For_Rectangle","FX_TEX_05","fx_m_line_002.png","64","128","0.5","long aspect line/edge building block","D:\Dwonloads\umodel_lostark_v7\extracted\lostark_ground_indicator_source_png\FX_TEX_05\Texture2D\fx_m_line_002.png"
"03_Long_Line_Edges_For_Rectangle","FX_TEX_05","fx_tex_m_line_001.png","8","128","0.0625","long aspect line/edge building block","D:\Dwonloads\umodel_lostark_v7\extracted\lostark_ground_indicator_source_png\FX_TEX_05\Texture2D\fx_tex_m_line_001.png"
"03_Long_Line_Edges_For_Rectangle","FX_TEX_06","fx_j_auraline_01_cl.png","512","256","2","long aspect line/edge building block","D:\Dwonloads\umodel_lostark_v7\extracted\lostark_ground_indicator_source_png\FX_TEX_06\Texture2D\fx_j_auraline_01_cl.png"
"03_Long_Line_Edges_For_Rectangle","FX_TEX_06","fx_j_auraline_02_ycl.png","512","256","2","long aspect line/edge building block","D:\Dwonloads\umodel_lostark_v7\extracted\lostark_ground_indicator_source_png\FX_TEX_06\Texture2D\fx_j_auraline_02_ycl.png"
"03_Long_Line_Edges_For_Rectangle","FX_TEX_06","fx_j_auraline_03.png","512","256","2","long aspect line/edge building block","D:\Dwonloads\umodel_lostark_v7\extracted\lostark_ground_indicator_source_png\FX_TEX_06\Texture2D\fx_j_auraline_03.png"
"03_Long_Line_Edges_For_Rectangle","FX_TEX_06","fx_j_auraline_04_ycl.png","512","256","2","long aspect line/edge building block","D:\Dwonloads\umodel_lostark_v7\extracted\lostark_ground_indicator_source_png\FX_TEX_06\Texture2D\fx_j_auraline_04_ycl.png"
"03_Long_Line_Edges_For_Rectangle","FX_TEX_06","fx_j_auraline_05_ycl.png","512","256","2","long aspect line/edge building block","D:\Dwonloads\umodel_lostark_v7\extracted\lostark_ground_indicator_source_png\FX_TEX_06\Texture2D\fx_j_auraline_05_ycl.png"
"03_Long_Line_Edges_For_Rectangle","FX_TEX_06","fx_j_auraline_09_ycl.png","512","256","2","long aspect line/edge building block","D:\Dwonloads\umodel_lostark_v7\extracted\lostark_ground_indicator_source_png\FX_TEX_06\Texture2D\fx_j_auraline_09_ycl.png"
"03_Long_Line_Edges_For_Rectangle","FX_TEX_06","fx_j_auraline_10_ycl.png","512","256","2","long aspect line/edge building block","D:\Dwonloads\umodel_lostark_v7\extracted\lostark_ground_indicator_source_png\FX_TEX_06\Texture2D\fx_j_auraline_10_ycl.png"
"03_Long_Line_Edges_For_Rectangle","FX_TEX_06","fx_j_auraline_11_ycl.png","512","256","2","long aspect line/edge building block","D:\Dwonloads\umodel_lostark_v7\extracted\lostark_ground_indicator_source_png\FX_TEX_06\Texture2D\fx_j_auraline_11_ycl.png"
"03_Long_Line_Edges_For_Rectangle","FX_TEX_06","fx_j_auraline_12_ycl.png","512","256","2","long aspect line/edge building block","D:\Dwonloads\umodel_lostark_v7\extracted\lostark_ground_indicator_source_png\FX_TEX_06\Texture2D\fx_j_auraline_12_ycl.png"
"03_Long_Line_Edges_For_Rectangle","FX_TEX_06","fx_j_auraline_13_ycl.png","256","128","2","long aspect line/edge building block","D:\Dwonloads\umodel_lostark_v7\extracted\lostark_ground_indicator_source_png\FX_TEX_06\Texture2D\fx_j_auraline_13_ycl.png"
"03_Long_Line_Edges_For_Rectangle","FX_TEX_06","fx_j_auraline_14_ycl.png","512","256","2","long aspect line/edge building block","D:\Dwonloads\umodel_lostark_v7\extracted\lostark_ground_indicator_source_png\FX_TEX_06\Texture2D\fx_j_auraline_14_ycl.png"
"03_Long_Line_Edges_For_Rectangle","FX_TEX_06","fx_j_auraline_15_ycl.png","512","256","2","long aspect line/edge building block","D:\Dwonloads\umodel_lostark_v7\extracted\lostark_ground_indicator_source_png\FX_TEX_06\Texture2D\fx_j_auraline_15_ycl.png"
"03_Long_Line_Edges_For_Rectangle","FX_TEX_06","fx_j_auraline_16_ycl.png","512","256","2","long aspect line/edge building block","D:\Dwonloads\umodel_lostark_v7\extracted\lostark_ground_indicator_source_png\FX_TEX_06\Texture2D\fx_j_auraline_16_ycl.png"
"03_Long_Line_Edges_For_Rectangle","FX_TEX_06","fx_j_auraline_17_ycl.png","512","256","2","long aspect line/edge building block","D:\Dwonloads\umodel_lostark_v7\extracted\lostark_ground_indicator_source_png\FX_TEX_06\Texture2D\fx_j_auraline_17_ycl.png"
"03_Long_Line_Edges_For_Rectangle","FX_TEX_06","fx_j_auraline_18_ycl.png","256","128","2","long aspect line/edge building block","D:\Dwonloads\umodel_lostark_v7\extracted\lostark_ground_indicator_source_png\FX_TEX_06\Texture2D\fx_j_auraline_18_ycl.png"
"03_Long_Line_Edges_For_Rectangle","FX_TEX_06","fx_j_auraline_19_ycl.png","512","256","2","long aspect line/edge building block","D:\Dwonloads\umodel_lostark_v7\extracted\lostark_ground_indicator_source_png\FX_TEX_06\Texture2D\fx_j_auraline_19_ycl.png"
"03_Long_Line_Edges_For_Rectangle","FX_TEX_06","fx_j_auraline_20_ycl.png","512","256","2","long aspect line/edge building block","D:\Dwonloads\umodel_lostark_v7\extracted\lostark_ground_indicator_source_png\FX_TEX_06\Texture2D\fx_j_auraline_20_ycl.png"
"03_Long_Line_Edges_For_Rectangle","FX_TEX_06","fx_j_auraline_22_ycl.png","512","256","2","long aspect line/edge building block","D:\Dwonloads\umodel_lostark_v7\extracted\lostark_ground_indicator_source_png\FX_TEX_06\Texture2D\fx_j_auraline_22_ycl.png"
"03_Long_Line_Edges_For_Rectangle","FX_TEX_06","fx_j_auraline_23_ycl.png","512","256","2","long aspect line/edge building block","D:\Dwonloads\umodel_lostark_v7\extracted\lostark_ground_indicator_source_png\FX_TEX_06\Texture2D\fx_j_auraline_23_ycl.png"
"03_Long_Line_Edges_For_Rectangle","FX_TEX_06","fx_j_line_01_xcl.png","512","64","8","long aspect line/edge building block","D:\Dwonloads\umodel_lostark_v7\extracted\lostark_ground_indicator_source_png\FX_TEX_06\Texture2D\fx_j_line_01_xcl.png"
"03_Long_Line_Edges_For_Rectangle","FX_TEX_06","fx_j_line_02_ycl.png","8","256","0.0312","long aspect line/edge building block","D:\Dwonloads\umodel_lostark_v7\extracted\lostark_ground_indicator_source_png\FX_TEX_06\Texture2D\fx_j_line_02_ycl.png"
"03_Long_Line_Edges_For_Rectangle","FX_TEX_06","fx_j_line_03_cl.png","512","256","2","long aspect line/edge building block","D:\Dwonloads\umodel_lostark_v7\extracted\lostark_ground_indicator_source_png\FX_TEX_06\Texture2D\fx_j_line_03_cl.png"
"03_Long_Line_Edges_For_Rectangle","FX_TEX_06","fx_j_line_08_cl.png","512","256","2","long aspect line/edge building block","D:\Dwonloads\umodel_lostark_v7\extracted\lostark_ground_indicator_source_png\FX_TEX_06\Texture2D\fx_j_line_08_cl.png"
"03_Long_Line_Edges_For_Rectangle","FX_TEX_06","fx_j_smokeline_01_ycl.png","512","256","2","long aspect line/edge building block","D:\Dwonloads\umodel_lostark_v7\extracted\lostark_ground_indicator_source_png\FX_TEX_06\Texture2D\fx_j_smokeline_01_ycl.png"
"03_Long_Line_Edges_For_Rectangle","FX_TEX_06","fx_j_smokeline_02_ycl.png","512","256","2","long aspect line/edge building block","D:\Dwonloads\umodel_lostark_v7\extracted\lostark_ground_indicator_source_png\FX_TEX_06\Texture2D\fx_j_smokeline_02_ycl.png"
"03_Long_Line_Edges_For_Rectangle","FX_TEX_06","fx_j_timeline_01_ycl.png","512","128","4","long aspect line/edge building block","D:\Dwonloads\umodel_lostark_v7\extracted\lostark_ground_indicator_source_png\FX_TEX_06\Texture2D\fx_j_timeline_01_ycl.png"
"03_Long_Line_Edges_For_Rectangle","FX_TEX_06","fx_k_auraline_01_ycl.png","1024","512","2","long aspect line/edge building block","D:\Dwonloads\umodel_lostark_v7\extracted\lostark_ground_indicator_source_png\FX_TEX_06\Texture2D\fx_k_auraline_01_ycl.png"
"03_Long_Line_Edges_For_Rectangle","FX_TEX_06","fx_k_auraline_02_cl.png","1024","512","2","long aspect line/edge building block","D:\Dwonloads\umodel_lostark_v7\extracted\lostark_ground_indicator_source_png\FX_TEX_06\Texture2D\fx_k_auraline_02_cl.png"
"03_Long_Line_Edges_For_Rectangle","FX_TEX_06","fx_k_auraline_03_ycl.png","1024","512","2","long aspect line/edge building block","D:\Dwonloads\umodel_lostark_v7\extracted\lostark_ground_indicator_source_png\FX_TEX_06\Texture2D\fx_k_auraline_03_ycl.png"
"03_Long_Line_Edges_For_Rectangle","FX_TEX_06","fx_k_auraline_04_ycl.png","1024","512","2","long aspect line/edge building block","D:\Dwonloads\umodel_lostark_v7\extracted\lostark_ground_indicator_source_png\FX_TEX_06\Texture2D\fx_k_auraline_04_ycl.png"
"03_Long_Line_Edges_For_Rectangle","FX_TEX_06","fx_k_auraline_05_ycl.png","1024","512","2","long aspect line/edge building block","D:\Dwonloads\umodel_lostark_v7\extracted\lostark_ground_indicator_source_png\FX_TEX_06\Texture2D\fx_k_auraline_05_ycl.png"
"03_Long_Line_Edges_For_Rectangle","FX_TEX_06","fx_k_auraline_06_cl.png","1024","512","2","long aspect line/edge building block","D:\Dwonloads\umodel_lostark_v7\extracted\lostark_ground_indicator_source_png\FX_TEX_06\Texture2D\fx_k_auraline_06_cl.png"
"03_Long_Line_Edges_For_Rectangle","FX_TEX_06","fx_m_auraline_08_1_warp.png","256","512","0.5","long aspect line/edge building block","D:\Dwonloads\umodel_lostark_v7\extracted\lostark_ground_indicator_source_png\FX_TEX_06\Texture2D\fx_m_auraline_08_1_warp.png"
"03_Long_Line_Edges_For_Rectangle","FX_TEX_06","fx_m_auraline_tilerefine_05_ycl.png","512","256","2","long aspect line/edge building block","D:\Dwonloads\umodel_lostark_v7\extracted\lostark_ground_indicator_source_png\FX_TEX_06\Texture2D\fx_m_auraline_tilerefine_05_ycl.png"
"03_Long_Line_Edges_For_Rectangle","FX_TEX_06","fx_r_auraline_01.png","512","256","2","long aspect line/edge building block","D:\Dwonloads\umodel_lostark_v7\extracted\lostark_ground_indicator_source_png\FX_TEX_06\Texture2D\fx_r_auraline_01.png"
"03_Long_Line_Edges_For_Rectangle","FX_TEX_06","fx_s_auraline_01_ycl.png","512","256","2","long aspect line/edge building block","D:\Dwonloads\umodel_lostark_v7\extracted\lostark_ground_indicator_source_png\FX_TEX_06\Texture2D\fx_s_auraline_01_ycl.png"
"03_Long_Line_Edges_For_Rectangle","FX_TEX_06","fx_s_auraline_02_ycl.png","512","256","2","long aspect line/edge building block","D:\Dwonloads\umodel_lostark_v7\extracted\lostark_ground_indicator_source_png\FX_TEX_06\Texture2D\fx_s_auraline_02_ycl.png"
"03_Long_Line_Edges_For_Rectangle","FX_TEX_06","fx_w_noteline_01.png","1024","512","2","long aspect line/edge building block","D:\Dwonloads\umodel_lostark_v7\extracted\lostark_ground_indicator_source_png\FX_TEX_06\Texture2D\fx_w_noteline_01.png"
"03_Long_Line_Edges_For_Rectangle","FX_TEX_06","fx_w_noteline_01_ycl.png","1024","512","2","long aspect line/edge building block","D:\Dwonloads\umodel_lostark_v7\extracted\lostark_ground_indicator_source_png\FX_TEX_06\Texture2D\fx_w_noteline_01_ycl.png"
"03_Long_Line_Edges_For_Rectangle","FX_TEX_06","fx_w_noteline_02.png","1024","512","2","long aspect line/edge building block","D:\Dwonloads\umodel_lostark_v7\extracted\lostark_ground_indicator_source_png\FX_TEX_06\Texture2D\fx_w_noteline_02.png"
"03_Long_Line_Edges_For_Rectangle","FX_TEX_HIGH_01","fx_k_fsm_line_01.png","256","512","0.5","long aspect line/edge building block","D:\Dwonloads\umodel_lostark_v7\extracted\lostark_ground_indicator_source_png\FX_TEX_HIGH_01\Texture2D\fx_k_fsm_line_01.png"
"03_Long_Line_Edges_For_Rectangle","FX_TEX_HIGH_01","fx_k_ghe_line_01.png","256","512","0.5","long aspect line/edge building block","D:\Dwonloads\umodel_lostark_v7\extracted\lostark_ground_indicator_source_png\FX_TEX_HIGH_01\Texture2D\fx_k_ghe_line_01.png"
"03_Long_Line_Edges_For_Rectangle","FX_TEX_HIGH_03","fx_j_dragonline_01_ycl.png","512","1024","0.5","long aspect line/edge building block","D:\Dwonloads\umodel_lostark_v7\extracted\lostark_ground_indicator_source_png\FX_TEX_HIGH_03\Texture2D\fx_j_dragonline_01_ycl.png"
"03_Long_Line_Edges_For_Rectangle","FX_TEX_HIGH_03","fx_j_smokeline_high_01_ycl.png","1024","128","8","long aspect line/edge building block","D:\Dwonloads\umodel_lostark_v7\extracted\lostark_ground_indicator_source_png\FX_TEX_HIGH_03\Texture2D\fx_j_smokeline_high_01_ycl.png"
"03_Long_Line_Edges_For_Rectangle","FX_TEX_NOMIPMAP_00","fx_k_auraline_02_nomip.png","512","256","2","long aspect line/edge building block","D:\Dwonloads\umodel_lostark_v7\extracted\lostark_ground_indicator_source_png\FX_TEX_NOMIPMAP_00\Texture2D\fx_k_auraline_02_nomip.png"
"03_Long_Line_Edges_For_Rectangle","FX_TEX_NOMIPMAP_00","fx_k_auraline_12_ycl_nomipmap.png","512","256","2","long aspect line/edge building block","D:\Dwonloads\umodel_lostark_v7\extracted\lostark_ground_indicator_source_png\FX_TEX_NOMIPMAP_00\Texture2D\fx_k_auraline_12_ycl_nomipmap.png"
"03_Long_Line_Edges_For_Rectangle","FX_TEX_NOMIPMAP_00","fx_k_gst_digitalline_01.png","256","512","0.5","long aspect line/edge building block","D:\Dwonloads\umodel_lostark_v7\extracted\lostark_ground_indicator_source_png\FX_TEX_NOMIPMAP_00\Texture2D\fx_k_gst_digitalline_01.png"
"04_All_Line_BuildingBlocks_Broad","FX_TEX_00","fx_a_line_001.png","128","128","1","line/edge building block broad","D:\Dwonloads\umodel_lostark_v7\extracted\lostark_ground_indicator_source_png\FX_TEX_00\Texture2D\fx_a_line_001.png"
"04_All_Line_BuildingBlocks_Broad","FX_TEX_00","fx_a_line_003.png","128","128","1","line/edge building block broad","D:\Dwonloads\umodel_lostark_v7\extracted\lostark_ground_indicator_source_png\FX_TEX_00\Texture2D\fx_a_line_003.png"
"04_All_Line_BuildingBlocks_Broad","FX_TEX_00","fx_a_line_004.png","128","128","1","line/edge building block broad","D:\Dwonloads\umodel_lostark_v7\extracted\lostark_ground_indicator_source_png\FX_TEX_00\Texture2D\fx_a_line_004.png"
"04_All_Line_BuildingBlocks_Broad","FX_TEX_00","fx_a_line_004_ycl.png","128","128","1","line/edge building block broad","D:\Dwonloads\umodel_lostark_v7\extracted\lostark_ground_indicator_source_png\FX_TEX_00\Texture2D\fx_a_line_004_ycl.png"
"04_All_Line_BuildingBlocks_Broad","FX_TEX_00","fx_a_line_005.png","128","128","1","line/edge building block broad","D:\Dwonloads\umodel_lostark_v7\extracted\lostark_ground_indicator_source_png\FX_TEX_00\Texture2D\fx_a_line_005.png"
"04_All_Line_BuildingBlocks_Broad","FX_TEX_00","fx_a_line_006.png","128","128","1","line/edge building block broad","D:\Dwonloads\umodel_lostark_v7\extracted\lostark_ground_indicator_source_png\FX_TEX_00\Texture2D\fx_a_line_006.png"
"04_All_Line_BuildingBlocks_Broad","FX_TEX_00","fx_a_line_006_1_xcl.png","128","128","1","line/edge building block broad","D:\Dwonloads\umodel_lostark_v7\extracted\lostark_ground_indicator_source_png\FX_TEX_00\Texture2D\fx_a_line_006_1_xcl.png"
"04_All_Line_BuildingBlocks_Broad","FX_TEX_00","fx_a_line_006_ycl.png","128","128","1","line/edge building block broad","D:\Dwonloads\umodel_lostark_v7\extracted\lostark_ground_indicator_source_png\FX_TEX_00\Texture2D\fx_a_line_006_ycl.png"
"04_All_Line_BuildingBlocks_Broad","FX_TEX_00","fx_a_line_009.png","128","128","1","line/edge building block broad","D:\Dwonloads\umodel_lostark_v7\extracted\lostark_ground_indicator_source_png\FX_TEX_00\Texture2D\fx_a_line_009.png"
"04_All_Line_BuildingBlocks_Broad","FX_TEX_00","fx_a_line_010.png","128","128","1","line/edge building block broad","D:\Dwonloads\umodel_lostark_v7\extracted\lostark_ground_indicator_source_png\FX_TEX_00\Texture2D\fx_a_line_010.png"
"04_All_Line_BuildingBlocks_Broad","FX_TEX_00","fx_a_line_010_ycl.png","128","128","1","line/edge building block broad","D:\Dwonloads\umodel_lostark_v7\extracted\lostark_ground_indicator_source_png\FX_TEX_00\Texture2D\fx_a_line_010_ycl.png"
"04_All_Line_BuildingBlocks_Broad","FX_TEX_00","fx_a_line_011.png","128","128","1","line/edge building block broad","D:\Dwonloads\umodel_lostark_v7\extracted\lostark_ground_indicator_source_png\FX_TEX_00\Texture2D\fx_a_line_011.png"
"04_All_Line_BuildingBlocks_Broad","FX_TEX_00","fx_a_line_011_cl.png","128","128","1","line/edge building block broad","D:\Dwonloads\umodel_lostark_v7\extracted\lostark_ground_indicator_source_png\FX_TEX_00\Texture2D\fx_a_line_011_cl.png"
"04_All_Line_BuildingBlocks_Broad","FX_TEX_00","fx_bg_lightbeam_falloff_01_grayscale.png","128","128","1","line/edge building block broad","D:\Dwonloads\umodel_lostark_v7\extracted\lostark_ground_indicator_source_png\FX_TEX_00\Texture2D\fx_bg_lightbeam_falloff_01_grayscale.png"
"04_All_Line_BuildingBlocks_Broad","FX_TEX_00","fx_bg_lightbeam_falloff_01_skyfloating_ycl.png","128","128","1","line/edge building block broad","D:\Dwonloads\umodel_lostark_v7\extracted\lostark_ground_indicator_source_png\FX_TEX_00\Texture2D\fx_bg_lightbeam_falloff_01_skyfloating_ycl.png"
"04_All_Line_BuildingBlocks_Broad","FX_TEX_00","fx_bg_lightbeam_falloff_01_ycl.png","128","128","1","line/edge building block broad","D:\Dwonloads\umodel_lostark_v7\extracted\lostark_ground_indicator_source_png\FX_TEX_00\Texture2D\fx_bg_lightbeam_falloff_01_ycl.png"
"04_All_Line_BuildingBlocks_Broad","FX_TEX_00","fx_bg_lightbeam_falloff_02_cl.png","64","64","1","line/edge building block broad","D:\Dwonloads\umodel_lostark_v7\extracted\lostark_ground_indicator_source_png\FX_TEX_00\Texture2D\fx_bg_lightbeam_falloff_02_cl.png"
"04_All_Line_BuildingBlocks_Broad","FX_TEX_00","fx_bg_lightbeam_falloff_03.png","128","128","1","line/edge building block broad","D:\Dwonloads\umodel_lostark_v7\extracted\lostark_ground_indicator_source_png\FX_TEX_00\Texture2D\fx_bg_lightbeam_falloff_03.png"
"04_All_Line_BuildingBlocks_Broad","FX_TEX_01","fx_c_line_001.png","256","256","1","line/edge building block broad","D:\Dwonloads\umodel_lostark_v7\extracted\lostark_ground_indicator_source_png\FX_TEX_01\Texture2D\fx_c_line_001.png"
"04_All_Line_BuildingBlocks_Broad","FX_TEX_01","fx_c_line_002.png","256","256","1","line/edge building block broad","D:\Dwonloads\umodel_lostark_v7\extracted\lostark_ground_indicator_source_png\FX_TEX_01\Texture2D\fx_c_line_002.png"
"04_All_Line_BuildingBlocks_Broad","FX_TEX_01","fx_c_line_002_cl.png","256","256","1","line/edge building block broad","D:\Dwonloads\umodel_lostark_v7\extracted\lostark_ground_indicator_source_png\FX_TEX_01\Texture2D\fx_c_line_002_cl.png"
"04_All_Line_BuildingBlocks_Broad","FX_TEX_01","fx_c_line_003_xcl.png","128","128","1","line/edge building block broad","D:\Dwonloads\umodel_lostark_v7\extracted\lostark_ground_indicator_source_png\FX_TEX_01\Texture2D\fx_c_line_003_xcl.png"
"04_All_Line_BuildingBlocks_Broad","FX_TEX_01","fx_c_line_004_ycl.png","128","128","1","line/edge building block broad","D:\Dwonloads\umodel_lostark_v7\extracted\lostark_ground_indicator_source_png\FX_TEX_01\Texture2D\fx_c_line_004_ycl.png"
"04_All_Line_BuildingBlocks_Broad","FX_TEX_01","fx_c_line_005.png","256","256","1","line/edge building block broad","D:\Dwonloads\umodel_lostark_v7\extracted\lostark_ground_indicator_source_png\FX_TEX_01\Texture2D\fx_c_line_005.png"
"04_All_Line_BuildingBlocks_Broad","FX_TEX_01","fx_c_line_006.png","256","256","1","line/edge building block broad","D:\Dwonloads\umodel_lostark_v7\extracted\lostark_ground_indicator_source_png\FX_TEX_01\Texture2D\fx_c_line_006.png"
"04_All_Line_BuildingBlocks_Broad","FX_TEX_01","fx_c_line_006_cl.png","256","256","1","line/edge building block broad","D:\Dwonloads\umodel_lostark_v7\extracted\lostark_ground_indicator_source_png\FX_TEX_01\Texture2D\fx_c_line_006_cl.png"
"04_All_Line_BuildingBlocks_Broad","FX_TEX_01","fx_c_line_007_cl.png","256","256","1","line/edge building block broad","D:\Dwonloads\umodel_lostark_v7\extracted\lostark_ground_indicator_source_png\FX_TEX_01\Texture2D\fx_c_line_007_cl.png"
"04_All_Line_BuildingBlocks_Broad","FX_TEX_01","fx_c_line_008_cl.png","256","256","1","line/edge building block broad","D:\Dwonloads\umodel_lostark_v7\extracted\lostark_ground_indicator_source_png\FX_TEX_01\Texture2D\fx_c_line_008_cl.png"
"04_All_Line_BuildingBlocks_Broad","FX_TEX_01","fx_c_line_009.png","256","256","1","line/edge building block broad","D:\Dwonloads\umodel_lostark_v7\extracted\lostark_ground_indicator_source_png\FX_TEX_01\Texture2D\fx_c_line_009.png"
"04_All_Line_BuildingBlocks_Broad","FX_TEX_02","fx_d_line_002.png","128","128","1","line/edge building block broad","D:\Dwonloads\umodel_lostark_v7\extracted\lostark_ground_indicator_source_png\FX_TEX_02\Texture2D\fx_d_line_002.png"
"04_All_Line_BuildingBlocks_Broad","FX_TEX_02","fx_d_line_002_1.png","128","128","1","line/edge building block broad","D:\Dwonloads\umodel_lostark_v7\extracted\lostark_ground_indicator_source_png\FX_TEX_02\Texture2D\fx_d_line_002_1.png"
"04_All_Line_BuildingBlocks_Broad","FX_TEX_02","fx_d_line_002_1_ycl.png","128","128","1","line/edge building block broad","D:\Dwonloads\umodel_lostark_v7\extracted\lostark_ground_indicator_source_png\FX_TEX_02\Texture2D\fx_d_line_002_1_ycl.png"
"04_All_Line_BuildingBlocks_Broad","FX_TEX_02","fx_d_line_018_ycl.png","128","128","1","line/edge building block broad","D:\Dwonloads\umodel_lostark_v7\extracted\lostark_ground_indicator_source_png\FX_TEX_02\Texture2D\fx_d_line_018_ycl.png"
"04_All_Line_BuildingBlocks_Broad","FX_TEX_02","fx_d_line_019.png","256","256","1","line/edge building block broad","D:\Dwonloads\umodel_lostark_v7\extracted\lostark_ground_indicator_source_png\FX_TEX_02\Texture2D\fx_d_line_019.png"
"04_All_Line_BuildingBlocks_Broad","FX_TEX_02","fx_d_line_019_cl.png","256","256","1","line/edge building block broad","D:\Dwonloads\umodel_lostark_v7\extracted\lostark_ground_indicator_source_png\FX_TEX_02\Texture2D\fx_d_line_019_cl.png"
"04_All_Line_BuildingBlocks_Broad","FX_TEX_02","fx_d_line_020_cl.png","512","512","1","line/edge building block broad","D:\Dwonloads\umodel_lostark_v7\extracted\lostark_ground_indicator_source_png\FX_TEX_02\Texture2D\fx_d_line_020_cl.png"
"04_All_Line_BuildingBlocks_Broad","FX_TEX_03","fx_e_line_001.png","256","256","1","line/edge building block broad","D:\Dwonloads\umodel_lostark_v7\extracted\lostark_ground_indicator_source_png\FX_TEX_03\Texture2D\fx_e_line_001.png"
"04_All_Line_BuildingBlocks_Broad","FX_TEX_03","fx_e_line_002.png","256","256","1","line/edge building block broad","D:\Dwonloads\umodel_lostark_v7\extracted\lostark_ground_indicator_source_png\FX_TEX_03\Texture2D\fx_e_line_002.png"
"04_All_Line_BuildingBlocks_Broad","FX_TEX_03","fx_e_line_005.png","256","256","1","line/edge building block broad","D:\Dwonloads\umodel_lostark_v7\extracted\lostark_ground_indicator_source_png\FX_TEX_03\Texture2D\fx_e_line_005.png"
"04_All_Line_BuildingBlocks_Broad","FX_TEX_03","fx_e_line_006.png","256","256","1","line/edge building block broad","D:\Dwonloads\umodel_lostark_v7\extracted\lostark_ground_indicator_source_png\FX_TEX_03\Texture2D\fx_e_line_006.png"
"04_All_Line_BuildingBlocks_Broad","FX_TEX_03","fx_e_line_007.png","256","256","1","line/edge building block broad","D:\Dwonloads\umodel_lostark_v7\extracted\lostark_ground_indicator_source_png\FX_TEX_03\Texture2D\fx_e_line_007.png"
"04_All_Line_BuildingBlocks_Broad","FX_TEX_03","fx_e_line_008.png","128","128","1","line/edge building block broad","D:\Dwonloads\umodel_lostark_v7\extracted\lostark_ground_indicator_source_png\FX_TEX_03\Texture2D\fx_e_line_008.png"
"04_All_Line_BuildingBlocks_Broad","FX_TEX_03","fx_e_line_008_ycl.png","128","128","1","line/edge building block broad","D:\Dwonloads\umodel_lostark_v7\extracted\lostark_ground_indicator_source_png\FX_TEX_03\Texture2D\fx_e_line_008_ycl.png"
"04_All_Line_BuildingBlocks_Broad","FX_TEX_04","fx_f_line_004.png","128","128","1","line/edge building block broad","D:\Dwonloads\umodel_lostark_v7\extracted\lostark_ground_indicator_source_png\FX_TEX_04\Texture2D\fx_f_line_004.png"
"04_All_Line_BuildingBlocks_Broad","FX_TEX_04","fx_h_speedline_01_01.png","256","256","1","line/edge building block broad","D:\Dwonloads\umodel_lostark_v7\extracted\lostark_ground_indicator_source_png\FX_TEX_04\Texture2D\fx_h_speedline_01_01.png"
"04_All_Line_BuildingBlocks_Broad","FX_TEX_04","fx_h_waterline_01_1.png","256","256","1","line/edge building block broad","D:\Dwonloads\umodel_lostark_v7\extracted\lostark_ground_indicator_source_png\FX_TEX_04\Texture2D\fx_h_waterline_01_1.png"
"04_All_Line_BuildingBlocks_Broad","FX_TEX_04","fx_h_waterline_01_1_cl.png","256","256","1","line/edge building block broad","D:\Dwonloads\umodel_lostark_v7\extracted\lostark_ground_indicator_source_png\FX_TEX_04\Texture2D\fx_h_waterline_01_1_cl.png"
"04_All_Line_BuildingBlocks_Broad","FX_TEX_05","fx_k_auraline_10.png","512","512","1","line/edge building block broad","D:\Dwonloads\umodel_lostark_v7\extracted\lostark_ground_indicator_source_png\FX_TEX_05\Texture2D\fx_k_auraline_10.png"
"04_All_Line_BuildingBlocks_Broad","FX_TEX_05","fx_k_auraline_10_ycl.png","512","512","1","line/edge building block broad","D:\Dwonloads\umodel_lostark_v7\extracted\lostark_ground_indicator_source_png\FX_TEX_05\Texture2D\fx_k_auraline_10_ycl.png"
"04_All_Line_BuildingBlocks_Broad","FX_TEX_05","fx_k_auraline_17.png","256","256","1","line/edge building block broad","D:\Dwonloads\umodel_lostark_v7\extracted\lostark_ground_indicator_source_png\FX_TEX_05\Texture2D\fx_k_auraline_17.png"
"04_All_Line_BuildingBlocks_Broad","FX_TEX_05","fx_k_auraline_18.png","512","512","1","line/edge building block broad","D:\Dwonloads\umodel_lostark_v7\extracted\lostark_ground_indicator_source_png\FX_TEX_05\Texture2D\fx_k_auraline_18.png"
"04_All_Line_BuildingBlocks_Broad","FX_TEX_05","fx_k_auraline_18_1_cl.png","512","512","1","line/edge building block broad","D:\Dwonloads\umodel_lostark_v7\extracted\lostark_ground_indicator_source_png\FX_TEX_05\Texture2D\fx_k_auraline_18_1_cl.png"
"04_All_Line_BuildingBlocks_Broad","FX_TEX_05","fx_k_auraline_18_cl.png","512","512","1","line/edge building block broad","D:\Dwonloads\umodel_lostark_v7\extracted\lostark_ground_indicator_source_png\FX_TEX_05\Texture2D\fx_k_auraline_18_cl.png"
"04_All_Line_BuildingBlocks_Broad","FX_TEX_05","fx_k_auraline_19.png","512","512","1","line/edge building block broad","D:\Dwonloads\umodel_lostark_v7\extracted\lostark_ground_indicator_source_png\FX_TEX_05\Texture2D\fx_k_auraline_19.png"
"04_All_Line_BuildingBlocks_Broad","FX_TEX_05","fx_k_auraline_21.png","512","512","1","line/edge building block broad","D:\Dwonloads\umodel_lostark_v7\extracted\lostark_ground_indicator_source_png\FX_TEX_05\Texture2D\fx_k_auraline_21.png"
"04_All_Line_BuildingBlocks_Broad","FX_TEX_05","fx_k_auraline_22.png","512","512","1","line/edge building block broad","D:\Dwonloads\umodel_lostark_v7\extracted\lostark_ground_indicator_source_png\FX_TEX_05\Texture2D\fx_k_auraline_22.png"
"04_All_Line_BuildingBlocks_Broad","FX_TEX_05","fx_k_linegra_01.png","512","512","1","line/edge building block broad","D:\Dwonloads\umodel_lostark_v7\extracted\lostark_ground_indicator_source_png\FX_TEX_05\Texture2D\fx_k_linegra_01.png"
"04_All_Line_BuildingBlocks_Broad","FX_TEX_05","fx_l_line_004_ycl.png","256","256","1","line/edge building block broad","D:\Dwonloads\umodel_lostark_v7\extracted\lostark_ground_indicator_source_png\FX_TEX_05\Texture2D\fx_l_line_004_ycl.png"
"04_All_Line_BuildingBlocks_Broad","FX_TEX_05","fx_l_line_005_ycl.png","256","256","1","line/edge building block broad","D:\Dwonloads\umodel_lostark_v7\extracted\lostark_ground_indicator_source_png\FX_TEX_05\Texture2D\fx_l_line_005_ycl.png"
"04_All_Line_BuildingBlocks_Broad","FX_TEX_05","fx_l_spiderline_01.png","1024","1024","1","line/edge building block broad","D:\Dwonloads\umodel_lostark_v7\extracted\lostark_ground_indicator_source_png\FX_TEX_05\Texture2D\fx_l_spiderline_01.png"
"04_All_Line_BuildingBlocks_Broad","FX_TEX_05","fx_m_auraline_01.png","256","256","1","line/edge building block broad","D:\Dwonloads\umodel_lostark_v7\extracted\lostark_ground_indicator_source_png\FX_TEX_05\Texture2D\fx_m_auraline_01.png"
"04_All_Line_BuildingBlocks_Broad","FX_TEX_05","fx_m_line_001.png","256","256","1","line/edge building block broad","D:\Dwonloads\umodel_lostark_v7\extracted\lostark_ground_indicator_source_png\FX_TEX_05\Texture2D\fx_m_line_001.png"
"04_All_Line_BuildingBlocks_Broad","FX_TEX_06","fx_j_auraline_06_ycl.png","512","512","1","line/edge building block broad","D:\Dwonloads\umodel_lostark_v7\extracted\lostark_ground_indicator_source_png\FX_TEX_06\Texture2D\fx_j_auraline_06_ycl.png"
"04_All_Line_BuildingBlocks_Broad","FX_TEX_06","fx_j_auraline_07_ycl.png","1024","1024","1","line/edge building block broad","D:\Dwonloads\umodel_lostark_v7\extracted\lostark_ground_indicator_source_png\FX_TEX_06\Texture2D\fx_j_auraline_07_ycl.png"
"04_All_Line_BuildingBlocks_Broad","FX_TEX_06","fx_j_auraline_08_ycl.png","1024","1024","1","line/edge building block broad","D:\Dwonloads\umodel_lostark_v7\extracted\lostark_ground_indicator_source_png\FX_TEX_06\Texture2D\fx_j_auraline_08_ycl.png"
"04_All_Line_BuildingBlocks_Broad","FX_TEX_06","fx_j_auraline_21_ycl.png","1024","1024","1","line/edge building block broad","D:\Dwonloads\umodel_lostark_v7\extracted\lostark_ground_indicator_source_png\FX_TEX_06\Texture2D\fx_j_auraline_21_ycl.png"
"04_All_Line_BuildingBlocks_Broad","FX_TEX_06","fx_j_line_04.png","512","512","1","line/edge building block broad","D:\Dwonloads\umodel_lostark_v7\extracted\lostark_ground_indicator_source_png\FX_TEX_06\Texture2D\fx_j_line_04.png"
"04_All_Line_BuildingBlocks_Broad","FX_TEX_06","fx_j_line_05.png","512","512","1","line/edge building block broad","D:\Dwonloads\umodel_lostark_v7\extracted\lostark_ground_indicator_source_png\FX_TEX_06\Texture2D\fx_j_line_05.png"
"04_All_Line_BuildingBlocks_Broad","FX_TEX_06","fx_j_line_06.png","512","512","1","line/edge building block broad","D:\Dwonloads\umodel_lostark_v7\extracted\lostark_ground_indicator_source_png\FX_TEX_06\Texture2D\fx_j_line_06.png"
"04_All_Line_BuildingBlocks_Broad","FX_TEX_06","fx_j_line_07.png","512","512","1","line/edge building block broad","D:\Dwonloads\umodel_lostark_v7\extracted\lostark_ground_indicator_source_png\FX_TEX_06\Texture2D\fx_j_line_07.png"
"04_All_Line_BuildingBlocks_Broad","FX_TEX_06","fx_m_auraline_21.png","1024","1024","1","line/edge building block broad","D:\Dwonloads\umodel_lostark_v7\extracted\lostark_ground_indicator_source_png\FX_TEX_06\Texture2D\fx_m_auraline_21.png"
"04_All_Line_BuildingBlocks_Broad","FX_TEX_06","fx_m_crosshairline_01.png","512","512","1","line/edge building block broad","D:\Dwonloads\umodel_lostark_v7\extracted\lostark_ground_indicator_source_png\FX_TEX_06\Texture2D\fx_m_crosshairline_01.png"
"04_All_Line_BuildingBlocks_Broad","FX_TEX_06","fx_m_crosshairline_01_ycl.png","512","512","1","line/edge building block broad","D:\Dwonloads\umodel_lostark_v7\extracted\lostark_ground_indicator_source_png\FX_TEX_06\Texture2D\fx_m_crosshairline_01_ycl.png"
"04_All_Line_BuildingBlocks_Broad","FX_TEX_06","fx_m_crosshairline_axis_01.png","512","512","1","line/edge building block broad","D:\Dwonloads\umodel_lostark_v7\extracted\lostark_ground_indicator_source_png\FX_TEX_06\Texture2D\fx_m_crosshairline_axis_01.png"
"04_All_Line_BuildingBlocks_Broad","FX_TEX_06","fx_m_crosshairline_axis_01_xcl.png","512","512","1","line/edge building block broad","D:\Dwonloads\umodel_lostark_v7\extracted\lostark_ground_indicator_source_png\FX_TEX_06\Texture2D\fx_m_crosshairline_axis_01_xcl.png"
"04_All_Line_BuildingBlocks_Broad","FX_TEX_06","fx_m_dragonskin_line_01.png","512","512","1","line/edge building block broad","D:\Dwonloads\umodel_lostark_v7\extracted\lostark_ground_indicator_source_png\FX_TEX_06\Texture2D\fx_m_dragonskin_line_01.png"
"04_All_Line_BuildingBlocks_Broad","FX_TEX_06","fx_m_dragonskin_line_02.png","512","512","1","line/edge building block broad","D:\Dwonloads\umodel_lostark_v7\extracted\lostark_ground_indicator_source_png\FX_TEX_06\Texture2D\fx_m_dragonskin_line_02.png"
"04_All_Line_BuildingBlocks_Broad","FX_TEX_06","fx_m_dragonskin_line_03.png","512","512","1","line/edge building block broad","D:\Dwonloads\umodel_lostark_v7\extracted\lostark_ground_indicator_source_png\FX_TEX_06\Texture2D\fx_m_dragonskin_line_03.png"
"04_All_Line_BuildingBlocks_Broad","FX_TEX_06","fx_m_dragonskin_line_mask_01.png","512","512","1","line/edge building block broad","D:\Dwonloads\umodel_lostark_v7\extracted\lostark_ground_indicator_source_png\FX_TEX_06\Texture2D\fx_m_dragonskin_line_mask_01.png"
"04_All_Line_BuildingBlocks_Broad","FX_TEX_06","fx_m_dragonskin_line_mask_02.png","512","512","1","line/edge building block broad","D:\Dwonloads\umodel_lostark_v7\extracted\lostark_ground_indicator_source_png\FX_TEX_06\Texture2D\fx_m_dragonskin_line_mask_02.png"
"04_All_Line_BuildingBlocks_Broad","FX_TEX_06","fx_m_dragonskin_line_mask_03.png","512","512","1","line/edge building block broad","D:\Dwonloads\umodel_lostark_v7\extracted\lostark_ground_indicator_source_png\FX_TEX_06\Texture2D\fx_m_dragonskin_line_mask_03.png"
"04_All_Line_BuildingBlocks_Broad","FX_TEX_06","fx_m_line_005_ycl.png","128","128","1","line/edge building block broad","D:\Dwonloads\umodel_lostark_v7\extracted\lostark_ground_indicator_source_png\FX_TEX_06\Texture2D\fx_m_line_005_ycl.png"
"04_All_Line_BuildingBlocks_Broad","FX_TEX_06","fx_m_speedline_01_02.png","256","256","1","line/edge building block broad","D:\Dwonloads\umodel_lostark_v7\extracted\lostark_ground_indicator_source_png\FX_TEX_06\Texture2D\fx_m_speedline_01_02.png"
"04_All_Line_BuildingBlocks_Broad","FX_TEX_06","fx_m_tilelinenoise_01.png","512","512","1","line/edge building block broad","D:\Dwonloads\umodel_lostark_v7\extracted\lostark_ground_indicator_source_png\FX_TEX_06\Texture2D\fx_m_tilelinenoise_01.png"
"04_All_Line_BuildingBlocks_Broad","FX_TEX_06","fx_o_speedline_01_01.png","256","256","1","line/edge building block broad","D:\Dwonloads\umodel_lostark_v7\extracted\lostark_ground_indicator_source_png\FX_TEX_06\Texture2D\fx_o_speedline_01_01.png"
"04_All_Line_BuildingBlocks_Broad","FX_TEX_06","fx_w_line_001.png","256","256","1","line/edge building block broad","D:\Dwonloads\umodel_lostark_v7\extracted\lostark_ground_indicator_source_png\FX_TEX_06\Texture2D\fx_w_line_001.png"
"04_All_Line_BuildingBlocks_Broad","FX_TEX_06","fx_y_inkline_01.png","256","256","1","line/edge building block broad","D:\Dwonloads\umodel_lostark_v7\extracted\lostark_ground_indicator_source_png\FX_TEX_06\Texture2D\fx_y_inkline_01.png"
"04_All_Line_BuildingBlocks_Broad","FX_TEX_06","fx_y_inkline_02_cl.png","256","256","1","line/edge building block broad","D:\Dwonloads\umodel_lostark_v7\extracted\lostark_ground_indicator_source_png\FX_TEX_06\Texture2D\fx_y_inkline_02_cl.png"
"04_All_Line_BuildingBlocks_Broad","FX_TEX_06","fx_y_line_01.png","256","256","1","line/edge building block broad","D:\Dwonloads\umodel_lostark_v7\extracted\lostark_ground_indicator_source_png\FX_TEX_06\Texture2D\fx_y_line_01.png"
"04_All_Line_BuildingBlocks_Broad","FX_TEX_HIGH_00","fx_c_line_007_cl.png","512","512","1","line/edge building block broad","D:\Dwonloads\umodel_lostark_v7\extracted\lostark_ground_indicator_source_png\FX_TEX_HIGH_00\Texture2D\fx_c_line_007_cl.png"
"04_All_Line_BuildingBlocks_Broad","FX_TEX_HIGH_01","fx_g_line_01.png","512","512","1","line/edge building block broad","D:\Dwonloads\umodel_lostark_v7\extracted\lostark_ground_indicator_source_png\FX_TEX_HIGH_01\Texture2D\fx_g_line_01.png"
"04_All_Line_BuildingBlocks_Broad","FX_TEX_HIGH_03","fx_l_auraline_21_ycl.png","1024","1024","1","line/edge building block broad","D:\Dwonloads\umodel_lostark_v7\extracted\lostark_ground_indicator_source_png\FX_TEX_HIGH_03\Texture2D\fx_l_auraline_21_ycl.png"
"04_All_Line_BuildingBlocks_Broad","FX_TEX_HIGH_03","fx_l_auraline_22_ycl.png","1024","1024","1","line/edge building block broad","D:\Dwonloads\umodel_lostark_v7\extracted\lostark_ground_indicator_source_png\FX_TEX_HIGH_03\Texture2D\fx_l_auraline_22_ycl.png"
"04_All_Line_BuildingBlocks_Broad","FX_TEX_HIGH_03","fx_l_auraline_23_ycl.png","1024","1024","1","line/edge building block broad","D:\Dwonloads\umodel_lostark_v7\extracted\lostark_ground_indicator_source_png\FX_TEX_HIGH_03\Texture2D\fx_l_auraline_23_ycl.png"
"04_All_Line_BuildingBlocks_Broad","FX_TEX_HIGH_03","fx_l_bikeline_01.png","512","512","1","line/edge building block broad","D:\Dwonloads\umodel_lostark_v7\extracted\lostark_ground_indicator_source_png\FX_TEX_HIGH_03\Texture2D\fx_l_bikeline_01.png"
"04_All_Line_BuildingBlocks_Broad","FX_TEX_HIGH_03","fx_linecircle_001.png","1024","1024","1","line/edge building block broad","D:\Dwonloads\umodel_lostark_v7\extracted\lostark_ground_indicator_source_png\FX_TEX_HIGH_03\Texture2D\fx_linecircle_001.png"
"04_All_Line_BuildingBlocks_Broad","FX_TEX_NOMIPMAP_00","fx_k_gst_digitalline_02.png","512","512","1","line/edge building block broad","D:\Dwonloads\umodel_lostark_v7\extracted\lostark_ground_indicator_source_png\FX_TEX_NOMIPMAP_00\Texture2D\fx_k_gst_digitalline_02.png"
"05_Rectangle_Fill_Tile_Range_Broad","BG_DECAL_A","bg_decal_floor_ice01_d_ksr.png","1024","1024","1","range/tile/floor possible fill","D:\Dwonloads\umodel_lostark_v7\extracted\lostark_ground_indicator_source_png\BG_DECAL_A\Texture2D\bg_decal_floor_ice01_d_ksr.png"
"05_Rectangle_Fill_Tile_Range_Broad","FX_TEX_02","fx_k_electile_02_1.png","512","512","1","range/tile/floor possible fill","D:\Dwonloads\umodel_lostark_v7\extracted\lostark_ground_indicator_source_png\FX_TEX_02\Texture2D\fx_k_electile_02_1.png"
"05_Rectangle_Fill_Tile_Range_Broad","FX_TEX_04","fx_h_ground_01_1.png","1024","1024","1","range/tile/floor possible fill","D:\Dwonloads\umodel_lostark_v7\extracted\lostark_ground_indicator_source_png\FX_TEX_04\Texture2D\fx_h_ground_01_1.png"
"05_Rectangle_Fill_Tile_Range_Broad","FX_TEX_04","fx_l_color_orange_01.png","256","256","1","range/tile/floor possible fill","D:\Dwonloads\umodel_lostark_v7\extracted\lostark_ground_indicator_source_png\FX_TEX_04\Texture2D\fx_l_color_orange_01.png"
"05_Rectangle_Fill_Tile_Range_Broad","FX_TEX_05","fx_k_auratile_01.png","256","256","1","range/tile/floor possible fill","D:\Dwonloads\umodel_lostark_v7\extracted\lostark_ground_indicator_source_png\FX_TEX_05\Texture2D\fx_k_auratile_01.png"
"05_Rectangle_Fill_Tile_Range_Broad","FX_TEX_05","fx_k_auratile_02.png","256","256","1","range/tile/floor possible fill","D:\Dwonloads\umodel_lostark_v7\extracted\lostark_ground_indicator_source_png\FX_TEX_05\Texture2D\fx_k_auratile_02.png"
"05_Rectangle_Fill_Tile_Range_Broad","FX_TEX_05","fx_k_bubblentile_01.png","512","512","1","range/tile/floor possible fill","D:\Dwonloads\umodel_lostark_v7\extracted\lostark_ground_indicator_source_png\FX_TEX_05\Texture2D\fx_k_bubblentile_01.png"
"05_Rectangle_Fill_Tile_Range_Broad","FX_TEX_05","fx_k_bubbletile_01.png","256","256","1","range/tile/floor possible fill","D:\Dwonloads\umodel_lostark_v7\extracted\lostark_ground_indicator_source_png\FX_TEX_05\Texture2D\fx_k_bubbletile_01.png"
"05_Rectangle_Fill_Tile_Range_Broad","FX_TEX_05","fx_k_caustictile_01.png","128","128","1","range/tile/floor possible fill","D:\Dwonloads\umodel_lostark_v7\extracted\lostark_ground_indicator_source_png\FX_TEX_05\Texture2D\fx_k_caustictile_01.png"
"05_Rectangle_Fill_Tile_Range_Broad","FX_TEX_05","fx_k_caustictile_03.png","256","256","1","range/tile/floor possible fill","D:\Dwonloads\umodel_lostark_v7\extracted\lostark_ground_indicator_source_png\FX_TEX_05\Texture2D\fx_k_caustictile_03.png"
"05_Rectangle_Fill_Tile_Range_Broad","FX_TEX_05","fx_k_electile_01.png","256","256","1","range/tile/floor possible fill","D:\Dwonloads\umodel_lostark_v7\extracted\lostark_ground_indicator_source_png\FX_TEX_05\Texture2D\fx_k_electile_01.png"
"05_Rectangle_Fill_Tile_Range_Broad","FX_TEX_05","fx_k_electile_02.png","512","512","1","range/tile/floor possible fill","D:\Dwonloads\umodel_lostark_v7\extracted\lostark_ground_indicator_source_png\FX_TEX_05\Texture2D\fx_k_electile_02.png"
"05_Rectangle_Fill_Tile_Range_Broad","FX_TEX_05","fx_k_fluidtile_01.png","512","512","1","range/tile/floor possible fill","D:\Dwonloads\umodel_lostark_v7\extracted\lostark_ground_indicator_source_png\FX_TEX_05\Texture2D\fx_k_fluidtile_01.png"
"05_Rectangle_Fill_Tile_Range_Broad","FX_TEX_05","fx_k_fluidtile_02.png","256","256","1","range/tile/floor possible fill","D:\Dwonloads\umodel_lostark_v7\extracted\lostark_ground_indicator_source_png\FX_TEX_05\Texture2D\fx_k_fluidtile_02.png"
"05_Rectangle_Fill_Tile_Range_Broad","FX_TEX_05","fx_k_noisetile_01.png","256","256","1","range/tile/floor possible fill","D:\Dwonloads\umodel_lostark_v7\extracted\lostark_ground_indicator_source_png\FX_TEX_05\Texture2D\fx_k_noisetile_01.png"
"05_Rectangle_Fill_Tile_Range_Broad","FX_TEX_05","fx_k_smoketile_01.png","256","256","1","range/tile/floor possible fill","D:\Dwonloads\umodel_lostark_v7\extracted\lostark_ground_indicator_source_png\FX_TEX_05\Texture2D\fx_k_smoketile_01.png"
"05_Rectangle_Fill_Tile_Range_Broad","FX_TEX_05","fx_l_ground_01_cl.png","256","256","1","range/tile/floor possible fill","D:\Dwonloads\umodel_lostark_v7\extracted\lostark_ground_indicator_source_png\FX_TEX_05\Texture2D\fx_l_ground_01_cl.png"
"05_Rectangle_Fill_Tile_Range_Broad","FX_TEX_05","fx_l_groundmap_01_cl.png","256","256","1","range/tile/floor possible fill","D:\Dwonloads\umodel_lostark_v7\extracted\lostark_ground_indicator_source_png\FX_TEX_05\Texture2D\fx_l_groundmap_01_cl.png"
"05_Rectangle_Fill_Tile_Range_Broad","FX_TEX_05","fx_m_range_001.png","512","512","1","range/tile/floor possible fill","D:\Dwonloads\umodel_lostark_v7\extracted\lostark_ground_indicator_source_png\FX_TEX_05\Texture2D\fx_m_range_001.png"
"05_Rectangle_Fill_Tile_Range_Broad","FX_TEX_05","fx_m_watertile_001.png","512","512","1","range/tile/floor possible fill","D:\Dwonloads\umodel_lostark_v7\extracted\lostark_ground_indicator_source_png\FX_TEX_05\Texture2D\fx_m_watertile_001.png"
"05_Rectangle_Fill_Tile_Range_Broad","FX_TEX_05","fx_o_floor_d_01.png","512","512","1","range/tile/floor possible fill","D:\Dwonloads\umodel_lostark_v7\extracted\lostark_ground_indicator_source_png\FX_TEX_05\Texture2D\fx_o_floor_d_01.png"
"05_Rectangle_Fill_Tile_Range_Broad","FX_TEX_05","fx_o_floor_s_01.png","512","512","1","range/tile/floor possible fill","D:\Dwonloads\umodel_lostark_v7\extracted\lostark_ground_indicator_source_png\FX_TEX_05\Texture2D\fx_o_floor_s_01.png"
"05_Rectangle_Fill_Tile_Range_Broad","FX_TEX_06","fx_j_caustic_tile_01.png","256","256","1","range/tile/floor possible fill","D:\Dwonloads\umodel_lostark_v7\extracted\lostark_ground_indicator_source_png\FX_TEX_06\Texture2D\fx_j_caustic_tile_01.png"
"05_Rectangle_Fill_Tile_Range_Broad","FX_TEX_06","fx_j_caustic_tile_02.png","512","512","1","range/tile/floor possible fill","D:\Dwonloads\umodel_lostark_v7\extracted\lostark_ground_indicator_source_png\FX_TEX_06\Texture2D\fx_j_caustic_tile_02.png"
"05_Rectangle_Fill_Tile_Range_Broad","FX_TEX_06","fx_j_caustic_tile_03.png","512","512","1","range/tile/floor possible fill","D:\Dwonloads\umodel_lostark_v7\extracted\lostark_ground_indicator_source_png\FX_TEX_06\Texture2D\fx_j_caustic_tile_03.png"
"05_Rectangle_Fill_Tile_Range_Broad","FX_TEX_06","fx_j_caustic_tile_04.png","512","512","1","range/tile/floor possible fill","D:\Dwonloads\umodel_lostark_v7\extracted\lostark_ground_indicator_source_png\FX_TEX_06\Texture2D\fx_j_caustic_tile_04.png"
"05_Rectangle_Fill_Tile_Range_Broad","FX_TEX_06","fx_j_caustic_tile_05.png","512","512","1","range/tile/floor possible fill","D:\Dwonloads\umodel_lostark_v7\extracted\lostark_ground_indicator_source_png\FX_TEX_06\Texture2D\fx_j_caustic_tile_05.png"
"05_Rectangle_Fill_Tile_Range_Broad","FX_TEX_06","fx_j_caustic_tile_06.png","512","512","1","range/tile/floor possible fill","D:\Dwonloads\umodel_lostark_v7\extracted\lostark_ground_indicator_source_png\FX_TEX_06\Texture2D\fx_j_caustic_tile_06.png"
"05_Rectangle_Fill_Tile_Range_Broad","FX_TEX_06","fx_j_cloud_tile_01.png","512","512","1","range/tile/floor possible fill","D:\Dwonloads\umodel_lostark_v7\extracted\lostark_ground_indicator_source_png\FX_TEX_06\Texture2D\fx_j_cloud_tile_01.png"
"05_Rectangle_Fill_Tile_Range_Broad","FX_TEX_06","fx_j_cloud_tile_02.png","512","512","1","range/tile/floor possible fill","D:\Dwonloads\umodel_lostark_v7\extracted\lostark_ground_indicator_source_png\FX_TEX_06\Texture2D\fx_j_cloud_tile_02.png"
"05_Rectangle_Fill_Tile_Range_Broad","FX_TEX_06","fx_j_cloud_tile_03.png","256","256","1","range/tile/floor possible fill","D:\Dwonloads\umodel_lostark_v7\extracted\lostark_ground_indicator_source_png\FX_TEX_06\Texture2D\fx_j_cloud_tile_03.png"
"05_Rectangle_Fill_Tile_Range_Broad","FX_TEX_06","fx_j_dragonskin_tile_01.png","512","512","1","range/tile/floor possible fill","D:\Dwonloads\umodel_lostark_v7\extracted\lostark_ground_indicator_source_png\FX_TEX_06\Texture2D\fx_j_dragonskin_tile_01.png"
"05_Rectangle_Fill_Tile_Range_Broad","FX_TEX_06","fx_j_dragonskin_tile_02.png","512","512","1","range/tile/floor possible fill","D:\Dwonloads\umodel_lostark_v7\extracted\lostark_ground_indicator_source_png\FX_TEX_06\Texture2D\fx_j_dragonskin_tile_02.png"
"05_Rectangle_Fill_Tile_Range_Broad","FX_TEX_06","fx_j_dragonskin_tile_03.png","512","512","1","range/tile/floor possible fill","D:\Dwonloads\umodel_lostark_v7\extracted\lostark_ground_indicator_source_png\FX_TEX_06\Texture2D\fx_j_dragonskin_tile_03.png"
"05_Rectangle_Fill_Tile_Range_Broad","FX_TEX_06","fx_j_dragonskin_tile_04.png","512","512","1","range/tile/floor possible fill","D:\Dwonloads\umodel_lostark_v7\extracted\lostark_ground_indicator_source_png\FX_TEX_06\Texture2D\fx_j_dragonskin_tile_04.png"
"05_Rectangle_Fill_Tile_Range_Broad","FX_TEX_06","fx_j_dustparticle_tile_01.png","256","256","1","range/tile/floor possible fill","D:\Dwonloads\umodel_lostark_v7\extracted\lostark_ground_indicator_source_png\FX_TEX_06\Texture2D\fx_j_dustparticle_tile_01.png"
"05_Rectangle_Fill_Tile_Range_Broad","FX_TEX_06","fx_j_dustparticle_tile_02.png","512","512","1","range/tile/floor possible fill","D:\Dwonloads\umodel_lostark_v7\extracted\lostark_ground_indicator_source_png\FX_TEX_06\Texture2D\fx_j_dustparticle_tile_02.png"
"05_Rectangle_Fill_Tile_Range_Broad","FX_TEX_06","fx_j_dustparticle_tile_04.png","256","256","1","range/tile/floor possible fill","D:\Dwonloads\umodel_lostark_v7\extracted\lostark_ground_indicator_source_png\FX_TEX_06\Texture2D\fx_j_dustparticle_tile_04.png"
"05_Rectangle_Fill_Tile_Range_Broad","FX_TEX_06","fx_j_environment_tile_01.png","512","512","1","range/tile/floor possible fill","D:\Dwonloads\umodel_lostark_v7\extracted\lostark_ground_indicator_source_png\FX_TEX_06\Texture2D\fx_j_environment_tile_01.png"
"05_Rectangle_Fill_Tile_Range_Broad","FX_TEX_06","fx_j_environment_tile_02.png","512","512","1","range/tile/floor possible fill","D:\Dwonloads\umodel_lostark_v7\extracted\lostark_ground_indicator_source_png\FX_TEX_06\Texture2D\fx_j_environment_tile_02.png"
"05_Rectangle_Fill_Tile_Range_Broad","FX_TEX_06","fx_j_flaredust_tile_02.png","512","512","1","range/tile/floor possible fill","D:\Dwonloads\umodel_lostark_v7\extracted\lostark_ground_indicator_source_png\FX_TEX_06\Texture2D\fx_j_flaredust_tile_02.png"
"05_Rectangle_Fill_Tile_Range_Broad","FX_TEX_06","fx_j_flownoise_tile_01.png","512","512","1","range/tile/floor possible fill","D:\Dwonloads\umodel_lostark_v7\extracted\lostark_ground_indicator_source_png\FX_TEX_06\Texture2D\fx_j_flownoise_tile_01.png"
"05_Rectangle_Fill_Tile_Range_Broad","FX_TEX_06","fx_j_flownoise_tile_02.png","512","512","1","range/tile/floor possible fill","D:\Dwonloads\umodel_lostark_v7\extracted\lostark_ground_indicator_source_png\FX_TEX_06\Texture2D\fx_j_flownoise_tile_02.png"
"05_Rectangle_Fill_Tile_Range_Broad","FX_TEX_06","fx_j_flownoise_tile_03.png","1024","1024","1","range/tile/floor possible fill","D:\Dwonloads\umodel_lostark_v7\extracted\lostark_ground_indicator_source_png\FX_TEX_06\Texture2D\fx_j_flownoise_tile_03.png"
"05_Rectangle_Fill_Tile_Range_Broad","FX_TEX_06","fx_j_flownoise_tile_04.png","512","512","1","range/tile/floor possible fill","D:\Dwonloads\umodel_lostark_v7\extracted\lostark_ground_indicator_source_png\FX_TEX_06\Texture2D\fx_j_flownoise_tile_04.png"
"05_Rectangle_Fill_Tile_Range_Broad","FX_TEX_06","fx_j_fluidnoise_tile_01.png","512","512","1","range/tile/floor possible fill","D:\Dwonloads\umodel_lostark_v7\extracted\lostark_ground_indicator_source_png\FX_TEX_06\Texture2D\fx_j_fluidnoise_tile_01.png"
"05_Rectangle_Fill_Tile_Range_Broad","FX_TEX_06","fx_j_lava_tile_01.png","512","512","1","range/tile/floor possible fill","D:\Dwonloads\umodel_lostark_v7\extracted\lostark_ground_indicator_source_png\FX_TEX_06\Texture2D\fx_j_lava_tile_01.png"
"05_Rectangle_Fill_Tile_Range_Broad","FX_TEX_06","fx_j_lava_tile_02.png","512","512","1","range/tile/floor possible fill","D:\Dwonloads\umodel_lostark_v7\extracted\lostark_ground_indicator_source_png\FX_TEX_06\Texture2D\fx_j_lava_tile_02.png"
"05_Rectangle_Fill_Tile_Range_Broad","FX_TEX_06","fx_j_lava_tile_03.png","512","512","1","range/tile/floor possible fill","D:\Dwonloads\umodel_lostark_v7\extracted\lostark_ground_indicator_source_png\FX_TEX_06\Texture2D\fx_j_lava_tile_03.png"
"05_Rectangle_Fill_Tile_Range_Broad","FX_TEX_06","fx_j_noise_tile_01.png","512","512","1","range/tile/floor possible fill","D:\Dwonloads\umodel_lostark_v7\extracted\lostark_ground_indicator_source_png\FX_TEX_06\Texture2D\fx_j_noise_tile_01.png"
"05_Rectangle_Fill_Tile_Range_Broad","FX_TEX_06","fx_j_noise_tile_02.png","512","512","1","range/tile/floor possible fill","D:\Dwonloads\umodel_lostark_v7\extracted\lostark_ground_indicator_source_png\FX_TEX_06\Texture2D\fx_j_noise_tile_02.png"
"05_Rectangle_Fill_Tile_Range_Broad","FX_TEX_06","fx_j_noise_tile_03.png","512","512","1","range/tile/floor possible fill","D:\Dwonloads\umodel_lostark_v7\extracted\lostark_ground_indicator_source_png\FX_TEX_06\Texture2D\fx_j_noise_tile_03.png"
"05_Rectangle_Fill_Tile_Range_Broad","FX_TEX_06","fx_j_noise_tile_04.png","512","512","1","range/tile/floor possible fill","D:\Dwonloads\umodel_lostark_v7\extracted\lostark_ground_indicator_source_png\FX_TEX_06\Texture2D\fx_j_noise_tile_04.png"
"05_Rectangle_Fill_Tile_Range_Broad","FX_TEX_06","fx_j_noise_tile_05.png","512","512","1","range/tile/floor possible fill","D:\Dwonloads\umodel_lostark_v7\extracted\lostark_ground_indicator_source_png\FX_TEX_06\Texture2D\fx_j_noise_tile_05.png"
"05_Rectangle_Fill_Tile_Range_Broad","FX_TEX_06","fx_j_noise_tile_06.png","512","512","1","range/tile/floor possible fill","D:\Dwonloads\umodel_lostark_v7\extracted\lostark_ground_indicator_source_png\FX_TEX_06\Texture2D\fx_j_noise_tile_06.png"
"05_Rectangle_Fill_Tile_Range_Broad","FX_TEX_06","fx_j_noise_tile_07.png","512","512","1","range/tile/floor possible fill","D:\Dwonloads\umodel_lostark_v7\extracted\lostark_ground_indicator_source_png\FX_TEX_06\Texture2D\fx_j_noise_tile_07.png"
"05_Rectangle_Fill_Tile_Range_Broad","FX_TEX_06","fx_j_noise_tile_08.png","512","512","1","range/tile/floor possible fill","D:\Dwonloads\umodel_lostark_v7\extracted\lostark_ground_indicator_source_png\FX_TEX_06\Texture2D\fx_j_noise_tile_08.png"
"05_Rectangle_Fill_Tile_Range_Broad","FX_TEX_06","fx_j_noise_tile_09.png","512","512","1","range/tile/floor possible fill","D:\Dwonloads\umodel_lostark_v7\extracted\lostark_ground_indicator_source_png\FX_TEX_06\Texture2D\fx_j_noise_tile_09.png"
"05_Rectangle_Fill_Tile_Range_Broad","FX_TEX_06","fx_j_noise_tile_10.png","512","512","1","range/tile/floor possible fill","D:\Dwonloads\umodel_lostark_v7\extracted\lostark_ground_indicator_source_png\FX_TEX_06\Texture2D\fx_j_noise_tile_10.png"
"05_Rectangle_Fill_Tile_Range_Broad","FX_TEX_06","fx_j_noise_tile_11.png","512","512","1","range/tile/floor possible fill","D:\Dwonloads\umodel_lostark_v7\extracted\lostark_ground_indicator_source_png\FX_TEX_06\Texture2D\fx_j_noise_tile_11.png"
"05_Rectangle_Fill_Tile_Range_Broad","FX_TEX_06","fx_j_noise_tile_12.png","512","512","1","range/tile/floor possible fill","D:\Dwonloads\umodel_lostark_v7\extracted\lostark_ground_indicator_source_png\FX_TEX_06\Texture2D\fx_j_noise_tile_12.png"
"05_Rectangle_Fill_Tile_Range_Broad","FX_TEX_06","fx_j_noise_tile_13.png","512","512","1","range/tile/floor possible fill","D:\Dwonloads\umodel_lostark_v7\extracted\lostark_ground_indicator_source_png\FX_TEX_06\Texture2D\fx_j_noise_tile_13.png"
"05_Rectangle_Fill_Tile_Range_Broad","FX_TEX_06","fx_j_pattern_tile_01.png","512","512","1","range/tile/floor possible fill","D:\Dwonloads\umodel_lostark_v7\extracted\lostark_ground_indicator_source_png\FX_TEX_06\Texture2D\fx_j_pattern_tile_01.png"
"05_Rectangle_Fill_Tile_Range_Broad","FX_TEX_06","fx_j_pattern_tile_02.png","1024","1024","1","range/tile/floor possible fill","D:\Dwonloads\umodel_lostark_v7\extracted\lostark_ground_indicator_source_png\FX_TEX_06\Texture2D\fx_j_pattern_tile_02.png"
"05_Rectangle_Fill_Tile_Range_Broad","FX_TEX_06","fx_j_tigermap_tile_01.png","512","512","1","range/tile/floor possible fill","D:\Dwonloads\umodel_lostark_v7\extracted\lostark_ground_indicator_source_png\FX_TEX_06\Texture2D\fx_j_tigermap_tile_01.png"
"05_Rectangle_Fill_Tile_Range_Broad","FX_TEX_06","fx_j_voronoi_tile_01.png","512","512","1","range/tile/floor possible fill","D:\Dwonloads\umodel_lostark_v7\extracted\lostark_ground_indicator_source_png\FX_TEX_06\Texture2D\fx_j_voronoi_tile_01.png"
"05_Rectangle_Fill_Tile_Range_Broad","FX_TEX_06","fx_j_web_tile_01.png","512","512","1","range/tile/floor possible fill","D:\Dwonloads\umodel_lostark_v7\extracted\lostark_ground_indicator_source_png\FX_TEX_06\Texture2D\fx_j_web_tile_01.png"
"05_Rectangle_Fill_Tile_Range_Broad","FX_TEX_06","fx_m_hexagon_tilerefine_01_1.png","512","512","1","range/tile/floor possible fill","D:\Dwonloads\umodel_lostark_v7\extracted\lostark_ground_indicator_source_png\FX_TEX_06\Texture2D\fx_m_hexagon_tilerefine_01_1.png"
"05_Rectangle_Fill_Tile_Range_Broad","FX_TEX_06","fx_m_smoketile_01.png","128","128","1","range/tile/floor possible fill","D:\Dwonloads\umodel_lostark_v7\extracted\lostark_ground_indicator_source_png\FX_TEX_06\Texture2D\fx_m_smoketile_01.png"
"05_Rectangle_Fill_Tile_Range_Broad","FX_TEX_06","fx_m_smoketile_02.png","512","512","1","range/tile/floor possible fill","D:\Dwonloads\umodel_lostark_v7\extracted\lostark_ground_indicator_source_png\FX_TEX_06\Texture2D\fx_m_smoketile_02.png"
"05_Rectangle_Fill_Tile_Range_Broad","FX_TEX_06","fx_r_area_01_cl.png","256","256","1","range/tile/floor possible fill","D:\Dwonloads\umodel_lostark_v7\extracted\lostark_ground_indicator_source_png\FX_TEX_06\Texture2D\fx_r_area_01_cl.png"
"05_Rectangle_Fill_Tile_Range_Broad","FX_TEX_06","fx_r_area_02_cl.png","256","256","1","range/tile/floor possible fill","D:\Dwonloads\umodel_lostark_v7\extracted\lostark_ground_indicator_source_png\FX_TEX_06\Texture2D\fx_r_area_02_cl.png"
"05_Rectangle_Fill_Tile_Range_Broad","FX_TEX_06","fx_r_area_03_cl.png","256","256","1","range/tile/floor possible fill","D:\Dwonloads\umodel_lostark_v7\extracted\lostark_ground_indicator_source_png\FX_TEX_06\Texture2D\fx_r_area_03_cl.png"
"05_Rectangle_Fill_Tile_Range_Broad","FX_TEX_06","fx_r_area_04_cl.png","256","256","1","range/tile/floor possible fill","D:\Dwonloads\umodel_lostark_v7\extracted\lostark_ground_indicator_source_png\FX_TEX_06\Texture2D\fx_r_area_04_cl.png"
"05_Rectangle_Fill_Tile_Range_Broad","FX_TEX_06","fx_r_area_05_cl.png","256","256","1","range/tile/floor possible fill","D:\Dwonloads\umodel_lostark_v7\extracted\lostark_ground_indicator_source_png\FX_TEX_06\Texture2D\fx_r_area_05_cl.png"
"05_Rectangle_Fill_Tile_Range_Broad","FX_TEX_06","fx_r_area_06_cl.png","256","256","1","range/tile/floor possible fill","D:\Dwonloads\umodel_lostark_v7\extracted\lostark_ground_indicator_source_png\FX_TEX_06\Texture2D\fx_r_area_06_cl.png"
"05_Rectangle_Fill_Tile_Range_Broad","FX_TEX_06","fx_r_area_07.png","128","128","1","range/tile/floor possible fill","D:\Dwonloads\umodel_lostark_v7\extracted\lostark_ground_indicator_source_png\FX_TEX_06\Texture2D\fx_r_area_07.png"
"05_Rectangle_Fill_Tile_Range_Broad","FX_TEX_06","fx_t_electile_01.png","256","256","1","range/tile/floor possible fill","D:\Dwonloads\umodel_lostark_v7\extracted\lostark_ground_indicator_source_png\FX_TEX_06\Texture2D\fx_t_electile_01.png"
"05_Rectangle_Fill_Tile_Range_Broad","FX_TEX_HIGH_02","fx_l_ground_89_d.png","1024","1024","1","range/tile/floor possible fill","D:\Dwonloads\umodel_lostark_v7\extracted\lostark_ground_indicator_source_png\FX_TEX_HIGH_02\Texture2D\fx_l_ground_89_d.png"
"05_Rectangle_Fill_Tile_Range_Broad","FX_TEX_HIGH_03","fx_j_diffusemap_tile_01.png","1024","1024","1","range/tile/floor possible fill","D:\Dwonloads\umodel_lostark_v7\extracted\lostark_ground_indicator_source_png\FX_TEX_HIGH_03\Texture2D\fx_j_diffusemap_tile_01.png"
"05_Rectangle_Fill_Tile_Range_Broad","FX_TEX_HIGH_03","fx_j_diffusemap_tile_02.png","512","512","1","range/tile/floor possible fill","D:\Dwonloads\umodel_lostark_v7\extracted\lostark_ground_indicator_source_png\FX_TEX_HIGH_03\Texture2D\fx_j_diffusemap_tile_02.png"
"05_Rectangle_Fill_Tile_Range_Broad","FX_TEX_HIGH_03","fx_j_diffusemap_tile_03.png","512","512","1","range/tile/floor possible fill","D:\Dwonloads\umodel_lostark_v7\extracted\lostark_ground_indicator_source_png\FX_TEX_HIGH_03\Texture2D\fx_j_diffusemap_tile_03.png"
"05_Rectangle_Fill_Tile_Range_Broad","FX_TEX_HIGH_03","fx_j_golemskin_tile_01.png","1024","1024","1","range/tile/floor possible fill","D:\Dwonloads\umodel_lostark_v7\extracted\lostark_ground_indicator_source_png\FX_TEX_HIGH_03\Texture2D\fx_j_golemskin_tile_01.png"
"05_Rectangle_Fill_Tile_Range_Broad","FX_TEX_HIGH_03","fx_j_noise_tile_01.png","1024","1024","1","range/tile/floor possible fill","D:\Dwonloads\umodel_lostark_v7\extracted\lostark_ground_indicator_source_png\FX_TEX_HIGH_03\Texture2D\fx_j_noise_tile_01.png"
"05_Rectangle_Fill_Tile_Range_Broad","FX_TEX_HIGH_03","fx_l_lim_nukcy_floor_01.png","1024","1024","1","range/tile/floor possible fill","D:\Dwonloads\umodel_lostark_v7\extracted\lostark_ground_indicator_source_png\FX_TEX_HIGH_03\Texture2D\fx_l_lim_nukcy_floor_01.png"
"05_Rectangle_Fill_Tile_Range_Broad","FX_TEX_NOMIPMAP_00","fx_k_checktile_01.png","1024","1024","1","range/tile/floor possible fill","D:\Dwonloads\umodel_lostark_v7\extracted\lostark_ground_indicator_source_png\FX_TEX_NOMIPMAP_00\Texture2D\fx_k_checktile_01.png"
"05_Rectangle_Fill_Tile_Range_Broad","LV_GROUND_01","lv_common_ground_08_d.png","512","512","1","range/tile/floor possible fill","D:\Dwonloads\umodel_lostark_v7\extracted\lostark_ground_indicator_source_png\LV_GROUND_01\Texture2D\lv_common_ground_08_d.png"
"08_MaterialMaps_For_Rectangle_NotPrimary","FX_TEX_05","fx_n_line_01.png","64","64","1","material map companion for rectangle candidate","D:\Dwonloads\umodel_lostark_v7\extracted\lostark_ground_indicator_source_png\FX_TEX_05\Texture2D\fx_n_line_01.png"
"08_MaterialMaps_For_Rectangle_NotPrimary","FX_TEX_06","fx_j_line_05_normalbc5.png","512","512","1","material map companion for rectangle candidate","D:\Dwonloads\umodel_lostark_v7\extracted\lostark_ground_indicator_source_png\FX_TEX_06\Texture2D\fx_j_line_05_normalbc5.png"
"08_MaterialMaps_For_Rectangle_NotPrimary","FX_TEX_06","fx_m_dragonskin_line_normal_01.png","512","512","1","material map companion for rectangle candidate","D:\Dwonloads\umodel_lostark_v7\extracted\lostark_ground_indicator_source_png\FX_TEX_06\Texture2D\fx_m_dragonskin_line_normal_01.png"
"08_MaterialMaps_For_Rectangle_NotPrimary","FX_TEX_06","fx_m_dragonskin_line_normal_02.png","512","512","1","material map companion for rectangle candidate","D:\Dwonloads\umodel_lostark_v7\extracted\lostark_ground_indicator_source_png\FX_TEX_06\Texture2D\fx_m_dragonskin_line_normal_02.png"
"08_MaterialMaps_For_Rectangle_NotPrimary","FX_TEX_06","fx_m_dragonskin_line_normal_03.png","512","512","1","material map companion for rectangle candidate","D:\Dwonloads\umodel_lostark_v7\extracted\lostark_ground_indicator_source_png\FX_TEX_06\Texture2D\fx_m_dragonskin_line_normal_03.png"
"08_MaterialMaps_For_Rectangle_NotPrimary","FX_TEX_06","fx_m_normallinenoise_01.png","128","128","1","material map companion for rectangle candidate","D:\Dwonloads\umodel_lostark_v7\extracted\lostark_ground_indicator_source_png\FX_TEX_06\Texture2D\fx_m_normallinenoise_01.png"
"08_MaterialMaps_For_Rectangle_NotPrimary","FX_TEX_06","fx_m_normallinenoiseaxis_01.png","128","128","1","material map companion for rectangle candidate","D:\Dwonloads\umodel_lostark_v7\extracted\lostark_ground_indicator_source_png\FX_TEX_06\Texture2D\fx_m_normallinenoiseaxis_01.png"
"08_MaterialMaps_For_Rectangle_NotPrimary","FX_TEX_06","fx_n_crackline_rgba_01.png","512","512","1","material map companion for rectangle candidate","D:\Dwonloads\umodel_lostark_v7\extracted\lostark_ground_indicator_source_png\FX_TEX_06\Texture2D\fx_n_crackline_rgba_01.png"
"08_MaterialMaps_For_Rectangle_NotPrimary","FX_TEX_06","fx_n_crackline_rgba_02.png","512","512","1","material map companion for rectangle candidate","D:\Dwonloads\umodel_lostark_v7\extracted\lostark_ground_indicator_source_png\FX_TEX_06\Texture2D\fx_n_crackline_rgba_02.png"
"08_MaterialMaps_For_Rectangle_NotPrimary","FX_TEX_06","fx_n_crackline_rgba_03.png","512","512","1","material map companion for rectangle candidate","D:\Dwonloads\umodel_lostark_v7\extracted\lostark_ground_indicator_source_png\FX_TEX_06\Texture2D\fx_n_crackline_rgba_03.png"
"08_MaterialMaps_For_Rectangle_NotPrimary","FX_TEX_06","fx_n_crackline_rgba_04.png","512","512","1","material map companion for rectangle candidate","D:\Dwonloads\umodel_lostark_v7\extracted\lostark_ground_indicator_source_png\FX_TEX_06\Texture2D\fx_n_crackline_rgba_04.png"
"08_MaterialMaps_For_Rectangle_NotPrimary","FX_TEX_06","fx_n_line_01.png","512","512","1","material map companion for rectangle candidate","D:\Dwonloads\umodel_lostark_v7\extracted\lostark_ground_indicator_source_png\FX_TEX_06\Texture2D\fx_n_line_01.png"
"08_MaterialMaps_For_Rectangle_NotPrimary","FX_TEX_06","fx_n_line_011.png","256","256","1","material map companion for rectangle candidate","D:\Dwonloads\umodel_lostark_v7\extracted\lostark_ground_indicator_source_png\FX_TEX_06\Texture2D\fx_n_line_011.png"
"08_MaterialMaps_For_Rectangle_NotPrimary","FX_TEX_06","fx_n_linegra_01.png","512","512","1","material map companion for rectangle candidate","D:\Dwonloads\umodel_lostark_v7\extracted\lostark_ground_indicator_source_png\FX_TEX_06\Texture2D\fx_n_linegra_01.png"
"08_MaterialMaps_For_Rectangle_NotPrimary","FX_TEX_06","fx_n_pp_line02.png","512","512","1","material map companion for rectangle candidate","D:\Dwonloads\umodel_lostark_v7\extracted\lostark_ground_indicator_source_png\FX_TEX_06\Texture2D\fx_n_pp_line02.png"
